{"sections":{"main":{"type":"main-article","blocks":{"b9b26636-4100-497f-bd96-33811ff69949":{"type":"tags","settings":{"blog_tags_type":"links"}},"f7fb3fae-1127-45cc-ad5a-6e59418b6ef5":{"type":"title","settings":{"blog_show_date":true,"blog_show_author":true}},"49dec847-5c39-4243-98ff-d31ae7b80081":{"type":"featured_image","settings":{}},"86ec49f0-5185-4270-96d6-23ad2d7aecdc":{"type":"content","settings":{}}},"block_order":["b9b26636-4100-497f-bd96-33811ff69949","f7fb3fae-1127-45cc-ad5a-6e59418b6ef5","49dec847-5c39-4243-98ff-d31ae7b80081","86ec49f0-5185-4270-96d6-23ad2d7aecdc"],"settings":{"color_scheme_text":"text-colors-secondary","color_scheme_background":"background-colors-default","show_back_to_blog_button":true,"show_socials_sharing":true,"comments_per_page":5,"comments_color_scheme_text":"text-colors-secondary","comments_color_scheme_background":"background-colors-accent-1"}}},"order":["main"]}