{"sections":{"banner":{"type":"main-blog-banner","settings":{"color_scheme_text":"text-colors-default","color_scheme_background":"background-colors-default"}},"main":{"type":"main-blog","blocks":{"e9c6e889-92f7-4807-b686-05a9bfe93a90":{"type":"text-card","settings":{"color_scheme_text":"text-colors-secondary","color_scheme_background":"background-colors-accent-1","position":3,"title":"Behind the brand: Find out more about the orgins of sahara","button_text":"Read more","button_url":"\/"}}},"block_order":["e9c6e889-92f7-4807-b686-05a9bfe93a90"],"settings":{"color_scheme_text":"text-colors-default","color_scheme_background":"background-colors-default","enable_filtering_by_tags":true,"articles_per_page":5,"column_gap_desktop":0.2,"column_gap_mobile":0.2,"show_excerpt":true,"show_date":false,"show_author":false}}},"order":["banner","main"]}