{"sections":{"main":{"type":"main-cart","settings":{"color_scheme_text":"text-colors-default","color_scheme_background":"background-colors-default"}},"13608375-b086-4634-863b-df6b4d0bc7ca":{"type":"product-recommendations","settings":{"padding_vertical_desktop":"","padding_vertical_mobile":"","layout":"layout-1","gap_between_desktop":2,"gap_between_mobile":2,"color_scheme_text":"text-colors-default","color_scheme_background":"background-colors-accent-1","title":"You may also like","max_products":8,"show_unavailable_products":false}}},"order":["main","13608375-b086-4634-863b-df6b4d0bc7ca"]}