{"sections":{"banner":{"type":"main-collection-banner","disabled":true,"settings":{"banner_layout":"banner--full","color_scheme_text":"color-text-primary","color_scheme_text_no_image":"text-colors-default","color_scheme_background":"background-colors-accent-2"}},"main":{"type":"main-collection","blocks":{"96d74506-d90d-4c41-b78f-4d67853600e5":{"type":"text-card","settings":{"color_scheme_text":"color-text-inverse","color_scheme_background":"background-colors-accent-2","position":7,"title":"Designed by women, for all women, from petite to grande","button_text":"","button_url":""}}},"block_order":["96d74506-d90d-4c41-b78f-4d67853600e5"],"disabled":true,"custom_css":[".collection__grid {column-gap: 0px;}"],"settings":{"color_scheme_text":"color-text-primary","color_scheme_background":"background-colors-default","enable_products_count":true,"enable_sorting":true,"enable_filters":true,"button_style":"button--filter","sidebar_navigation":"","column_gap_desktop":0.2,"column_gap_mobile":0.2,"products_per_page":19,"products_per_row_default":"4","products_per_row_ui":true}},"42a3bde4-7eea-4438-999d-01270e507715":{"type":"image-with-text","blocks":{"template--14745415581773__42a3bde4-7eea-4438-999d-01270e507715-text-1":{"type":"text","settings":{"text_align_desktop":"text-center-desktop","text_align_mobile":"text-center","title":"","content":"<h3>Spring\/Summer 2021<\/h3>","button_separator":false,"button_text":"Button label","button_url":"","button_style":"button--outlined"}}},"block_order":["template--14745415581773__42a3bde4-7eea-4438-999d-01270e507715-text-1"],"settings":{"padding_vertical_desktop":"","padding_vertical_mobile":"pt-0-mobile-small pb-0-mobile-small","color_scheme_text":"text-colors-default","color_scheme_background":"background-colors-default"}},"00826e91-4b4f-41cf-9ba1-2dc23ae5123f":{"type":"hero-banner","blocks":{"db9d4a3f-0ed6-46e6-91b8-dc85793f1978":{"type":"slide","disabled":true,"settings":{"banner_layout":"hero-banner--30-70","color_scheme_text":"text-colors-secondary","color_scheme_background":"background-colors-accent-2","image":"shopify:\/\/shop_images\/IMG_0414.jpg","video_external":"","enable_media_overlay_desktop":true,"video_external_mobile":"","enable_media_overlay_mobile":true,"content_position_horizontal":"align-center text-center","content_position_vertical":"justify-end","subtitle":"Some text","subtitle_url":"","title":"","content":"<h2>SPRING\/SUMMER 2021<\/h2><p><\/p>","enable_vertical_line":true,"button_style":"button--outlined-inverse","button_text":"View more","button_url":"\/"}}},"block_order":["db9d4a3f-0ed6-46e6-91b8-dc85793f1978"],"settings":{"slider_autoplay":true,"slider_autoplay_interval":3,"slider_arrows":false,"slider_arrows_position":"hero__swiper-buttons--sides","slider_arrows_color":"text-colors-inverse"}},"9dc3ab92-4701-4bf4-b633-74b0887e67ce":{"type":"dual-tiles","blocks":{"47989d2b-8e06-4eb2-a9a9-286a4803884c":{"type":"tile","settings":{"color_scheme_text":"text-colors-default","color_scheme_background":"background-colors-accent-1","image_desktop":"shopify:\/\/shop_images\/IMG_0536.jpg","video_desktop_external":"","video_mobile_external":"","content_position_horizontal":"text-center align-center","content_position_vertical":"justify-center","title":"","text_size":1,"button_style":"button--filled","button_text":"","button_url":"","content_layout":"content--relative","block_margin_left":0,"block_margin_right":0,"block_padding_top":0,"block_padding_bottom":0,"block_padding_left":0,"block_padding_right":0}},"9b6e7317-d52b-4efc-90e6-8f624b1c34a5":{"type":"tile","settings":{"color_scheme_text":"text-colors-default","color_scheme_background":"background-colors-accent-2","image_desktop":"shopify:\/\/shop_images\/IMG_0320-Edit.jpg","video_desktop_external":"","video_mobile_external":"","content_position_horizontal":"text-center align-center","content_position_vertical":"justify-center","title":"","text_size":1,"button_style":"button--filled","button_text":"","button_url":"","content_layout":"content--relative","block_margin_left":0,"block_margin_right":0,"block_padding_top":0,"block_padding_bottom":0,"block_padding_left":0,"block_padding_right":0}}},"block_order":["47989d2b-8e06-4eb2-a9a9-286a4803884c","9b6e7317-d52b-4efc-90e6-8f624b1c34a5"],"settings":{"section_width":"max-w-page","section_height":65,"layout":"section-dual-tiles--50-50","gap_between_tiles":0,"spacing_top_desktop":0,"spacing_bottom_desktop":0,"spacing_top_mobile":0,"spacing_bottom_mobile":0}},"ad0145c9-aa1c-44fc-969e-6bbd2b5a7b1b":{"type":"tab","blocks":{"template--14742459744333__ad0145c9-aa1c-44fc-969e-6bbd2b5a7b1b-tab-1":{"type":"tab","settings":{"title":"","m_image":"shopify:\/\/shop_images\/IMG_0424.jpg"}},"8b254d0a-7c5f-4295-9dc0-3e10bc29e94d":{"type":"tab","settings":{"title":"","m_image":"shopify:\/\/shop_images\/IMG_0063.jpg"}},"5f0a2ed5-ff48-4089-b637-7b925309ff6a":{"type":"tab","settings":{"title":"","m_image":"shopify:\/\/shop_images\/IMG_0257.jpg"}},"d68213d5-0dec-47ea-80dc-e7785684b197":{"type":"tab","settings":{"title":"","m_image":"shopify:\/\/shop_images\/IMG_0564.jpg"}}},"block_order":["template--14742459744333__ad0145c9-aa1c-44fc-969e-6bbd2b5a7b1b-tab-1","8b254d0a-7c5f-4295-9dc0-3e10bc29e94d","5f0a2ed5-ff48-4089-b637-7b925309ff6a","d68213d5-0dec-47ea-80dc-e7785684b197"],"settings":{"full_width":true,"content_size":"medium","subheading":"Subheading","title":"Heading","first_tab_open":false,"background":"","background_gradient":"","text_color":"","heading_color":"","heading_gradient":"","elements_per_row":4}},"6f885109-59c1-4917-b75d-7b08008687c4":{"type":"dual-tiles","blocks":{"cda2b440-8002-4a87-a557-04c1eda8dd60":{"type":"tile","settings":{"color_scheme_text":"text-colors-default","color_scheme_background":"background-colors-accent-1","image_desktop":"shopify:\/\/shop_images\/IMG_1875-Edit.jpg","video_desktop_external":"","video_mobile_external":"","content_position_horizontal":"text-center align-center","content_position_vertical":"justify-center","title":"","text_size":1,"button_style":"button--filled","button_text":"","button_url":"","content_layout":"content--relative","block_margin_left":0,"block_margin_right":0,"block_padding_top":0,"block_padding_bottom":0,"block_padding_left":0,"block_padding_right":0}},"5acb2cbc-2b22-41e6-bedb-90eb35a172c9":{"type":"tile","settings":{"color_scheme_text":"text-colors-default","color_scheme_background":"background-colors-accent-2","image_desktop":"shopify:\/\/shop_images\/IMG_0186.jpg","video_desktop_external":"","video_mobile_external":"","content_position_horizontal":"text-center align-center","content_position_vertical":"justify-center","title":"","text_size":1,"button_style":"button--filled","button_text":"","button_url":"","content_layout":"content--relative","block_margin_left":0,"block_margin_right":0,"block_padding_top":0,"block_padding_bottom":0,"block_padding_left":0,"block_padding_right":0}}},"block_order":["cda2b440-8002-4a87-a557-04c1eda8dd60","5acb2cbc-2b22-41e6-bedb-90eb35a172c9"],"settings":{"section_width":"max-w-page","section_height":65,"layout":"section-dual-tiles--50-50","gap_between_tiles":0,"spacing_top_desktop":0,"spacing_bottom_desktop":0,"spacing_top_mobile":0,"spacing_bottom_mobile":0}},"1f4fe807-641b-4c5e-9ba5-cebf574bb359":{"type":"tab","blocks":{"template--14742459744333__1f4fe807-641b-4c5e-9ba5-cebf574bb359-tab-1":{"type":"tab","settings":{"title":"","m_image":"shopify:\/\/shop_images\/IMG_1454.jpg"}},"4f1b8858-62ab-4f4a-a3a7-c03927c10080":{"type":"tab","settings":{"title":"","m_image":"shopify:\/\/shop_images\/IMG_1723.jpg"}},"084368c1-4afd-4401-a223-5b518ea46402":{"type":"tab","settings":{"title":"","m_image":"shopify:\/\/shop_images\/IMG_1919.jpg"}},"ecb78ebe-994e-4e9b-a7fb-3d9e7c72cb38":{"type":"tab","settings":{"title":"","m_image":"shopify:\/\/shop_images\/IMG_1842.jpg"}}},"block_order":["template--14742459744333__1f4fe807-641b-4c5e-9ba5-cebf574bb359-tab-1","4f1b8858-62ab-4f4a-a3a7-c03927c10080","084368c1-4afd-4401-a223-5b518ea46402","ecb78ebe-994e-4e9b-a7fb-3d9e7c72cb38"],"settings":{"full_width":true,"content_size":"medium","subheading":"Subheading","title":"Heading","first_tab_open":false,"background":"","background_gradient":"","text_color":"","heading_color":"","heading_gradient":"","elements_per_row":4}},"e638a0d3-4b98-4a64-92a6-3c670e4fe156":{"type":"dual-tiles","blocks":{"06444a79-d6be-4324-9c6c-7e10bc179935":{"type":"tile","settings":{"color_scheme_text":"text-colors-default","color_scheme_background":"background-colors-accent-1","image_desktop":"shopify:\/\/shop_images\/IMG_0876.jpg","video_desktop_external":"","video_mobile_external":"","content_position_horizontal":"text-center align-center","content_position_vertical":"justify-center","title":"","text_size":1,"button_style":"button--filled","button_text":"","button_url":"","content_layout":"content--relative","block_margin_left":0,"block_margin_right":0,"block_padding_top":0,"block_padding_bottom":0,"block_padding_left":0,"block_padding_right":0}},"46ddb994-3a65-4a77-839d-1f16daf268a2":{"type":"tile","settings":{"color_scheme_text":"text-colors-default","color_scheme_background":"background-colors-accent-2","image_desktop":"shopify:\/\/shop_images\/IMG_1786-Edit.jpg","video_desktop_external":"","video_mobile_external":"","content_position_horizontal":"text-center align-center","content_position_vertical":"justify-center","title":"","text_size":1,"button_style":"button--filled","button_text":"","button_url":"","content_layout":"content--relative","block_margin_left":0,"block_margin_right":0,"block_padding_top":0,"block_padding_bottom":0,"block_padding_left":0,"block_padding_right":0}}},"block_order":["06444a79-d6be-4324-9c6c-7e10bc179935","46ddb994-3a65-4a77-839d-1f16daf268a2"],"settings":{"section_width":"max-w-page","section_height":65,"layout":"section-dual-tiles--50-50","gap_between_tiles":0,"spacing_top_desktop":0,"spacing_bottom_desktop":0,"spacing_top_mobile":0,"spacing_bottom_mobile":0}},"663c1b49-b349-486d-824e-897e6f308149":{"type":"tab","blocks":{"8cd3fec4-4c4e-4a9f-a585-6ef41fde762f":{"type":"tab","settings":{"title":"","m_image":"shopify:\/\/shop_images\/IMG_0651.jpg"}},"040d084d-3369-4489-bbf3-eaa3a82433be":{"type":"tab","settings":{"title":"","m_image":"shopify:\/\/shop_images\/IMG_0817-Edit.jpg"}},"89002283-6e87-4c04-b267-f2519fd489b2":{"type":"tab","settings":{"title":"","m_image":"shopify:\/\/shop_images\/IMG_1895.jpg"}},"faf88ce2-b988-468a-9b29-99f3977086f9":{"type":"tab","settings":{"title":"","m_image":"shopify:\/\/shop_images\/IMG_1447.jpg"}},"8ed26f79-e81b-4807-9660-8b591da6583d":{"type":"tab","settings":{"title":"","m_image":"shopify:\/\/shop_images\/IMG_0617.jpg"}},"2fca0fc1-33a0-4393-a85e-47780148646d":{"type":"tab","settings":{"title":"","m_image":"shopify:\/\/shop_images\/IMG_0771.jpg"}},"8efe2525-f63b-481c-8519-3d089b738e17":{"type":"tab","settings":{"title":"","m_image":"shopify:\/\/shop_images\/IMG_1540.jpg"}},"3530c905-8a98-45c8-8534-1e3325783eac":{"type":"tab","settings":{"title":"","m_image":"shopify:\/\/shop_images\/IMG_1909-Edit-2.jpg"}}},"block_order":["8cd3fec4-4c4e-4a9f-a585-6ef41fde762f","040d084d-3369-4489-bbf3-eaa3a82433be","89002283-6e87-4c04-b267-f2519fd489b2","faf88ce2-b988-468a-9b29-99f3977086f9","8ed26f79-e81b-4807-9660-8b591da6583d","2fca0fc1-33a0-4393-a85e-47780148646d","8efe2525-f63b-481c-8519-3d089b738e17","3530c905-8a98-45c8-8534-1e3325783eac"],"settings":{"full_width":true,"content_size":"medium","subheading":"Subheading","title":"Heading","first_tab_open":false,"background":"","background_gradient":"","text_color":"","heading_color":"","heading_gradient":"","elements_per_row":4}},"33ccf234-1b7b-46ee-bf22-cab564d15ba6":{"type":"dual-tiles","blocks":{"20e9bf61-3a02-48f7-998c-81105f545026":{"type":"tile","settings":{"color_scheme_text":"text-colors-default","color_scheme_background":"background-colors-accent-1","image_desktop":"shopify:\/\/shop_images\/IMG_0193-Edit.jpg","video_desktop_external":"","video_mobile_external":"","content_position_horizontal":"text-center align-center","content_position_vertical":"justify-center","title":"","text_size":1,"button_style":"button--filled","button_text":"","button_url":"","content_layout":"content--relative","block_margin_left":0,"block_margin_right":0,"block_padding_top":0,"block_padding_bottom":0,"block_padding_left":0,"block_padding_right":0}},"e5342ef4-aaa0-49b5-b220-6fe8843b5b97":{"type":"tile","settings":{"color_scheme_text":"text-colors-default","color_scheme_background":"background-colors-accent-2","image_desktop":"shopify:\/\/shop_images\/IMG_0209-Edit.jpg","video_desktop_external":"","video_mobile_external":"","content_position_horizontal":"text-center align-center","content_position_vertical":"justify-center","title":"","text_size":1,"button_style":"button--filled","button_text":"","button_url":"","content_layout":"content--relative","block_margin_left":0,"block_margin_right":0,"block_padding_top":0,"block_padding_bottom":0,"block_padding_left":0,"block_padding_right":0}}},"block_order":["20e9bf61-3a02-48f7-998c-81105f545026","e5342ef4-aaa0-49b5-b220-6fe8843b5b97"],"settings":{"section_width":"max-w-page","section_height":65,"layout":"section-dual-tiles--50-50","gap_between_tiles":0,"spacing_top_desktop":0,"spacing_bottom_desktop":0,"spacing_top_mobile":0,"spacing_bottom_mobile":0}},"6dcf2528-764a-46b8-8bf5-b1e1eca82070":{"type":"tab","blocks":{"8dfad33b-f0cc-4f1b-a7e4-985f77260e04":{"type":"tab","settings":{"title":"","m_image":"shopify:\/\/shop_images\/IMG_0299-Edit.jpg"}},"1ec968fa-5fec-4b24-ae9f-511ff9be0ff6":{"type":"tab","settings":{"title":"","m_image":"shopify:\/\/shop_images\/IMG_0853.jpg"}},"42d680f7-5327-442f-99c0-f24c8adae39c":{"type":"tab","settings":{"title":"","m_image":"shopify:\/\/shop_images\/IMG_1509.jpg"}},"e8fa6356-1b0c-43f1-a9ad-55476587d561":{"type":"tab","settings":{"title":"","m_image":"shopify:\/\/shop_images\/IMG_1598.jpg"}}},"block_order":["8dfad33b-f0cc-4f1b-a7e4-985f77260e04","1ec968fa-5fec-4b24-ae9f-511ff9be0ff6","42d680f7-5327-442f-99c0-f24c8adae39c","e8fa6356-1b0c-43f1-a9ad-55476587d561"],"settings":{"full_width":true,"content_size":"medium","subheading":"Subheading","title":"Heading","first_tab_open":false,"background":"","background_gradient":"","text_color":"","heading_color":"","heading_gradient":"","elements_per_row":4}},"8d0b9587-c30d-4891-a93e-3f17ec2ad998":{"type":"dual-tiles","blocks":{"602c94b1-4ebe-4d1a-88f8-18fa60061c33":{"type":"tile","settings":{"color_scheme_text":"text-colors-default","color_scheme_background":"background-colors-accent-1","image_desktop":"shopify:\/\/shop_images\/IMG_0524.jpg","video_desktop_external":"","video_mobile_external":"","content_position_horizontal":"text-center align-center","content_position_vertical":"justify-center","title":"","text_size":1,"button_style":"button--filled","button_text":"","button_url":"","content_layout":"content--relative","block_margin_left":0,"block_margin_right":0,"block_padding_top":0,"block_padding_bottom":0,"block_padding_left":0,"block_padding_right":0}},"52febc3f-2978-4111-8814-4983f80ae1ca":{"type":"tile","settings":{"color_scheme_text":"text-colors-default","color_scheme_background":"background-colors-accent-2","image_desktop":"shopify:\/\/shop_images\/IMG_1349.jpg","video_desktop_external":"","video_mobile_external":"","content_position_horizontal":"text-center align-center","content_position_vertical":"justify-center","title":"","text_size":1,"button_style":"button--filled","button_text":"","button_url":"","content_layout":"content--relative","block_margin_left":0,"block_margin_right":0,"block_padding_top":0,"block_padding_bottom":0,"block_padding_left":0,"block_padding_right":0}}},"block_order":["602c94b1-4ebe-4d1a-88f8-18fa60061c33","52febc3f-2978-4111-8814-4983f80ae1ca"],"settings":{"section_width":"max-w-page","section_height":65,"layout":"section-dual-tiles--50-50","gap_between_tiles":0,"spacing_top_desktop":0,"spacing_bottom_desktop":0,"spacing_top_mobile":0,"spacing_bottom_mobile":0}},"32eab221-8102-46b0-b005-63ebefd4aff1":{"type":"tab","blocks":{"003dc4de-19a0-4aaf-b3e2-5a7c9be50df8":{"type":"tab","settings":{"title":"","m_image":"shopify:\/\/shop_images\/IMG_1537.jpg"}},"34a9eae8-eeb4-4e80-9fce-62fbbed2dae0":{"type":"tab","settings":{"title":"","m_image":"shopify:\/\/shop_images\/IMG_1905-Edit-2.jpg"}},"30a8aa74-166e-4056-aece-b93b18ad6b87":{"type":"tab","settings":{"title":"","m_image":"shopify:\/\/shop_images\/IMG_0060.jpg"}},"d529ec5a-9993-4fb9-948b-52e52135511b":{"type":"tab","settings":{"title":"","m_image":"shopify:\/\/shop_images\/IMG_1019-Edit.jpg"}}},"block_order":["003dc4de-19a0-4aaf-b3e2-5a7c9be50df8","34a9eae8-eeb4-4e80-9fce-62fbbed2dae0","30a8aa74-166e-4056-aece-b93b18ad6b87","d529ec5a-9993-4fb9-948b-52e52135511b"],"settings":{"full_width":true,"content_size":"medium","subheading":"Subheading","title":"Heading","first_tab_open":false,"background":"","background_gradient":"","text_color":"","heading_color":"","heading_gradient":"","elements_per_row":4}}},"order":["banner","main","42a3bde4-7eea-4438-999d-01270e507715","00826e91-4b4f-41cf-9ba1-2dc23ae5123f","9dc3ab92-4701-4bf4-b633-74b0887e67ce","ad0145c9-aa1c-44fc-969e-6bbd2b5a7b1b","6f885109-59c1-4917-b75d-7b08008687c4","1f4fe807-641b-4c5e-9ba5-cebf574bb359","e638a0d3-4b98-4a64-92a6-3c670e4fe156","663c1b49-b349-486d-824e-897e6f308149","33ccf234-1b7b-46ee-bf22-cab564d15ba6","6dcf2528-764a-46b8-8bf5-b1e1eca82070","8d0b9587-c30d-4891-a93e-3f17ec2ad998","32eab221-8102-46b0-b005-63ebefd4aff1"]}