{"sections":{"banner":{"type":"main-collection-banner","disabled":true,"settings":{"banner_layout":"banner--full","color_scheme_text":"color-text-primary","color_scheme_text_no_image":"text-colors-default","color_scheme_background":"background-colors-accent-2"}},"main":{"type":"main-collection","blocks":{"96d74506-d90d-4c41-b78f-4d67853600e5":{"type":"text-card","settings":{"color_scheme_text":"color-text-inverse","color_scheme_background":"background-colors-accent-2","position":7,"title":"Designed by women, for all women, from petite to grande","button_text":"","button_url":""}}},"block_order":["96d74506-d90d-4c41-b78f-4d67853600e5"],"disabled":true,"custom_css":[".collection__grid {column-gap: 0px;}"],"settings":{"color_scheme_text":"color-text-primary","color_scheme_background":"background-colors-default","enable_products_count":true,"enable_sorting":true,"enable_filters":true,"button_style":"button--filter","sidebar_navigation":"","column_gap_desktop":0.2,"column_gap_mobile":0.2,"products_per_page":19,"products_per_row_default":"4","products_per_row_ui":true}},"1b3c1fab-5126-459b-ae0b-e4fca01aee9c":{"type":"image-with-text","blocks":{"template--14745415417933__1b3c1fab-5126-459b-ae0b-e4fca01aee9c-text-1":{"type":"text","settings":{"text_align_desktop":"text-center-desktop","text_align_mobile":"text-center","title":"","content":"<h2>Fall\/Winter 2021<\/h2>","button_separator":false,"button_text":"Button label","button_url":"","button_style":"button--outlined"}}},"block_order":["template--14745415417933__1b3c1fab-5126-459b-ae0b-e4fca01aee9c-text-1"],"settings":{"padding_vertical_desktop":"","padding_vertical_mobile":"pt-0-mobile-small pb-0-mobile-small","color_scheme_text":"text-colors-default","color_scheme_background":"background-colors-default"}},"00826e91-4b4f-41cf-9ba1-2dc23ae5123f":{"type":"hero-banner","blocks":{"db9d4a3f-0ed6-46e6-91b8-dc85793f1978":{"type":"slide","settings":{"banner_layout":"hero-banner--30-70","color_scheme_text":"text-colors-secondary","color_scheme_background":"background-colors-accent-2","image":"shopify:\/\/shop_images\/YAS223879_1.jpg","video_external":"","enable_media_overlay_desktop":true,"video_external_mobile":"","enable_media_overlay_mobile":true,"content_position_horizontal":"align-center text-center","content_position_vertical":"justify-end","subtitle":"Some text","subtitle_url":"shopify:\/\/collections\/fall-winter-21","title":"","content":"<h2>FALL\/WINTER 2021<\/h2><p><\/p>","enable_vertical_line":true,"button_style":"button--outlined-inverse","button_text":"View more","button_url":"\/"}}},"block_order":["db9d4a3f-0ed6-46e6-91b8-dc85793f1978"],"disabled":true,"settings":{"slider_autoplay":true,"slider_autoplay_interval":3,"slider_arrows":false,"slider_arrows_position":"hero__swiper-buttons--sides","slider_arrows_color":"text-colors-inverse"}},"9dc3ab92-4701-4bf4-b633-74b0887e67ce":{"type":"dual-tiles","blocks":{"47989d2b-8e06-4eb2-a9a9-286a4803884c":{"type":"tile","settings":{"color_scheme_text":"text-colors-default","color_scheme_background":"background-colors-accent-1","image_desktop":"shopify:\/\/shop_images\/YAS223791_6be49989-177c-4816-a098-a1ccfb083bc9.jpg","video_desktop_external":"","video_mobile_external":"","content_position_horizontal":"text-center align-center","content_position_vertical":"justify-center","title":"","text_size":1,"button_style":"button--filled","button_text":"","button_url":"","content_layout":"content--relative","block_margin_left":0,"block_margin_right":0,"block_padding_top":0,"block_padding_bottom":0,"block_padding_left":0,"block_padding_right":0}},"9b6e7317-d52b-4efc-90e6-8f624b1c34a5":{"type":"tile","settings":{"color_scheme_text":"text-colors-default","color_scheme_background":"background-colors-accent-2","image_desktop":"shopify:\/\/shop_images\/YAS223827.jpg","video_desktop_external":"","video_mobile_external":"","content_position_horizontal":"text-center align-center","content_position_vertical":"justify-center","title":"","text_size":1,"button_style":"button--filled","button_text":"","button_url":"","content_layout":"content--relative","block_margin_left":0,"block_margin_right":0,"block_padding_top":0,"block_padding_bottom":0,"block_padding_left":0,"block_padding_right":0}}},"block_order":["47989d2b-8e06-4eb2-a9a9-286a4803884c","9b6e7317-d52b-4efc-90e6-8f624b1c34a5"],"settings":{"section_width":"max-w-page","section_height":65,"layout":"section-dual-tiles--50-50","gap_between_tiles":0,"spacing_top_desktop":0,"spacing_bottom_desktop":0,"spacing_top_mobile":0,"spacing_bottom_mobile":0}},"ad0145c9-aa1c-44fc-969e-6bbd2b5a7b1b":{"type":"tab","blocks":{"template--14742459744333__ad0145c9-aa1c-44fc-969e-6bbd2b5a7b1b-tab-1":{"type":"tab","settings":{"title":"","m_image":"shopify:\/\/shop_images\/B6A1464.jpg"}},"5f0a2ed5-ff48-4089-b637-7b925309ff6a":{"type":"tab","settings":{"title":"","m_image":"shopify:\/\/shop_images\/B6A1283.jpg"}},"8b254d0a-7c5f-4295-9dc0-3e10bc29e94d":{"type":"tab","settings":{"title":"","m_image":"shopify:\/\/shop_images\/B6A2187.jpg"}},"d68213d5-0dec-47ea-80dc-e7785684b197":{"type":"tab","settings":{"title":"","m_image":"shopify:\/\/shop_images\/B6A2223.jpg"}}},"block_order":["template--14742459744333__ad0145c9-aa1c-44fc-969e-6bbd2b5a7b1b-tab-1","5f0a2ed5-ff48-4089-b637-7b925309ff6a","8b254d0a-7c5f-4295-9dc0-3e10bc29e94d","d68213d5-0dec-47ea-80dc-e7785684b197"],"settings":{"full_width":true,"content_size":"medium","subheading":"Subheading","title":"Heading","first_tab_open":false,"background":"","background_gradient":"","text_color":"","heading_color":"","heading_gradient":"","elements_per_row":4}},"6f885109-59c1-4917-b75d-7b08008687c4":{"type":"dual-tiles","blocks":{"cda2b440-8002-4a87-a557-04c1eda8dd60":{"type":"tile","settings":{"color_scheme_text":"text-colors-default","color_scheme_background":"background-colors-accent-1","image_desktop":"shopify:\/\/shop_images\/YAS222991.jpg","video_desktop_external":"","video_mobile_external":"","content_position_horizontal":"text-center align-center","content_position_vertical":"justify-center","title":"","text_size":1,"button_style":"button--filled","button_text":"","button_url":"","content_layout":"content--relative","block_margin_left":0,"block_margin_right":0,"block_padding_top":0,"block_padding_bottom":0,"block_padding_left":0,"block_padding_right":0}},"5acb2cbc-2b22-41e6-bedb-90eb35a172c9":{"type":"tile","settings":{"color_scheme_text":"text-colors-default","color_scheme_background":"background-colors-accent-2","image_desktop":"shopify:\/\/shop_images\/YAS221999.jpg","video_desktop_external":"","video_mobile_external":"","content_position_horizontal":"text-center align-center","content_position_vertical":"justify-center","title":"","text_size":1,"button_style":"button--filled","button_text":"","button_url":"","content_layout":"content--relative","block_margin_left":0,"block_margin_right":0,"block_padding_top":0,"block_padding_bottom":0,"block_padding_left":0,"block_padding_right":0}}},"block_order":["cda2b440-8002-4a87-a557-04c1eda8dd60","5acb2cbc-2b22-41e6-bedb-90eb35a172c9"],"settings":{"section_width":"max-w-page","section_height":65,"layout":"section-dual-tiles--50-50","gap_between_tiles":0,"spacing_top_desktop":0,"spacing_bottom_desktop":0,"spacing_top_mobile":0,"spacing_bottom_mobile":0}},"1f4fe807-641b-4c5e-9ba5-cebf574bb359":{"type":"tab","blocks":{"template--14742459744333__1f4fe807-641b-4c5e-9ba5-cebf574bb359-tab-1":{"type":"tab","settings":{"title":"","m_image":"shopify:\/\/shop_images\/YAS222836_53185c6f-8f70-4e1c-a87f-89e125d4f7c6.jpg"}},"4f1b8858-62ab-4f4a-a3a7-c03927c10080":{"type":"tab","settings":{"title":"","m_image":"shopify:\/\/shop_images\/YAS221883_98ed6c6e-acac-4eb4-ae50-1a2eca86e481.jpg"}},"084368c1-4afd-4401-a223-5b518ea46402":{"type":"tab","settings":{"title":"","m_image":"shopify:\/\/shop_images\/YAS223307_570e6e0b-a290-47e4-87ba-190cb56ab2d6.jpg"}},"ecb78ebe-994e-4e9b-a7fb-3d9e7c72cb38":{"type":"tab","settings":{"title":"","m_image":"shopify:\/\/shop_images\/YAS223113_251d80b5-1f36-4d02-b39b-cda490c4753a.jpg"}},"c7e7e20c-a288-4db0-ac81-8a3c0793500c":{"type":"tab","settings":{"title":"","m_image":"shopify:\/\/shop_images\/YAS223917.jpg"}},"34bfdfc7-f4ad-461b-af47-f25f20670f1f":{"type":"tab","settings":{"title":"","m_image":"shopify:\/\/shop_images\/YAS222380_c7e3cee3-caab-4b45-a1e5-c4d929544244.jpg"}},"993d8955-0031-4a35-b4a0-96b4d27205fb":{"type":"tab","settings":{"title":"","m_image":"shopify:\/\/shop_images\/YAS223272_7f20bf1e-8442-4f97-9c40-24c0bc4d07a0.jpg"}},"0810ad3c-d270-423f-b907-eb1b9fa0d140":{"type":"tab","settings":{"title":"","m_image":"shopify:\/\/shop_images\/YAS222342.jpg"}}},"block_order":["template--14742459744333__1f4fe807-641b-4c5e-9ba5-cebf574bb359-tab-1","4f1b8858-62ab-4f4a-a3a7-c03927c10080","084368c1-4afd-4401-a223-5b518ea46402","ecb78ebe-994e-4e9b-a7fb-3d9e7c72cb38","c7e7e20c-a288-4db0-ac81-8a3c0793500c","34bfdfc7-f4ad-461b-af47-f25f20670f1f","993d8955-0031-4a35-b4a0-96b4d27205fb","0810ad3c-d270-423f-b907-eb1b9fa0d140"],"settings":{"full_width":true,"content_size":"medium","subheading":"Subheading","title":"Heading","first_tab_open":false,"background":"","background_gradient":"","text_color":"","heading_color":"","heading_gradient":"","elements_per_row":4}},"e638a0d3-4b98-4a64-92a6-3c670e4fe156":{"type":"dual-tiles","blocks":{"06444a79-d6be-4324-9c6c-7e10bc179935":{"type":"tile","settings":{"color_scheme_text":"text-colors-default","color_scheme_background":"background-colors-accent-1","image_desktop":"shopify:\/\/shop_images\/B6A2306_copy_105bdd41-747e-41f4-89a3-8ba4b14bdf2a.jpg","video_desktop_external":"","video_mobile_external":"","content_position_horizontal":"text-center align-center","content_position_vertical":"justify-center","title":"","text_size":1,"button_style":"button--filled","button_text":"","button_url":"","content_layout":"content--relative","block_margin_left":0,"block_margin_right":0,"block_padding_top":0,"block_padding_bottom":0,"block_padding_left":0,"block_padding_right":0}},"46ddb994-3a65-4a77-839d-1f16daf268a2":{"type":"tile","settings":{"color_scheme_text":"text-colors-default","color_scheme_background":"background-colors-accent-2","image_desktop":"shopify:\/\/shop_images\/B6A1120.jpg","video_desktop_external":"","video_mobile_external":"","content_position_horizontal":"text-center align-center","content_position_vertical":"justify-center","title":"","text_size":1,"button_style":"button--filled","button_text":"","button_url":"","content_layout":"content--relative","block_margin_left":0,"block_margin_right":0,"block_padding_top":0,"block_padding_bottom":0,"block_padding_left":0,"block_padding_right":0}}},"block_order":["06444a79-d6be-4324-9c6c-7e10bc179935","46ddb994-3a65-4a77-839d-1f16daf268a2"],"settings":{"section_width":"max-w-page","section_height":65,"layout":"section-dual-tiles--50-50","gap_between_tiles":0,"spacing_top_desktop":0,"spacing_bottom_desktop":0,"spacing_top_mobile":0,"spacing_bottom_mobile":0}},"663c1b49-b349-486d-824e-897e6f308149":{"type":"tab","blocks":{"8cd3fec4-4c4e-4a9f-a585-6ef41fde762f":{"type":"tab","settings":{"title":"","m_image":"shopify:\/\/shop_images\/B6A0850.jpg"}},"040d084d-3369-4489-bbf3-eaa3a82433be":{"type":"tab","settings":{"title":"","m_image":"shopify:\/\/shop_images\/B6A1979.jpg"}},"89002283-6e87-4c04-b267-f2519fd489b2":{"type":"tab","settings":{"title":"","m_image":"shopify:\/\/shop_images\/B6A2181.jpg"}},"faf88ce2-b988-468a-9b29-99f3977086f9":{"type":"tab","settings":{"title":"","m_image":"shopify:\/\/shop_images\/B6A2161.jpg"}},"8ed26f79-e81b-4807-9660-8b591da6583d":{"type":"tab","settings":{"title":"","m_image":"shopify:\/\/shop_images\/B6A2095.jpg"}},"2fca0fc1-33a0-4393-a85e-47780148646d":{"type":"tab","settings":{"title":"","m_image":"shopify:\/\/shop_images\/B6A1418.jpg"}},"8efe2525-f63b-481c-8519-3d089b738e17":{"type":"tab","settings":{"title":"","m_image":"shopify:\/\/shop_images\/B6A0782.jpg"}},"3530c905-8a98-45c8-8534-1e3325783eac":{"type":"tab","settings":{"title":"","m_image":"shopify:\/\/shop_images\/B6A0916.jpg"}}},"block_order":["8cd3fec4-4c4e-4a9f-a585-6ef41fde762f","040d084d-3369-4489-bbf3-eaa3a82433be","89002283-6e87-4c04-b267-f2519fd489b2","faf88ce2-b988-468a-9b29-99f3977086f9","8ed26f79-e81b-4807-9660-8b591da6583d","2fca0fc1-33a0-4393-a85e-47780148646d","8efe2525-f63b-481c-8519-3d089b738e17","3530c905-8a98-45c8-8534-1e3325783eac"],"settings":{"full_width":true,"content_size":"medium","subheading":"Subheading","title":"Heading","first_tab_open":false,"background":"","background_gradient":"","text_color":"","heading_color":"","heading_gradient":"","elements_per_row":4}},"33ccf234-1b7b-46ee-bf22-cab564d15ba6":{"type":"dual-tiles","blocks":{"20e9bf61-3a02-48f7-998c-81105f545026":{"type":"tile","settings":{"color_scheme_text":"text-colors-default","color_scheme_background":"background-colors-accent-1","image_desktop":"shopify:\/\/shop_images\/YAS222589.jpg","video_desktop_external":"","video_mobile_external":"","content_position_horizontal":"text-center align-center","content_position_vertical":"justify-center","title":"","text_size":1,"button_style":"button--filled","button_text":"","button_url":"","content_layout":"content--relative","block_margin_left":0,"block_margin_right":0,"block_padding_top":0,"block_padding_bottom":0,"block_padding_left":0,"block_padding_right":0}},"e5342ef4-aaa0-49b5-b220-6fe8843b5b97":{"type":"tile","settings":{"color_scheme_text":"text-colors-default","color_scheme_background":"background-colors-accent-2","image_desktop":"shopify:\/\/shop_images\/YAS223492.jpg","video_desktop_external":"","video_mobile_external":"","content_position_horizontal":"text-center align-center","content_position_vertical":"justify-center","title":"","text_size":1,"button_style":"button--filled","button_text":"","button_url":"","content_layout":"content--relative","block_margin_left":0,"block_margin_right":0,"block_padding_top":0,"block_padding_bottom":0,"block_padding_left":0,"block_padding_right":0}}},"block_order":["20e9bf61-3a02-48f7-998c-81105f545026","e5342ef4-aaa0-49b5-b220-6fe8843b5b97"],"settings":{"section_width":"max-w-page","section_height":65,"layout":"section-dual-tiles--50-50","gap_between_tiles":0,"spacing_top_desktop":0,"spacing_bottom_desktop":0,"spacing_top_mobile":0,"spacing_bottom_mobile":0}},"6dcf2528-764a-46b8-8bf5-b1e1eca82070":{"type":"tab","blocks":{"8dfad33b-f0cc-4f1b-a7e4-985f77260e04":{"type":"tab","settings":{"title":"","m_image":"shopify:\/\/shop_images\/B6A1108.jpg"}},"42d680f7-5327-442f-99c0-f24c8adae39c":{"type":"tab","settings":{"title":"","m_image":"shopify:\/\/shop_images\/B6A1001_copy_636a47e5-3f1d-4c72-8fa0-164174e8a5ad.jpg"}},"1ec968fa-5fec-4b24-ae9f-511ff9be0ff6":{"type":"tab","settings":{"title":"","m_image":"shopify:\/\/shop_images\/B6A1096.jpg"}},"13d1db8d-b78c-46bc-8fad-ed9928239377":{"type":"tab","settings":{"title":"","m_image":"shopify:\/\/shop_images\/B6A1006_copy_f4ba6bc4-5d65-47b4-8bcb-4d29ed0ab4e7.jpg"}}},"block_order":["8dfad33b-f0cc-4f1b-a7e4-985f77260e04","42d680f7-5327-442f-99c0-f24c8adae39c","1ec968fa-5fec-4b24-ae9f-511ff9be0ff6","13d1db8d-b78c-46bc-8fad-ed9928239377"],"settings":{"full_width":true,"content_size":"medium","subheading":"Subheading","title":"Heading","first_tab_open":false,"background":"","background_gradient":"","text_color":"","heading_color":"","heading_gradient":"","elements_per_row":4}},"8d0b9587-c30d-4891-a93e-3f17ec2ad998":{"type":"dual-tiles","blocks":{"602c94b1-4ebe-4d1a-88f8-18fa60061c33":{"type":"tile","settings":{"color_scheme_text":"text-colors-default","color_scheme_background":"background-colors-accent-1","image_desktop":"shopify:\/\/shop_images\/YAS223235.jpg","video_desktop_external":"","video_mobile_external":"","content_position_horizontal":"text-center align-center","content_position_vertical":"justify-center","title":"","text_size":1,"button_style":"button--filled","button_text":"","button_url":"","content_layout":"content--relative","block_margin_left":0,"block_margin_right":0,"block_padding_top":0,"block_padding_bottom":0,"block_padding_left":0,"block_padding_right":0}},"52febc3f-2978-4111-8814-4983f80ae1ca":{"type":"tile","settings":{"color_scheme_text":"text-colors-default","color_scheme_background":"background-colors-accent-2","image_desktop":"shopify:\/\/shop_images\/B6A0574.jpg","video_desktop_external":"","video_mobile_external":"","content_position_horizontal":"text-center align-center","content_position_vertical":"justify-center","title":"","text_size":1,"button_style":"button--filled","button_text":"","button_url":"","content_layout":"content--relative","block_margin_left":0,"block_margin_right":0,"block_padding_top":0,"block_padding_bottom":0,"block_padding_left":0,"block_padding_right":0}}},"block_order":["602c94b1-4ebe-4d1a-88f8-18fa60061c33","52febc3f-2978-4111-8814-4983f80ae1ca"],"settings":{"section_width":"max-w-page","section_height":65,"layout":"section-dual-tiles--50-50","gap_between_tiles":0,"spacing_top_desktop":0,"spacing_bottom_desktop":0,"spacing_top_mobile":0,"spacing_bottom_mobile":0}},"32eab221-8102-46b0-b005-63ebefd4aff1":{"type":"tab","blocks":{"34a9eae8-eeb4-4e80-9fce-62fbbed2dae0":{"type":"tab","settings":{"title":"","m_image":"shopify:\/\/shop_images\/YAS222651.jpg"}},"30a8aa74-166e-4056-aece-b93b18ad6b87":{"type":"tab","settings":{"title":"","m_image":"shopify:\/\/shop_images\/B6A2105.jpg"}},"003dc4de-19a0-4aaf-b3e2-5a7c9be50df8":{"type":"tab","settings":{"title":"","m_image":"shopify:\/\/shop_images\/YAS222840_bee8834f-df8e-4e71-9311-791f35a36bc6.jpg"}},"d529ec5a-9993-4fb9-948b-52e52135511b":{"type":"tab","settings":{"title":"","m_image":"shopify:\/\/shop_images\/B6A0208_1.jpg"}},"2d042642-6444-46f8-8597-7ca092f527a3":{"type":"tab","settings":{"title":"","m_image":"shopify:\/\/shop_images\/B6A0322_1.jpg"}},"7a86d925-d0a2-40d5-bd18-42c13b93b661":{"type":"tab","settings":{"title":"","m_image":"shopify:\/\/shop_images\/B6A2014.jpg"}},"6ac5482d-dd64-4d83-8b91-aba49ebbe7fb":{"type":"tab","settings":{"title":"","m_image":"shopify:\/\/shop_images\/B6A2027.jpg"}},"97303ab1-c0e4-42b9-b69b-3b83e25815d6":{"type":"tab","settings":{"title":"","m_image":"shopify:\/\/shop_images\/B6A2064.jpg"}}},"block_order":["34a9eae8-eeb4-4e80-9fce-62fbbed2dae0","30a8aa74-166e-4056-aece-b93b18ad6b87","003dc4de-19a0-4aaf-b3e2-5a7c9be50df8","d529ec5a-9993-4fb9-948b-52e52135511b","2d042642-6444-46f8-8597-7ca092f527a3","7a86d925-d0a2-40d5-bd18-42c13b93b661","6ac5482d-dd64-4d83-8b91-aba49ebbe7fb","97303ab1-c0e4-42b9-b69b-3b83e25815d6"],"settings":{"full_width":true,"content_size":"medium","subheading":"Subheading","title":"Heading","first_tab_open":false,"background":"","background_gradient":"","text_color":"","heading_color":"","heading_gradient":"","elements_per_row":4}},"084a685b-2590-40fd-83f7-fcb8c1c99dfd":{"type":"dual-tiles","blocks":{"dfb3cc48-d26e-48f4-9aa1-ab23659dca91":{"type":"tile","settings":{"color_scheme_text":"text-colors-default","color_scheme_background":"background-colors-accent-1","image_desktop":"shopify:\/\/shop_images\/B6A1303.jpg","video_desktop_external":"","video_mobile_external":"","content_position_horizontal":"text-center align-center","content_position_vertical":"justify-center","title":"","text_size":1,"button_style":"button--filled","button_text":"","button_url":"","content_layout":"content--relative","block_margin_left":0,"block_margin_right":0,"block_padding_top":0,"block_padding_bottom":0,"block_padding_left":0,"block_padding_right":0}},"bc287092-9ee5-4db6-85c8-e14fc254a597":{"type":"tile","settings":{"color_scheme_text":"text-colors-default","color_scheme_background":"background-colors-accent-2","image_desktop":"shopify:\/\/shop_images\/B6A0524.jpg","video_desktop_external":"","video_mobile_external":"","content_position_horizontal":"text-center align-center","content_position_vertical":"justify-center","title":"","text_size":1,"button_style":"button--filled","button_text":"","button_url":"","content_layout":"content--relative","block_margin_left":0,"block_margin_right":0,"block_padding_top":0,"block_padding_bottom":0,"block_padding_left":0,"block_padding_right":0}}},"block_order":["dfb3cc48-d26e-48f4-9aa1-ab23659dca91","bc287092-9ee5-4db6-85c8-e14fc254a597"],"settings":{"section_width":"max-w-page","section_height":65,"layout":"section-dual-tiles--50-50","gap_between_tiles":0,"spacing_top_desktop":0,"spacing_bottom_desktop":0,"spacing_top_mobile":0,"spacing_bottom_mobile":0}},"0b6834db-b382-41b4-be87-123bc2f9a437":{"type":"dual-tiles","blocks":{"398adab6-3360-41dd-bb77-9db42a893f09":{"type":"tile","settings":{"color_scheme_text":"text-colors-default","color_scheme_background":"background-colors-accent-1","image_desktop":"shopify:\/\/shop_images\/YAS221902.jpg","video_desktop_external":"","video_mobile_external":"","content_position_horizontal":"text-center align-center","content_position_vertical":"justify-center","title":"","text_size":1,"button_style":"button--filled","button_text":"","button_url":"","content_layout":"content--relative","block_margin_left":0,"block_margin_right":0,"block_padding_top":0,"block_padding_bottom":0,"block_padding_left":0,"block_padding_right":0}},"b6ce36e1-08ff-40dd-a7de-fa72cdc3ed37":{"type":"tile","settings":{"color_scheme_text":"text-colors-default","color_scheme_background":"background-colors-accent-2","image_desktop":"shopify:\/\/shop_images\/YAS222415.jpg","video_desktop_external":"","video_mobile_external":"","content_position_horizontal":"text-center align-center","content_position_vertical":"justify-center","title":"","text_size":1,"button_style":"button--filled","button_text":"","button_url":"","content_layout":"content--relative","block_margin_left":0,"block_margin_right":0,"block_padding_top":0,"block_padding_bottom":0,"block_padding_left":0,"block_padding_right":0}}},"block_order":["398adab6-3360-41dd-bb77-9db42a893f09","b6ce36e1-08ff-40dd-a7de-fa72cdc3ed37"],"settings":{"section_width":"max-w-page","section_height":65,"layout":"section-dual-tiles--50-50","gap_between_tiles":0,"spacing_top_desktop":0,"spacing_bottom_desktop":0,"spacing_top_mobile":0,"spacing_bottom_mobile":0}},"fd6d06d2-7b48-439c-a963-e024e5f4e6a3":{"type":"tab","blocks":{"d4087c30-78c9-4245-923c-87eac311aebd":{"type":"tab","settings":{"title":"","m_image":"shopify:\/\/shop_images\/B6A0954.jpg"}},"9aba93d5-d0b6-4788-a6ed-5c123568ce12":{"type":"tab","settings":{"title":"","m_image":"shopify:\/\/shop_images\/B6A2170.jpg"}},"be0774f8-81f3-4e73-9598-7bc006b1478a":{"type":"tab","settings":{"title":"","m_image":"shopify:\/\/shop_images\/B6A1592.jpg"}},"570cedaa-00f1-4668-be1c-e2aeba2511ab":{"type":"tab","settings":{"title":"","m_image":"shopify:\/\/shop_images\/B6A1565.jpg"}},"7a4237a7-902c-4301-9eec-4846e13975aa":{"type":"tab","settings":{"title":"","m_image":"shopify:\/\/shop_images\/B6A1343.jpg"}},"1d75c3c3-02da-424b-a5e8-71711a6ab2ea":{"type":"tab","settings":{"title":"","m_image":"shopify:\/\/shop_images\/B6A1320.jpg"}},"efda2e4f-b1c0-4ce7-b4cd-ade8d919136c":{"type":"tab","settings":{"title":"","m_image":"shopify:\/\/shop_images\/B6A2072.jpg"}},"bebba9ff-a0ca-4ce0-b475-ef8bb843de71":{"type":"tab","settings":{"title":"","m_image":"shopify:\/\/shop_images\/B6A0377.jpg"}}},"block_order":["d4087c30-78c9-4245-923c-87eac311aebd","9aba93d5-d0b6-4788-a6ed-5c123568ce12","be0774f8-81f3-4e73-9598-7bc006b1478a","570cedaa-00f1-4668-be1c-e2aeba2511ab","7a4237a7-902c-4301-9eec-4846e13975aa","1d75c3c3-02da-424b-a5e8-71711a6ab2ea","efda2e4f-b1c0-4ce7-b4cd-ade8d919136c","bebba9ff-a0ca-4ce0-b475-ef8bb843de71"],"settings":{"full_width":true,"content_size":"medium","subheading":"Subheading","title":"Heading","first_tab_open":false,"background":"","background_gradient":"","text_color":"","heading_color":"","heading_gradient":"","elements_per_row":4}},"dbbf2be4-ef11-4bbb-92a9-c0a841feda88":{"type":"dual-tiles","blocks":{"94c60901-4295-4cc7-b291-f35b70925d92":{"type":"tile","settings":{"color_scheme_text":"text-colors-default","color_scheme_background":"background-colors-accent-1","image_desktop":"shopify:\/\/shop_images\/B6A1824.jpg","video_desktop_external":"","video_mobile_external":"","content_position_horizontal":"text-center align-center","content_position_vertical":"justify-center","title":"","text_size":1,"button_style":"button--filled","button_text":"","button_url":"","content_layout":"content--relative","block_margin_left":0,"block_margin_right":0,"block_padding_top":0,"block_padding_bottom":0,"block_padding_left":0,"block_padding_right":0}},"1907999e-e5ff-4001-803a-0025d6d29bdd":{"type":"tile","settings":{"color_scheme_text":"text-colors-default","color_scheme_background":"background-colors-accent-2","image_desktop":"shopify:\/\/shop_images\/B6A1747.jpg","video_desktop_external":"","video_mobile_external":"","content_position_horizontal":"text-center align-center","content_position_vertical":"justify-center","title":"","text_size":1,"button_style":"button--filled","button_text":"","button_url":"","content_layout":"content--relative","block_margin_left":0,"block_margin_right":0,"block_padding_top":0,"block_padding_bottom":0,"block_padding_left":0,"block_padding_right":0}}},"block_order":["94c60901-4295-4cc7-b291-f35b70925d92","1907999e-e5ff-4001-803a-0025d6d29bdd"],"settings":{"section_width":"max-w-page","section_height":65,"layout":"section-dual-tiles--50-50","gap_between_tiles":0,"spacing_top_desktop":0,"spacing_bottom_desktop":0,"spacing_top_mobile":0,"spacing_bottom_mobile":0}},"9d1657eb-c3a8-4db0-8306-ee06c25a9707":{"type":"dual-tiles","blocks":{"09932ef7-7776-4b4b-aa2c-38ecefa4a042":{"type":"tile","settings":{"color_scheme_text":"text-colors-default","color_scheme_background":"background-colors-accent-1","image_desktop":"shopify:\/\/shop_images\/B6A0416.jpg","video_desktop_external":"","video_mobile_external":"","content_position_horizontal":"text-center align-center","content_position_vertical":"justify-center","title":"","text_size":1,"button_style":"button--filled","button_text":"","button_url":"","content_layout":"content--relative","block_margin_left":0,"block_margin_right":0,"block_padding_top":0,"block_padding_bottom":0,"block_padding_left":0,"block_padding_right":0}},"aec88c52-15d6-45a5-8d99-ba64215f1191":{"type":"tile","settings":{"color_scheme_text":"text-colors-default","color_scheme_background":"background-colors-accent-2","image_desktop":"shopify:\/\/shop_images\/B6A2091.jpg","video_desktop_external":"","video_mobile_external":"","content_position_horizontal":"text-center align-center","content_position_vertical":"justify-center","title":"","text_size":1,"button_style":"button--filled","button_text":"","button_url":"","content_layout":"content--relative","block_margin_left":0,"block_margin_right":0,"block_padding_top":0,"block_padding_bottom":0,"block_padding_left":0,"block_padding_right":0}}},"block_order":["09932ef7-7776-4b4b-aa2c-38ecefa4a042","aec88c52-15d6-45a5-8d99-ba64215f1191"],"settings":{"section_width":"max-w-page","section_height":65,"layout":"section-dual-tiles--50-50","gap_between_tiles":0,"spacing_top_desktop":0,"spacing_bottom_desktop":0,"spacing_top_mobile":0,"spacing_bottom_mobile":0}},"02cf1790-d3b2-401f-8c16-6535e70f9a8a":{"type":"image-with-text","blocks":{"c93b9c39-123c-4516-98fd-8bca388994ed":{"type":"text","settings":{"text_align_desktop":"text-center-desktop","text_align_mobile":"text-center","title":"Fall\/Winter 2021","content":"<p>LookBook<\/p>","button_separator":false,"button_text":"View More","button_url":"shopify:\/\/collections\/fall-winter-21","button_style":"button--outlined"}}},"block_order":["c93b9c39-123c-4516-98fd-8bca388994ed"],"settings":{"padding_vertical_desktop":"","padding_vertical_mobile":"pt-0-mobile-small","color_scheme_text":"text-colors-default","color_scheme_background":"background-colors-default"}}},"order":["banner","main","1b3c1fab-5126-459b-ae0b-e4fca01aee9c","00826e91-4b4f-41cf-9ba1-2dc23ae5123f","9dc3ab92-4701-4bf4-b633-74b0887e67ce","ad0145c9-aa1c-44fc-969e-6bbd2b5a7b1b","6f885109-59c1-4917-b75d-7b08008687c4","1f4fe807-641b-4c5e-9ba5-cebf574bb359","e638a0d3-4b98-4a64-92a6-3c670e4fe156","663c1b49-b349-486d-824e-897e6f308149","33ccf234-1b7b-46ee-bf22-cab564d15ba6","6dcf2528-764a-46b8-8bf5-b1e1eca82070","8d0b9587-c30d-4891-a93e-3f17ec2ad998","32eab221-8102-46b0-b005-63ebefd4aff1","084a685b-2590-40fd-83f7-fcb8c1c99dfd","0b6834db-b382-41b4-be87-123bc2f9a437","fd6d06d2-7b48-439c-a963-e024e5f4e6a3","dbbf2be4-ef11-4bbb-92a9-c0a841feda88","9d1657eb-c3a8-4db0-8306-ee06c25a9707","02cf1790-d3b2-401f-8c16-6535e70f9a8a"]}