{"sections":{"a999c7d9-8653-49aa-a0dc-8f4822c1e530":{"type":"spacing","settings":{"color_scheme_background":"background-colors-default","spacing_desktop":40,"spacing_mobile":20}},"banner":{"type":"main-collection-banner","disabled":true,"settings":{"banner_layout":"banner--full","color_scheme_text":"color-text-primary","color_scheme_text_no_image":"text-colors-default","color_scheme_background":"background-colors-accent-2"}},"main":{"type":"main-collection","blocks":{"96d74506-d90d-4c41-b78f-4d67853600e5":{"type":"text-card","settings":{"color_scheme_text":"color-text-inverse","color_scheme_background":"background-colors-accent-2","position":7,"title":"Designed by women, for all women, from petite to grande","button_text":"","button_url":""}}},"block_order":["96d74506-d90d-4c41-b78f-4d67853600e5"],"disabled":true,"custom_css":[".collection__grid {column-gap: 0px;}"],"settings":{"color_scheme_text":"color-text-primary","color_scheme_background":"background-colors-default","enable_products_count":true,"enable_sorting":true,"enable_filters":true,"button_style":"button--filter","sidebar_navigation":"","column_gap_desktop":0.2,"column_gap_mobile":0.2,"products_per_page":19,"products_per_row_default":"4","products_per_row_ui":true}},"9207f296-53e5-4d3f-905a-059bbce111f2":{"type":"image-with-text","blocks":{"template--14745415483469__9207f296-53e5-4d3f-905a-059bbce111f2-text-1":{"type":"text","settings":{"text_align_desktop":"text-center-desktop","text_align_mobile":"text-center","title":"","content":"<h2>Fall\/Winter 2023<\/h2>","button_separator":false,"button_text":"","button_url":"shopify:\/\/collections\/fall-winter-23","button_style":"button--outlined"}}},"block_order":["template--14745415483469__9207f296-53e5-4d3f-905a-059bbce111f2-text-1"],"settings":{"padding_vertical_desktop":"","padding_vertical_mobile":"pt-0-mobile-small pb-0-mobile-small","color_scheme_text":"text-colors-default","color_scheme_background":"background-colors-default"}},"9dc3ab92-4701-4bf4-b633-74b0887e67ce":{"type":"dual-tiles","blocks":{"47989d2b-8e06-4eb2-a9a9-286a4803884c":{"type":"tile","settings":{"color_scheme_text":"text-colors-default","color_scheme_background":"background-colors-accent-1","image_desktop":"shopify:\/\/shop_images\/XRFfsLxM_1_a.png","video_desktop_external":"","video_mobile_external":"","content_position_horizontal":"text-center align-center","content_position_vertical":"justify-center","title":"","text_size":1,"button_style":"button--filled","button_text":"","button_url":"","content_layout":"content--relative","block_margin_left":0,"block_margin_right":0,"block_padding_top":0,"block_padding_bottom":0,"block_padding_left":0,"block_padding_right":0}},"9b6e7317-d52b-4efc-90e6-8f624b1c34a5":{"type":"tile","settings":{"color_scheme_text":"text-colors-default","color_scheme_background":"background-colors-accent-2","image_desktop":"shopify:\/\/shop_images\/XRFfsLxM_1.png","video_desktop_external":"","video_mobile_external":"","content_position_horizontal":"text-center align-center","content_position_vertical":"justify-center","title":"","text_size":1,"button_style":"button--filled","button_text":"","button_url":"","content_layout":"content--relative","block_margin_left":0,"block_margin_right":0,"block_padding_top":0,"block_padding_bottom":0,"block_padding_left":0,"block_padding_right":0}}},"block_order":["47989d2b-8e06-4eb2-a9a9-286a4803884c","9b6e7317-d52b-4efc-90e6-8f624b1c34a5"],"settings":{"section_width":"max-w-page","section_height":65,"layout":"section-dual-tiles--50-50","gap_between_tiles":0,"spacing_top_desktop":0,"spacing_bottom_desktop":0,"spacing_top_mobile":0,"spacing_bottom_mobile":0}},"f832ed66-a38e-4226-b6b0-d5aa380ff4e8":{"type":"dual-tiles","blocks":{"template--14742024355917__f832ed66-a38e-4226-b6b0-d5aa380ff4e8-tile-1":{"type":"tile","settings":{"color_scheme_text":"text-colors-default","color_scheme_background":"background-colors-accent-1","image_desktop":"shopify:\/\/shop_images\/XRFfsLxM_2.png","video_desktop_external":"","video_mobile_external":"","content_position_horizontal":"text-center align-center","content_position_vertical":"justify-center","title":"","text_size":1,"button_style":"button--filled","button_text":"","button_url":"","content_layout":"content--relative","block_margin_left":0,"block_margin_right":0,"block_padding_top":0,"block_padding_bottom":0,"block_padding_left":0,"block_padding_right":0}},"template--14742024355917__f832ed66-a38e-4226-b6b0-d5aa380ff4e8-tile-2":{"type":"tile","settings":{"color_scheme_text":"text-colors-default","color_scheme_background":"background-colors-accent-2","image_desktop":"shopify:\/\/shop_images\/XRFfsLxM_2_a.png","video_desktop_external":"","video_mobile_external":"","content_position_horizontal":"text-center align-center","content_position_vertical":"justify-center","title":"","text_size":1,"button_style":"button--filled","button_text":"","button_url":"","content_layout":"content--relative","block_margin_left":0,"block_margin_right":0,"block_padding_top":0,"block_padding_bottom":0,"block_padding_left":0,"block_padding_right":0}}},"block_order":["template--14742024355917__f832ed66-a38e-4226-b6b0-d5aa380ff4e8-tile-1","template--14742024355917__f832ed66-a38e-4226-b6b0-d5aa380ff4e8-tile-2"],"settings":{"section_width":"max-w-page","section_height":65,"layout":"section-dual-tiles--50-50","gap_between_tiles":0,"spacing_top_desktop":0,"spacing_bottom_desktop":0,"spacing_top_mobile":0,"spacing_bottom_mobile":0}},"ad0145c9-aa1c-44fc-969e-6bbd2b5a7b1b":{"type":"tab","blocks":{"template--14742459744333__ad0145c9-aa1c-44fc-969e-6bbd2b5a7b1b-tab-1":{"type":"tab","settings":{"title":"","m_image":"shopify:\/\/shop_images\/XRFfsLxM_3_6b263c9f-63c8-458a-8b18-55ea34b38e11.png"}},"5f0a2ed5-ff48-4089-b637-7b925309ff6a":{"type":"tab","settings":{"title":"","m_image":"shopify:\/\/shop_images\/XRFfsLxM_3.png"}},"8b254d0a-7c5f-4295-9dc0-3e10bc29e94d":{"type":"tab","settings":{"title":"","m_image":"shopify:\/\/shop_images\/XRFfsLxM_4.png"}},"d68213d5-0dec-47ea-80dc-e7785684b197":{"type":"tab","settings":{"title":"","m_image":"shopify:\/\/shop_images\/XRFfsLxM_4_638432a6-9b36-44a4-8bd7-7fb01d5cf3a2.png"}}},"block_order":["template--14742459744333__ad0145c9-aa1c-44fc-969e-6bbd2b5a7b1b-tab-1","5f0a2ed5-ff48-4089-b637-7b925309ff6a","8b254d0a-7c5f-4295-9dc0-3e10bc29e94d","d68213d5-0dec-47ea-80dc-e7785684b197"],"settings":{"full_width":true,"content_size":"medium","subheading":"Subheading","title":"Heading","first_tab_open":false,"background":"","background_gradient":"","text_color":"","heading_color":"","heading_gradient":"","elements_per_row":4}},"6f885109-59c1-4917-b75d-7b08008687c4":{"type":"dual-tiles","blocks":{"cda2b440-8002-4a87-a557-04c1eda8dd60":{"type":"tile","settings":{"color_scheme_text":"text-colors-default","color_scheme_background":"background-colors-accent-1","image_desktop":"shopify:\/\/shop_images\/XRFfsLxM_5_c473c231-a1e7-42ed-9f01-54fd8ebe102b.png","video_desktop_external":"","video_mobile_external":"","content_position_horizontal":"text-center align-center","content_position_vertical":"justify-center","title":"","text_size":1,"button_style":"button--filled","button_text":"","button_url":"","content_layout":"content--relative","block_margin_left":0,"block_margin_right":0,"block_padding_top":0,"block_padding_bottom":0,"block_padding_left":0,"block_padding_right":0}},"5acb2cbc-2b22-41e6-bedb-90eb35a172c9":{"type":"tile","settings":{"color_scheme_text":"text-colors-default","color_scheme_background":"background-colors-accent-2","image_desktop":"shopify:\/\/shop_images\/XRFfsLxM_5.png","video_desktop_external":"","video_mobile_external":"","content_position_horizontal":"text-center align-center","content_position_vertical":"justify-center","title":"","text_size":1,"button_style":"button--filled","button_text":"","button_url":"","content_layout":"content--relative","block_margin_left":0,"block_margin_right":0,"block_padding_top":0,"block_padding_bottom":0,"block_padding_left":0,"block_padding_right":0}}},"block_order":["cda2b440-8002-4a87-a557-04c1eda8dd60","5acb2cbc-2b22-41e6-bedb-90eb35a172c9"],"settings":{"section_width":"max-w-page","section_height":65,"layout":"section-dual-tiles--50-50","gap_between_tiles":0,"spacing_top_desktop":0,"spacing_bottom_desktop":0,"spacing_top_mobile":0,"spacing_bottom_mobile":0}},"31f7145d-fd17-49cb-a488-cf964206eb5f":{"type":"tab","blocks":{"a8eaa56d-0b39-411a-a81d-a0d967621eee":{"type":"tab","settings":{"title":"","m_image":"shopify:\/\/shop_images\/XRFfsLxM_6_3d6732d8-2197-48bd-a915-42c30c42352f.png"}},"a3247927-afb9-4465-a91e-97017e4e4966":{"type":"tab","settings":{"title":"","m_image":"shopify:\/\/shop_images\/XRFfsLxM_6.png"}},"9f76ddc3-8e8e-4036-89a2-fd095616b970":{"type":"tab","settings":{"title":"","m_image":"shopify:\/\/shop_images\/XRFfsLxM_7.png"}},"c792b4b0-342a-4aca-b226-78cee8eaac05":{"type":"tab","settings":{"title":"","m_image":"shopify:\/\/shop_images\/XRFfsLxM_7_ed42e47a-95cf-4dfd-a483-2f41b2ada275.png"}}},"block_order":["a8eaa56d-0b39-411a-a81d-a0d967621eee","a3247927-afb9-4465-a91e-97017e4e4966","9f76ddc3-8e8e-4036-89a2-fd095616b970","c792b4b0-342a-4aca-b226-78cee8eaac05"],"settings":{"full_width":true,"content_size":"medium","subheading":"Subheading","title":"Heading","first_tab_open":false,"background":"","background_gradient":"","text_color":"","heading_color":"","heading_gradient":"","elements_per_row":4}},"87fdeb30-ebaf-4133-951f-594f68215120":{"type":"tab","blocks":{"b6923a69-eb40-4223-bcbf-ced3656fd437":{"type":"tab","settings":{"title":"","m_image":"shopify:\/\/shop_images\/XRFfsLxM_8_59cea2b0-a5a8-41b5-a413-fbc24932851c.png"}},"73593217-15f3-4e09-befb-75779b5b3d1d":{"type":"tab","settings":{"title":"","m_image":"shopify:\/\/shop_images\/XRFfsLxM_8.png"}},"1dfa7c5f-bed5-4fbe-b806-eb34a9cea937":{"type":"tab","settings":{"title":"","m_image":"shopify:\/\/shop_images\/XRFfsLxM_9_25c232c5-552f-4a14-91de-b92388a500ca.png"}},"8c6c1882-4996-4088-9e30-c8d94da9bb90":{"type":"tab","settings":{"title":"","m_image":"shopify:\/\/shop_images\/XRFfsLxM_9.png"}}},"block_order":["b6923a69-eb40-4223-bcbf-ced3656fd437","73593217-15f3-4e09-befb-75779b5b3d1d","1dfa7c5f-bed5-4fbe-b806-eb34a9cea937","8c6c1882-4996-4088-9e30-c8d94da9bb90"],"settings":{"full_width":true,"content_size":"medium","subheading":"Subheading","title":"Heading","first_tab_open":false,"background":"","background_gradient":"","text_color":"","heading_color":"","heading_gradient":"","elements_per_row":4}},"758469c5-fc58-41a8-b03d-1feacc16fa8b":{"type":"dual-tiles","blocks":{"10c3e7bf-94ae-4c1b-b283-e82cdab92bf9":{"type":"tile","settings":{"color_scheme_text":"text-colors-default","color_scheme_background":"background-colors-accent-1","image_desktop":"shopify:\/\/shop_images\/XRFfsLxM_10_0ac33edc-c31e-4639-8b9b-67709bcb0e0a.png","video_desktop_external":"","video_mobile_external":"","content_position_horizontal":"text-center align-center","content_position_vertical":"justify-center","title":"","text_size":1,"button_style":"button--filled","button_text":"","button_url":"","content_layout":"content--relative","block_margin_left":0,"block_margin_right":0,"block_padding_top":0,"block_padding_bottom":0,"block_padding_left":0,"block_padding_right":0}},"e8fdb876-d637-4753-8135-047c8176a586":{"type":"tile","settings":{"color_scheme_text":"text-colors-default","color_scheme_background":"background-colors-accent-2","image_desktop":"shopify:\/\/shop_images\/XRFfsLxM_10_71e7dafd-66dc-4c84-b07c-9e889db1bffa.png","video_desktop_external":"","video_mobile_external":"","content_position_horizontal":"text-center align-center","content_position_vertical":"justify-center","title":"","text_size":1,"button_style":"button--filled","button_text":"","button_url":"","content_layout":"content--relative","block_margin_left":0,"block_margin_right":0,"block_padding_top":0,"block_padding_bottom":0,"block_padding_left":0,"block_padding_right":0}}},"block_order":["10c3e7bf-94ae-4c1b-b283-e82cdab92bf9","e8fdb876-d637-4753-8135-047c8176a586"],"settings":{"section_width":"max-w-page","section_height":65,"layout":"section-dual-tiles--50-50","gap_between_tiles":0,"spacing_top_desktop":0,"spacing_bottom_desktop":0,"spacing_top_mobile":0,"spacing_bottom_mobile":0}},"aa5f2c90-4b1d-44fb-9622-105daa42ba55":{"type":"dual-tiles","blocks":{"fbaf940e-1250-4447-9711-a4e2982fb0a4":{"type":"tile","settings":{"color_scheme_text":"text-colors-default","color_scheme_background":"background-colors-accent-1","image_desktop":"shopify:\/\/shop_images\/XRFfsLxM_11.png","video_desktop_external":"","video_mobile_external":"","content_position_horizontal":"text-center align-center","content_position_vertical":"justify-center","title":"","text_size":1,"button_style":"button--filled","button_text":"","button_url":"","content_layout":"content--relative","block_margin_left":0,"block_margin_right":0,"block_padding_top":0,"block_padding_bottom":0,"block_padding_left":0,"block_padding_right":0}},"b01b4e60-e647-42aa-a2b2-24494084ae77":{"type":"tile","settings":{"color_scheme_text":"text-colors-default","color_scheme_background":"background-colors-accent-2","image_desktop":"shopify:\/\/shop_images\/XRFfsLxM_11_1e14464d-585d-4f6b-8377-465f622f1ece.png","video_desktop_external":"","video_mobile_external":"","content_position_horizontal":"text-center align-center","content_position_vertical":"justify-center","title":"","text_size":1,"button_style":"button--filled","button_text":"","button_url":"","content_layout":"content--relative","block_margin_left":0,"block_margin_right":0,"block_padding_top":0,"block_padding_bottom":0,"block_padding_left":0,"block_padding_right":0}}},"block_order":["fbaf940e-1250-4447-9711-a4e2982fb0a4","b01b4e60-e647-42aa-a2b2-24494084ae77"],"settings":{"section_width":"max-w-page","section_height":65,"layout":"section-dual-tiles--50-50","gap_between_tiles":0,"spacing_top_desktop":0,"spacing_bottom_desktop":0,"spacing_top_mobile":0,"spacing_bottom_mobile":0}},"6cc65056-f39f-4080-a6ec-5e8f0f82fabc":{"type":"tab","blocks":{"acf3b87e-0d32-4524-8c31-ae120e614948":{"type":"tab","settings":{"title":"","m_image":"shopify:\/\/shop_images\/XRFfsLxM_12.png"}},"1767d465-fc98-45fa-9ee9-800ae6bd736c":{"type":"tab","settings":{"title":"","m_image":"shopify:\/\/shop_images\/XRFfsLxM_12_a.png"}},"85eb3efa-5514-4c97-b816-c03e96cf0487":{"type":"tab","settings":{"title":"","m_image":"shopify:\/\/shop_images\/XRFfsLxM_13_a.png"}},"c72627ca-ed3d-4068-b6df-db67a1b39e03":{"type":"tab","settings":{"title":"","m_image":"shopify:\/\/shop_images\/XRFfsLxM_13.png"}}},"block_order":["acf3b87e-0d32-4524-8c31-ae120e614948","1767d465-fc98-45fa-9ee9-800ae6bd736c","85eb3efa-5514-4c97-b816-c03e96cf0487","c72627ca-ed3d-4068-b6df-db67a1b39e03"],"settings":{"full_width":true,"content_size":"medium","subheading":"Subheading","title":"Heading","first_tab_open":false,"background":"","background_gradient":"","text_color":"","heading_color":"","heading_gradient":"","elements_per_row":4}},"7584dd06-ab19-4b86-93ac-c4c5350eff8c":{"type":"dual-tiles","blocks":{"a8468925-9627-4447-a1bb-242ec449dd05":{"type":"tile","settings":{"color_scheme_text":"text-colors-default","color_scheme_background":"background-colors-accent-1","image_desktop":"shopify:\/\/shop_images\/XRFfsLxM_14.png","video_desktop_external":"","video_mobile_external":"","content_position_horizontal":"text-center align-center","content_position_vertical":"justify-center","title":"","text_size":1,"button_style":"button--filled","button_text":"","button_url":"","content_layout":"content--relative","block_margin_left":0,"block_margin_right":0,"block_padding_top":0,"block_padding_bottom":0,"block_padding_left":0,"block_padding_right":0}},"0073c1db-cae6-4570-898f-47f956867497":{"type":"tile","settings":{"color_scheme_text":"text-colors-default","color_scheme_background":"background-colors-accent-2","image_desktop":"shopify:\/\/shop_images\/XRFfsLxM_14_a.png","video_desktop_external":"","video_mobile_external":"","content_position_horizontal":"text-center align-center","content_position_vertical":"justify-center","title":"","text_size":1,"button_style":"button--filled","button_text":"","button_url":"","content_layout":"content--relative","block_margin_left":0,"block_margin_right":0,"block_padding_top":0,"block_padding_bottom":0,"block_padding_left":0,"block_padding_right":0}}},"block_order":["a8468925-9627-4447-a1bb-242ec449dd05","0073c1db-cae6-4570-898f-47f956867497"],"settings":{"section_width":"max-w-page","section_height":65,"layout":"section-dual-tiles--50-50","gap_between_tiles":0,"spacing_top_desktop":0,"spacing_bottom_desktop":0,"spacing_top_mobile":0,"spacing_bottom_mobile":0}},"1f4fe807-641b-4c5e-9ba5-cebf574bb359":{"type":"tab","blocks":{"template--14742459744333__1f4fe807-641b-4c5e-9ba5-cebf574bb359-tab-1":{"type":"tab","settings":{"title":"","m_image":"shopify:\/\/shop_images\/XRFfsLxM_15_a.png"}},"4f1b8858-62ab-4f4a-a3a7-c03927c10080":{"type":"tab","settings":{"title":"","m_image":"shopify:\/\/shop_images\/XRFfsLxM_15.png"}},"084368c1-4afd-4401-a223-5b518ea46402":{"type":"tab","settings":{"title":"","m_image":"shopify:\/\/shop_images\/XRFfsLxM_16.png"}},"8ef2dcac-a964-429e-ad8f-53e84f22ad67":{"type":"tab","settings":{"title":"","m_image":"shopify:\/\/shop_images\/XRFfsLxM_16_a.png"}}},"block_order":["template--14742459744333__1f4fe807-641b-4c5e-9ba5-cebf574bb359-tab-1","4f1b8858-62ab-4f4a-a3a7-c03927c10080","084368c1-4afd-4401-a223-5b518ea46402","8ef2dcac-a964-429e-ad8f-53e84f22ad67"],"settings":{"full_width":true,"content_size":"medium","subheading":"Subheading","title":"Heading","first_tab_open":false,"background":"","background_gradient":"","text_color":"","heading_color":"","heading_gradient":"","elements_per_row":4}},"c2c2671a-6287-4e84-9268-5ff16ad96218":{"type":"tab","blocks":{"de6a52be-e625-481e-9e38-1e18f923fa32":{"type":"tab","settings":{"title":"","m_image":"shopify:\/\/shop_images\/XRFfsLxM_17.png"}},"0f4d1d21-8abf-40de-807c-1a1470bcb9c7":{"type":"tab","settings":{"title":"","m_image":"shopify:\/\/shop_images\/XRFfsLxM_17_5298fa43-5a52-4bdf-9b7e-453fe38128a6.png"}},"4ac1a723-5c5a-430c-b3ad-bf670668e0f1":{"type":"tab","settings":{"title":"","m_image":"shopify:\/\/shop_images\/XRFfsLxM_17_s.png"}}},"block_order":["de6a52be-e625-481e-9e38-1e18f923fa32","0f4d1d21-8abf-40de-807c-1a1470bcb9c7","4ac1a723-5c5a-430c-b3ad-bf670668e0f1"],"settings":{"full_width":true,"content_size":"medium","subheading":"Subheading","title":"Heading","first_tab_open":false,"background":"","background_gradient":"","text_color":"","heading_color":"","heading_gradient":"","elements_per_row":3}},"467accdb-4a33-487d-8ff4-8df79c0000f2":{"type":"tab","blocks":{"e76dc309-b2d3-4f45-96c9-66b3ba3a2ee8":{"type":"tab","settings":{"title":"","m_image":"shopify:\/\/shop_images\/XRFfsLxM_18_b2ec1833-f816-441e-8b9d-046405dd32fa.png"}},"83ff382e-f4e7-47e2-b410-874854455e4c":{"type":"tab","settings":{"title":"","m_image":"shopify:\/\/shop_images\/XRFfsLxM_18.png"}},"08a2270b-72f8-4d49-b2af-8a9aac03a476":{"type":"tab","settings":{"title":"","m_image":"shopify:\/\/shop_images\/XRFfsLxM_19.png"}},"1936f97d-e358-4c91-985d-d146adafd071":{"type":"tab","settings":{"title":"","m_image":"shopify:\/\/shop_images\/XRFfsLxM_19_d2a3ef82-f153-46c4-99d5-946a9b7f34ce.png"}}},"block_order":["e76dc309-b2d3-4f45-96c9-66b3ba3a2ee8","83ff382e-f4e7-47e2-b410-874854455e4c","08a2270b-72f8-4d49-b2af-8a9aac03a476","1936f97d-e358-4c91-985d-d146adafd071"],"settings":{"full_width":true,"content_size":"medium","subheading":"Subheading","title":"Heading","first_tab_open":false,"background":"","background_gradient":"","text_color":"","heading_color":"","heading_gradient":"","elements_per_row":4}},"7b83c715-e4e9-4e70-bced-4248e4174cf7":{"type":"dual-tiles","blocks":{"88bbaabc-0238-4fee-b95e-39b8e1499564":{"type":"tile","settings":{"color_scheme_text":"text-colors-default","color_scheme_background":"background-colors-accent-1","image_desktop":"shopify:\/\/shop_images\/XRFfsLxM_20_b2fbabb1-2754-4411-a20a-12c80b5d5f05.png","video_desktop_external":"","video_mobile_external":"","content_position_horizontal":"text-center align-center","content_position_vertical":"justify-center","title":"","text_size":1,"button_style":"button--filled","button_text":"","button_url":"","content_layout":"content--relative","block_margin_left":0,"block_margin_right":0,"block_padding_top":0,"block_padding_bottom":0,"block_padding_left":0,"block_padding_right":0}},"f01b237d-a453-45cd-8d0b-b572df4e74ee":{"type":"tile","settings":{"color_scheme_text":"text-colors-default","color_scheme_background":"background-colors-accent-2","image_desktop":"shopify:\/\/shop_images\/XRFfsLxM_20.png","video_desktop_external":"","video_mobile_external":"","content_position_horizontal":"text-center align-center","content_position_vertical":"justify-center","title":"","text_size":1,"button_style":"button--filled","button_text":"","button_url":"","content_layout":"content--relative","block_margin_left":0,"block_margin_right":0,"block_padding_top":0,"block_padding_bottom":0,"block_padding_left":0,"block_padding_right":0}}},"block_order":["88bbaabc-0238-4fee-b95e-39b8e1499564","f01b237d-a453-45cd-8d0b-b572df4e74ee"],"settings":{"section_width":"max-w-page","section_height":65,"layout":"section-dual-tiles--50-50","gap_between_tiles":0,"spacing_top_desktop":0,"spacing_bottom_desktop":0,"spacing_top_mobile":0,"spacing_bottom_mobile":0}},"f2806ac2-6f8e-4af5-9f84-10d9069b6750":{"type":"dual-tiles","blocks":{"4ea21a69-0119-43c9-bda7-0f5a87a8ccbc":{"type":"tile","settings":{"color_scheme_text":"text-colors-default","color_scheme_background":"background-colors-accent-1","image_desktop":"shopify:\/\/shop_images\/XRFfsLxM_22.png","video_desktop_external":"","video_mobile_external":"","content_position_horizontal":"text-center align-center","content_position_vertical":"justify-center","title":"","text_size":1,"button_style":"button--filled","button_text":"","button_url":"","content_layout":"content--relative","block_margin_left":0,"block_margin_right":0,"block_padding_top":0,"block_padding_bottom":0,"block_padding_left":0,"block_padding_right":0}},"e882a8b8-d4f4-4d55-8764-99e2e64b77a3":{"type":"tile","settings":{"color_scheme_text":"text-colors-default","color_scheme_background":"background-colors-accent-2","image_desktop":"shopify:\/\/shop_images\/XRFfsLxM_22_93986d69-afd1-4c98-a530-28c9d55017e1.png","video_desktop_external":"","video_mobile_external":"","content_position_horizontal":"text-center align-center","content_position_vertical":"justify-center","title":"","text_size":1,"button_style":"button--filled","button_text":"","button_url":"","content_layout":"content--relative","block_margin_left":0,"block_margin_right":0,"block_padding_top":0,"block_padding_bottom":0,"block_padding_left":0,"block_padding_right":0}}},"block_order":["4ea21a69-0119-43c9-bda7-0f5a87a8ccbc","e882a8b8-d4f4-4d55-8764-99e2e64b77a3"],"settings":{"section_width":"max-w-page","section_height":65,"layout":"section-dual-tiles--50-50","gap_between_tiles":0,"spacing_top_desktop":0,"spacing_bottom_desktop":0,"spacing_top_mobile":0,"spacing_bottom_mobile":0}},"01f30fbe-d66a-46a8-85b1-979bf365ad8d":{"type":"tab","blocks":{"template--14745415483469__01f30fbe-d66a-46a8-85b1-979bf365ad8d-tab-1":{"type":"tab","settings":{"title":"","m_image":"shopify:\/\/shop_images\/XRFfsLxM_21.png"}},"1ca3d1a7-982d-472f-b9c7-8c182d0dbc2c":{"type":"tab","settings":{"title":"","m_image":"shopify:\/\/shop_images\/XRFfsLxM_21_e795c0f8-d36c-4ee0-8db7-3b89fb590c53.png"}},"bf1d5e84-cfca-453b-8aa9-a8c1dae901b5":{"type":"tab","settings":{"title":"","m_image":"shopify:\/\/shop_images\/XRFfsLxM_23_83a03095-0c11-4e5f-b929-de00a0b2ce91.png"}},"3f58eeaa-cd2e-4721-b778-675afa81696c":{"type":"tab","settings":{"title":"","m_image":"shopify:\/\/shop_images\/XRFfsLxM_23.png"}}},"block_order":["template--14745415483469__01f30fbe-d66a-46a8-85b1-979bf365ad8d-tab-1","1ca3d1a7-982d-472f-b9c7-8c182d0dbc2c","bf1d5e84-cfca-453b-8aa9-a8c1dae901b5","3f58eeaa-cd2e-4721-b778-675afa81696c"],"settings":{"full_width":true,"content_size":"medium","subheading":"Subheading","title":"Heading","first_tab_open":false,"background":"","background_gradient":"","text_color":"","heading_color":"","heading_gradient":"","elements_per_row":4}},"fb25f07f-446b-4da5-8004-abb370fd582b":{"type":"dual-tiles","blocks":{"cb7109ee-6d04-48bc-b511-f8ef4b2be0e4":{"type":"tile","settings":{"color_scheme_text":"text-colors-default","color_scheme_background":"background-colors-accent-1","image_desktop":"shopify:\/\/shop_images\/XRFfsLxM_24.png","video_desktop_external":"","video_mobile_external":"","content_position_horizontal":"text-center align-center","content_position_vertical":"justify-center","title":"","text_size":1,"button_style":"button--filled","button_text":"","button_url":"","content_layout":"content--relative","block_margin_left":0,"block_margin_right":0,"block_padding_top":0,"block_padding_bottom":0,"block_padding_left":0,"block_padding_right":0}},"eed6ea19-e154-45b2-9265-cc583cd9a404":{"type":"tile","settings":{"color_scheme_text":"text-colors-default","color_scheme_background":"background-colors-accent-2","image_desktop":"shopify:\/\/shop_images\/XRFfsLxM_24_fbdc2a87-a5d8-4d0f-88c3-9128631bf2d8.png","video_desktop_external":"","video_mobile_external":"","content_position_horizontal":"text-center align-center","content_position_vertical":"justify-center","title":"","text_size":1,"button_style":"button--filled","button_text":"","button_url":"","content_layout":"content--relative","block_margin_left":0,"block_margin_right":0,"block_padding_top":0,"block_padding_bottom":0,"block_padding_left":0,"block_padding_right":0}}},"block_order":["cb7109ee-6d04-48bc-b511-f8ef4b2be0e4","eed6ea19-e154-45b2-9265-cc583cd9a404"],"settings":{"section_width":"max-w-page","section_height":65,"layout":"section-dual-tiles--50-50","gap_between_tiles":0,"spacing_top_desktop":0,"spacing_bottom_desktop":0,"spacing_top_mobile":0,"spacing_bottom_mobile":0}},"a054adc6-e9a5-4661-8aef-16e8f124dddc":{"type":"tab","blocks":{"5c13349d-46c9-4457-89ce-3df25b6eac2a":{"type":"tab","settings":{"title":"","m_image":"shopify:\/\/shop_images\/XRFfsLxM_25_d493e605-0c5e-4f57-8a8b-f295749fe29a.png"}},"4c9f935e-457d-43bc-a6f2-678d5cc3f975":{"type":"tab","settings":{"title":"","m_image":"shopify:\/\/shop_images\/XRFfsLxM_25.png"}},"34422b2a-b13b-42ed-9b6c-4120ac50f24a":{"type":"tab","settings":{"title":"","m_image":"shopify:\/\/shop_images\/XRFfsLxM_26.png"}},"64d03ffe-a511-4212-beb5-8b312b9f5440":{"type":"tab","settings":{"title":"","m_image":"shopify:\/\/shop_images\/XRFfsLxM_26_76e02837-8d6c-4792-b325-d1d5000b3cf7.png"}},"71cad686-7491-4337-ae5c-9864a25b0dbb":{"type":"tab","settings":{"title":"","m_image":"shopify:\/\/shop_images\/XRFfsLxM_27.png"}},"30781fee-d3c6-47e6-a71e-9d822d111b4f":{"type":"tab","settings":{"title":"","m_image":"shopify:\/\/shop_images\/XRFfsLxM_27_24b5ff35-c5cb-4a85-8fd2-8fb09b0e1106.png"}},"c07d8726-0764-4ae4-9aa0-f92654c5fa41":{"type":"tab","settings":{"title":"","m_image":"shopify:\/\/shop_images\/XRFfsLxM_28.png"}},"9f0d07c9-1e32-4d2f-a2ba-26353f4c3b95":{"type":"tab","settings":{"title":"","m_image":"shopify:\/\/shop_images\/XRFfsLxM_28_825c6f61-81a6-498e-ba1d-f7d2ba913e98.png"}}},"block_order":["5c13349d-46c9-4457-89ce-3df25b6eac2a","4c9f935e-457d-43bc-a6f2-678d5cc3f975","34422b2a-b13b-42ed-9b6c-4120ac50f24a","64d03ffe-a511-4212-beb5-8b312b9f5440","71cad686-7491-4337-ae5c-9864a25b0dbb","30781fee-d3c6-47e6-a71e-9d822d111b4f","c07d8726-0764-4ae4-9aa0-f92654c5fa41","9f0d07c9-1e32-4d2f-a2ba-26353f4c3b95"],"settings":{"full_width":true,"content_size":"medium","subheading":"Subheading","title":"Heading","first_tab_open":false,"background":"","background_gradient":"","text_color":"","heading_color":"","heading_gradient":"","elements_per_row":4}},"bf3fe930-bae6-4fd7-a4b3-57a8743f7b2f":{"type":"dual-tiles","blocks":{"726ed5b4-c169-4103-928f-895db035a368":{"type":"tile","settings":{"color_scheme_text":"text-colors-default","color_scheme_background":"background-colors-accent-1","image_desktop":"shopify:\/\/shop_images\/XRFfsLxM_29_05ec4e20-2152-4ca8-9fac-a0b9070643f6.png","video_desktop_external":"","video_mobile_external":"","content_position_horizontal":"text-center align-center","content_position_vertical":"justify-center","title":"","text_size":1,"button_style":"button--filled","button_text":"","button_url":"","content_layout":"content--relative","block_margin_left":0,"block_margin_right":0,"block_padding_top":0,"block_padding_bottom":0,"block_padding_left":0,"block_padding_right":0}},"6733a09e-927f-4cb8-8238-f19376df2753":{"type":"tile","settings":{"color_scheme_text":"text-colors-default","color_scheme_background":"background-colors-accent-2","image_desktop":"shopify:\/\/shop_images\/XRFfsLxM_29.png","video_desktop_external":"","video_mobile_external":"","content_position_horizontal":"text-center align-center","content_position_vertical":"justify-center","title":"","text_size":1,"button_style":"button--filled","button_text":"","button_url":"","content_layout":"content--relative","block_margin_left":0,"block_margin_right":0,"block_padding_top":0,"block_padding_bottom":0,"block_padding_left":0,"block_padding_right":0}}},"block_order":["726ed5b4-c169-4103-928f-895db035a368","6733a09e-927f-4cb8-8238-f19376df2753"],"settings":{"section_width":"max-w-page","section_height":65,"layout":"section-dual-tiles--50-50","gap_between_tiles":0,"spacing_top_desktop":0,"spacing_bottom_desktop":0,"spacing_top_mobile":0,"spacing_bottom_mobile":0}},"4a6986a2-553c-4f09-84f2-d0fffe6df514":{"type":"tab","blocks":{"template--14745415483469__4a6986a2-553c-4f09-84f2-d0fffe6df514-tab-1":{"type":"tab","settings":{"title":"","m_image":"shopify:\/\/shop_images\/XRFfsLxM_30_9f9a38d8-cef6-4db2-9e9b-3fc4977ce1d4.png"}},"8460648d-66fa-40da-8272-e1365f865226":{"type":"tab","settings":{"title":"","m_image":"shopify:\/\/shop_images\/XRFfsLxM_30_9d962c3e-d75a-4514-8618-e44ff1c19b86.png"}},"eee2f4da-3d97-453c-bb98-5532c0b3f9a9":{"type":"tab","settings":{"title":"","m_image":"shopify:\/\/shop_images\/XRFfsLxM_30.png"}}},"block_order":["template--14745415483469__4a6986a2-553c-4f09-84f2-d0fffe6df514-tab-1","8460648d-66fa-40da-8272-e1365f865226","eee2f4da-3d97-453c-bb98-5532c0b3f9a9"],"settings":{"full_width":true,"content_size":"medium","subheading":"Subheading","title":"Heading","first_tab_open":false,"background":"","background_gradient":"","text_color":"","heading_color":"","heading_gradient":"","elements_per_row":3}},"4eb51cdc-9f6f-4060-9d55-ea7a0fd6a7e3":{"type":"tab","blocks":{"84a7015a-b7f6-4a39-8d98-bf01302402e1":{"type":"tab","settings":{"title":"","m_image":"shopify:\/\/shop_images\/XRFfsLxM_31_47b6debe-3798-4d5f-9b59-ea36b2fb7bfa.png"}},"f1b61ad3-48e1-4f59-8f09-f121707f57f5":{"type":"tab","settings":{"title":"","m_image":"shopify:\/\/shop_images\/XRFfsLxM_31.png"}},"5773d813-acf7-4fcb-822b-7642ac22ec66":{"type":"tab","settings":{"title":"","m_image":"shopify:\/\/shop_images\/XRFfsLxM_32_2b929a25-4ddf-462f-be89-6f360f9cb55e.png"}},"0662c4a3-3152-4e6f-b803-6f2b8b726db7":{"type":"tab","settings":{"title":"","m_image":"shopify:\/\/shop_images\/XRFfsLxM_32.png"}}},"block_order":["84a7015a-b7f6-4a39-8d98-bf01302402e1","f1b61ad3-48e1-4f59-8f09-f121707f57f5","5773d813-acf7-4fcb-822b-7642ac22ec66","0662c4a3-3152-4e6f-b803-6f2b8b726db7"],"settings":{"full_width":true,"content_size":"medium","subheading":"Subheading","title":"Heading","first_tab_open":false,"background":"","background_gradient":"","text_color":"","heading_color":"","heading_gradient":"","elements_per_row":4}}},"order":["a999c7d9-8653-49aa-a0dc-8f4822c1e530","banner","main","9207f296-53e5-4d3f-905a-059bbce111f2","9dc3ab92-4701-4bf4-b633-74b0887e67ce","f832ed66-a38e-4226-b6b0-d5aa380ff4e8","ad0145c9-aa1c-44fc-969e-6bbd2b5a7b1b","6f885109-59c1-4917-b75d-7b08008687c4","31f7145d-fd17-49cb-a488-cf964206eb5f","87fdeb30-ebaf-4133-951f-594f68215120","758469c5-fc58-41a8-b03d-1feacc16fa8b","aa5f2c90-4b1d-44fb-9622-105daa42ba55","6cc65056-f39f-4080-a6ec-5e8f0f82fabc","7584dd06-ab19-4b86-93ac-c4c5350eff8c","1f4fe807-641b-4c5e-9ba5-cebf574bb359","c2c2671a-6287-4e84-9268-5ff16ad96218","467accdb-4a33-487d-8ff4-8df79c0000f2","7b83c715-e4e9-4e70-bced-4248e4174cf7","f2806ac2-6f8e-4af5-9f84-10d9069b6750","01f30fbe-d66a-46a8-85b1-979bf365ad8d","fb25f07f-446b-4da5-8004-abb370fd582b","a054adc6-e9a5-4661-8aef-16e8f124dddc","bf3fe930-bae6-4fd7-a4b3-57a8743f7b2f","4a6986a2-553c-4f09-84f2-d0fffe6df514","4eb51cdc-9f6f-4060-9d55-ea7a0fd6a7e3"]}