{"sections":{"banner":{"type":"main-collection-banner","disabled":true,"settings":{"banner_layout":"banner--full","color_scheme_text":"color-text-primary","color_scheme_text_no_image":"text-colors-default","color_scheme_background":"background-colors-accent-2"}},"main":{"type":"main-collection","blocks":{"96d74506-d90d-4c41-b78f-4d67853600e5":{"type":"text-card","settings":{"color_scheme_text":"color-text-inverse","color_scheme_background":"background-colors-accent-2","position":7,"title":"Designed by women, for all women, from petite to grande","button_text":"","button_url":"shopify:\/\/collections\/spring-summer-23"}}},"block_order":["96d74506-d90d-4c41-b78f-4d67853600e5"],"disabled":true,"custom_css":[".collection__grid {column-gap: 0px;}"],"settings":{"color_scheme_text":"color-text-primary","color_scheme_background":"background-colors-default","enable_products_count":true,"enable_sorting":true,"enable_filters":true,"button_style":"button--filter","sidebar_navigation":"","column_gap_desktop":0.2,"column_gap_mobile":0.2,"products_per_page":19,"products_per_row_default":"4","products_per_row_ui":true}},"27696e2e-584b-438d-a275-9e681c8735ca":{"type":"image-with-text","blocks":{"template--14745415647309__27696e2e-584b-438d-a275-9e681c8735ca-text-1":{"type":"text","settings":{"text_align_desktop":"text-center-desktop","text_align_mobile":"text-center","title":"","content":"<h3>Spring\/Summer 2023<\/h3>","button_separator":false,"button_text":"Button label","button_url":"","button_style":"button--outlined"}}},"block_order":["template--14745415647309__27696e2e-584b-438d-a275-9e681c8735ca-text-1"],"settings":{"padding_vertical_desktop":"","padding_vertical_mobile":"pt-0-mobile-small pb-0-mobile-small","color_scheme_text":"text-colors-default","color_scheme_background":"background-colors-default"}},"9dc3ab92-4701-4bf4-b633-74b0887e67ce":{"type":"dual-tiles","blocks":{"47989d2b-8e06-4eb2-a9a9-286a4803884c":{"type":"tile","settings":{"color_scheme_text":"text-colors-default","color_scheme_background":"background-colors-accent-1","image_desktop":"shopify:\/\/shop_images\/Yassmin_Saleh_clp_S23_026.jpg","video_desktop_external":"","video_mobile_external":"","content_position_horizontal":"text-center align-center","content_position_vertical":"justify-center","title":"","text_size":1,"button_style":"button--filled","button_text":"","button_url":"","content_layout":"content--relative","block_margin_left":0,"block_margin_right":0,"block_padding_top":0,"block_padding_bottom":0,"block_padding_left":0,"block_padding_right":0}},"9b6e7317-d52b-4efc-90e6-8f624b1c34a5":{"type":"tile","settings":{"color_scheme_text":"text-colors-default","color_scheme_background":"background-colors-accent-2","image_desktop":"shopify:\/\/shop_images\/Yassmin_Saleh_S23_011b.jpg","video_desktop_external":"","video_mobile_external":"","content_position_horizontal":"text-center align-center","content_position_vertical":"justify-center","title":"","text_size":1,"button_style":"button--filled","button_text":"","button_url":"","content_layout":"content--relative","block_margin_left":0,"block_margin_right":0,"block_padding_top":0,"block_padding_bottom":0,"block_padding_left":0,"block_padding_right":0}}},"block_order":["47989d2b-8e06-4eb2-a9a9-286a4803884c","9b6e7317-d52b-4efc-90e6-8f624b1c34a5"],"settings":{"section_width":"max-w-page","section_height":65,"layout":"section-dual-tiles--50-50","gap_between_tiles":0,"spacing_top_desktop":0,"spacing_bottom_desktop":0,"spacing_top_mobile":0,"spacing_bottom_mobile":0}},"ad0145c9-aa1c-44fc-969e-6bbd2b5a7b1b":{"type":"tab","blocks":{"template--14742459744333__ad0145c9-aa1c-44fc-969e-6bbd2b5a7b1b-tab-1":{"type":"tab","settings":{"title":"","m_image":"shopify:\/\/shop_images\/Yassmin_Saleh_S23_015.jpg"}},"5f0a2ed5-ff48-4089-b637-7b925309ff6a":{"type":"tab","settings":{"title":"","m_image":"shopify:\/\/shop_images\/Yassmin_Saleh_clp_S23_057.jpg"}},"8b254d0a-7c5f-4295-9dc0-3e10bc29e94d":{"type":"tab","settings":{"title":"","m_image":"shopify:\/\/shop_images\/Yassmin_Saleh_S23_030.jpg"}},"d68213d5-0dec-47ea-80dc-e7785684b197":{"type":"tab","settings":{"title":"","m_image":"shopify:\/\/shop_images\/Yassmin_Saleh_clp_S23_103.jpg"}}},"block_order":["template--14742459744333__ad0145c9-aa1c-44fc-969e-6bbd2b5a7b1b-tab-1","5f0a2ed5-ff48-4089-b637-7b925309ff6a","8b254d0a-7c5f-4295-9dc0-3e10bc29e94d","d68213d5-0dec-47ea-80dc-e7785684b197"],"settings":{"full_width":true,"content_size":"medium","subheading":"Subheading","title":"Heading","first_tab_open":false,"background":"","background_gradient":"","text_color":"","heading_color":"","heading_gradient":"","elements_per_row":4}},"6f885109-59c1-4917-b75d-7b08008687c4":{"type":"dual-tiles","blocks":{"cda2b440-8002-4a87-a557-04c1eda8dd60":{"type":"tile","settings":{"color_scheme_text":"text-colors-default","color_scheme_background":"background-colors-accent-1","image_desktop":"shopify:\/\/shop_images\/Yassmin_Saleh_clp_S23_016.jpg","video_desktop_external":"","video_mobile_external":"","content_position_horizontal":"text-center align-center","content_position_vertical":"justify-center","title":"","text_size":1,"button_style":"button--filled","button_text":"","button_url":"","content_layout":"content--relative","block_margin_left":0,"block_margin_right":0,"block_padding_top":0,"block_padding_bottom":0,"block_padding_left":0,"block_padding_right":0}},"5acb2cbc-2b22-41e6-bedb-90eb35a172c9":{"type":"tile","settings":{"color_scheme_text":"text-colors-default","color_scheme_background":"background-colors-accent-2","image_desktop":"shopify:\/\/shop_images\/Yassmin_Saleh_clp_S23_002.jpg","video_desktop_external":"","video_mobile_external":"","content_position_horizontal":"text-center align-center","content_position_vertical":"justify-center","title":"","text_size":1,"button_style":"button--filled","button_text":"","button_url":"","content_layout":"content--relative","block_margin_left":0,"block_margin_right":0,"block_padding_top":0,"block_padding_bottom":0,"block_padding_left":0,"block_padding_right":0}}},"block_order":["cda2b440-8002-4a87-a557-04c1eda8dd60","5acb2cbc-2b22-41e6-bedb-90eb35a172c9"],"settings":{"section_width":"max-w-page","section_height":65,"layout":"section-dual-tiles--50-50","gap_between_tiles":0,"spacing_top_desktop":0,"spacing_bottom_desktop":0,"spacing_top_mobile":0,"spacing_bottom_mobile":0}},"1f4fe807-641b-4c5e-9ba5-cebf574bb359":{"type":"tab","blocks":{"template--14742459744333__1f4fe807-641b-4c5e-9ba5-cebf574bb359-tab-1":{"type":"tab","settings":{"title":"","m_image":"shopify:\/\/shop_images\/Yassmin_Saleh_clp_S23_022.jpg"}},"4f1b8858-62ab-4f4a-a3a7-c03927c10080":{"type":"tab","settings":{"title":"","m_image":"shopify:\/\/shop_images\/Yassmin_Saleh_clp_S23_017.jpg"}},"084368c1-4afd-4401-a223-5b518ea46402":{"type":"tab","settings":{"title":"","m_image":"shopify:\/\/shop_images\/Yassmin_Saleh_clp_S23_042.jpg"}},"ecb78ebe-994e-4e9b-a7fb-3d9e7c72cb38":{"type":"tab","settings":{"title":"","m_image":"shopify:\/\/shop_images\/Yassmin_Saleh_clp_S23_070.jpg"}},"c7e7e20c-a288-4db0-ac81-8a3c0793500c":{"type":"tab","settings":{"title":"","m_image":"shopify:\/\/shop_images\/Yassmin_Saleh_S23_029b.jpg"}},"34bfdfc7-f4ad-461b-af47-f25f20670f1f":{"type":"tab","settings":{"title":"","m_image":"shopify:\/\/shop_images\/Yassmin_Saleh_S23_024b.jpg"}},"993d8955-0031-4a35-b4a0-96b4d27205fb":{"type":"tab","settings":{"title":"","m_image":"shopify:\/\/shop_images\/Yassmin_Saleh_S23_022b.jpg"}},"0810ad3c-d270-423f-b907-eb1b9fa0d140":{"type":"tab","settings":{"title":"","m_image":"shopify:\/\/shop_images\/Yassmin_Saleh_S23_020.jpg"}}},"block_order":["template--14742459744333__1f4fe807-641b-4c5e-9ba5-cebf574bb359-tab-1","4f1b8858-62ab-4f4a-a3a7-c03927c10080","084368c1-4afd-4401-a223-5b518ea46402","ecb78ebe-994e-4e9b-a7fb-3d9e7c72cb38","c7e7e20c-a288-4db0-ac81-8a3c0793500c","34bfdfc7-f4ad-461b-af47-f25f20670f1f","993d8955-0031-4a35-b4a0-96b4d27205fb","0810ad3c-d270-423f-b907-eb1b9fa0d140"],"settings":{"full_width":true,"content_size":"medium","subheading":"Subheading","title":"Heading","first_tab_open":false,"background":"","background_gradient":"","text_color":"","heading_color":"","heading_gradient":"","elements_per_row":4}},"e638a0d3-4b98-4a64-92a6-3c670e4fe156":{"type":"dual-tiles","blocks":{"06444a79-d6be-4324-9c6c-7e10bc179935":{"type":"tile","settings":{"color_scheme_text":"text-colors-default","color_scheme_background":"background-colors-accent-1","image_desktop":"shopify:\/\/shop_images\/Yassmin_Saleh_S23_027b.jpg","video_desktop_external":"","video_mobile_external":"","content_position_horizontal":"text-center align-center","content_position_vertical":"justify-center","title":"","text_size":1,"button_style":"button--filled","button_text":"","button_url":"","content_layout":"content--relative","block_margin_left":0,"block_margin_right":0,"block_padding_top":0,"block_padding_bottom":0,"block_padding_left":0,"block_padding_right":0}},"46ddb994-3a65-4a77-839d-1f16daf268a2":{"type":"tile","settings":{"color_scheme_text":"text-colors-default","color_scheme_background":"background-colors-accent-2","image_desktop":"shopify:\/\/shop_images\/Yassmin_Saleh_S23_023b.jpg","video_desktop_external":"","video_mobile_external":"","content_position_horizontal":"text-center align-center","content_position_vertical":"justify-center","title":"","text_size":1,"button_style":"button--filled","button_text":"","button_url":"","content_layout":"content--relative","block_margin_left":0,"block_margin_right":0,"block_padding_top":0,"block_padding_bottom":0,"block_padding_left":0,"block_padding_right":0}}},"block_order":["06444a79-d6be-4324-9c6c-7e10bc179935","46ddb994-3a65-4a77-839d-1f16daf268a2"],"settings":{"section_width":"max-w-page","section_height":65,"layout":"section-dual-tiles--50-50","gap_between_tiles":0,"spacing_top_desktop":0,"spacing_bottom_desktop":0,"spacing_top_mobile":0,"spacing_bottom_mobile":0}},"663c1b49-b349-486d-824e-897e6f308149":{"type":"tab","blocks":{"8cd3fec4-4c4e-4a9f-a585-6ef41fde762f":{"type":"tab","settings":{"title":"","m_image":"shopify:\/\/shop_images\/Yassmin_Saleh_S23_025b.jpg"}},"040d084d-3369-4489-bbf3-eaa3a82433be":{"type":"tab","settings":{"title":"","m_image":"shopify:\/\/shop_images\/Yassmin_Saleh_S23_026b.jpg"}},"89002283-6e87-4c04-b267-f2519fd489b2":{"type":"tab","settings":{"title":"","m_image":"shopify:\/\/shop_images\/Yassmin_Saleh_S23_019b.jpg"}},"faf88ce2-b988-468a-9b29-99f3977086f9":{"type":"tab","settings":{"title":"","m_image":"shopify:\/\/shop_images\/Yassmin_Saleh_S23_010b.jpg"}},"8ed26f79-e81b-4807-9660-8b591da6583d":{"type":"tab","settings":{"title":"","m_image":"shopify:\/\/shop_images\/Yassmin_Saleh_S23_018b.jpg"}},"2fca0fc1-33a0-4393-a85e-47780148646d":{"type":"tab","settings":{"title":"","m_image":"shopify:\/\/shop_images\/Yassmin_Saleh_S23_030b.jpg"}},"8efe2525-f63b-481c-8519-3d089b738e17":{"type":"tab","settings":{"title":"","m_image":"shopify:\/\/shop_images\/Yassmin_Saleh_S23_008b.jpg"}},"3530c905-8a98-45c8-8534-1e3325783eac":{"type":"tab","settings":{"title":"","m_image":"shopify:\/\/shop_images\/Yassmin_Saleh_S23_014b.jpg"}}},"block_order":["8cd3fec4-4c4e-4a9f-a585-6ef41fde762f","040d084d-3369-4489-bbf3-eaa3a82433be","89002283-6e87-4c04-b267-f2519fd489b2","faf88ce2-b988-468a-9b29-99f3977086f9","8ed26f79-e81b-4807-9660-8b591da6583d","2fca0fc1-33a0-4393-a85e-47780148646d","8efe2525-f63b-481c-8519-3d089b738e17","3530c905-8a98-45c8-8534-1e3325783eac"],"settings":{"full_width":true,"content_size":"medium","subheading":"Subheading","title":"Heading","first_tab_open":false,"background":"","background_gradient":"","text_color":"","heading_color":"","heading_gradient":"","elements_per_row":4}},"33ccf234-1b7b-46ee-bf22-cab564d15ba6":{"type":"dual-tiles","blocks":{"20e9bf61-3a02-48f7-998c-81105f545026":{"type":"tile","settings":{"color_scheme_text":"text-colors-default","color_scheme_background":"background-colors-accent-1","image_desktop":"shopify:\/\/shop_images\/Yassmin_Saleh_S23_013.jpg","video_desktop_external":"","video_mobile_external":"","content_position_horizontal":"text-center align-center","content_position_vertical":"justify-center","title":"","text_size":1,"button_style":"button--filled","button_text":"","button_url":"","content_layout":"content--relative","block_margin_left":0,"block_margin_right":0,"block_padding_top":0,"block_padding_bottom":0,"block_padding_left":0,"block_padding_right":0}},"e5342ef4-aaa0-49b5-b220-6fe8843b5b97":{"type":"tile","settings":{"color_scheme_text":"text-colors-default","color_scheme_background":"background-colors-accent-2","image_desktop":"shopify:\/\/shop_images\/Yassmin_Saleh_S23_017.jpg","video_desktop_external":"","video_mobile_external":"","content_position_horizontal":"text-center align-center","content_position_vertical":"justify-center","title":"","text_size":1,"button_style":"button--filled","button_text":"","button_url":"","content_layout":"content--relative","block_margin_left":0,"block_margin_right":0,"block_padding_top":0,"block_padding_bottom":0,"block_padding_left":0,"block_padding_right":0}}},"block_order":["20e9bf61-3a02-48f7-998c-81105f545026","e5342ef4-aaa0-49b5-b220-6fe8843b5b97"],"settings":{"section_width":"max-w-page","section_height":65,"layout":"section-dual-tiles--50-50","gap_between_tiles":0,"spacing_top_desktop":0,"spacing_bottom_desktop":0,"spacing_top_mobile":0,"spacing_bottom_mobile":0}},"6dcf2528-764a-46b8-8bf5-b1e1eca82070":{"type":"tab","blocks":{"8dfad33b-f0cc-4f1b-a7e4-985f77260e04":{"type":"tab","settings":{"title":"","m_image":"shopify:\/\/shop_images\/Yassmin_Saleh_S23_028b.jpg"}},"1ec968fa-5fec-4b24-ae9f-511ff9be0ff6":{"type":"tab","settings":{"title":"","m_image":"shopify:\/\/shop_images\/Yassmin_Saleh_S23_028a.jpg"}},"42d680f7-5327-442f-99c0-f24c8adae39c":{"type":"tab","settings":{"title":"","m_image":"shopify:\/\/shop_images\/Yassmin_Saleh_clp_S23_138.jpg"}}},"block_order":["8dfad33b-f0cc-4f1b-a7e4-985f77260e04","1ec968fa-5fec-4b24-ae9f-511ff9be0ff6","42d680f7-5327-442f-99c0-f24c8adae39c"],"settings":{"full_width":true,"content_size":"medium","subheading":"Subheading","title":"Heading","first_tab_open":false,"background":"","background_gradient":"","text_color":"","heading_color":"","heading_gradient":"","elements_per_row":3}},"8d0b9587-c30d-4891-a93e-3f17ec2ad998":{"type":"dual-tiles","blocks":{"602c94b1-4ebe-4d1a-88f8-18fa60061c33":{"type":"tile","settings":{"color_scheme_text":"text-colors-default","color_scheme_background":"background-colors-accent-1","image_desktop":"shopify:\/\/shop_images\/Yassmin_Saleh_S23_018.jpg","video_desktop_external":"","video_mobile_external":"","content_position_horizontal":"text-center align-center","content_position_vertical":"justify-center","title":"","text_size":1,"button_style":"button--filled","button_text":"","button_url":"","content_layout":"content--relative","block_margin_left":0,"block_margin_right":0,"block_padding_top":0,"block_padding_bottom":0,"block_padding_left":0,"block_padding_right":0}},"52febc3f-2978-4111-8814-4983f80ae1ca":{"type":"tile","settings":{"color_scheme_text":"text-colors-default","color_scheme_background":"background-colors-accent-2","image_desktop":"shopify:\/\/shop_images\/Yassmin_Saleh_S23_016a.jpg","video_desktop_external":"","video_mobile_external":"","content_position_horizontal":"text-center align-center","content_position_vertical":"justify-center","title":"","text_size":1,"button_style":"button--filled","button_text":"","button_url":"","content_layout":"content--relative","block_margin_left":0,"block_margin_right":0,"block_padding_top":0,"block_padding_bottom":0,"block_padding_left":0,"block_padding_right":0}}},"block_order":["602c94b1-4ebe-4d1a-88f8-18fa60061c33","52febc3f-2978-4111-8814-4983f80ae1ca"],"settings":{"section_width":"max-w-page","section_height":65,"layout":"section-dual-tiles--50-50","gap_between_tiles":0,"spacing_top_desktop":0,"spacing_bottom_desktop":0,"spacing_top_mobile":0,"spacing_bottom_mobile":0}},"32eab221-8102-46b0-b005-63ebefd4aff1":{"type":"tab","blocks":{"34a9eae8-eeb4-4e80-9fce-62fbbed2dae0":{"type":"tab","settings":{"title":"","m_image":"shopify:\/\/shop_images\/Yassmin_Saleh_S23_024a.jpg"}},"30a8aa74-166e-4056-aece-b93b18ad6b87":{"type":"tab","settings":{"title":"","m_image":"shopify:\/\/shop_images\/Yassmin_Saleh_S23_006a.jpg"}},"003dc4de-19a0-4aaf-b3e2-5a7c9be50df8":{"type":"tab","settings":{"title":"","m_image":"shopify:\/\/shop_images\/Yassmin_Saleh_S23_001a.jpg"}},"d529ec5a-9993-4fb9-948b-52e52135511b":{"type":"tab","settings":{"title":"","m_image":"shopify:\/\/shop_images\/Yassmin_Saleh_S23_020.jpg"}}},"block_order":["34a9eae8-eeb4-4e80-9fce-62fbbed2dae0","30a8aa74-166e-4056-aece-b93b18ad6b87","003dc4de-19a0-4aaf-b3e2-5a7c9be50df8","d529ec5a-9993-4fb9-948b-52e52135511b"],"settings":{"full_width":true,"content_size":"medium","subheading":"Subheading","title":"Heading","first_tab_open":false,"background":"","background_gradient":"","text_color":"","heading_color":"","heading_gradient":"","elements_per_row":4}},"084a685b-2590-40fd-83f7-fcb8c1c99dfd":{"type":"dual-tiles","blocks":{"dfb3cc48-d26e-48f4-9aa1-ab23659dca91":{"type":"tile","settings":{"color_scheme_text":"text-colors-default","color_scheme_background":"background-colors-accent-1","image_desktop":"shopify:\/\/shop_images\/Yassmin_Saleh_S23_007.jpg","video_desktop_external":"","video_mobile_external":"","content_position_horizontal":"text-center align-center","content_position_vertical":"justify-center","title":"","text_size":1,"button_style":"button--filled","button_text":"","button_url":"","content_layout":"content--relative","block_margin_left":0,"block_margin_right":0,"block_padding_top":0,"block_padding_bottom":0,"block_padding_left":0,"block_padding_right":0}},"bc287092-9ee5-4db6-85c8-e14fc254a597":{"type":"tile","settings":{"color_scheme_text":"text-colors-default","color_scheme_background":"background-colors-accent-2","image_desktop":"shopify:\/\/shop_images\/Yassmin_Saleh_S23_004a.jpg","video_desktop_external":"","video_mobile_external":"","content_position_horizontal":"text-center align-center","content_position_vertical":"justify-center","title":"","text_size":1,"button_style":"button--filled","button_text":"","button_url":"","content_layout":"content--relative","block_margin_left":0,"block_margin_right":0,"block_padding_top":0,"block_padding_bottom":0,"block_padding_left":0,"block_padding_right":0}}},"block_order":["dfb3cc48-d26e-48f4-9aa1-ab23659dca91","bc287092-9ee5-4db6-85c8-e14fc254a597"],"settings":{"section_width":"max-w-page","section_height":65,"layout":"section-dual-tiles--50-50","gap_between_tiles":0,"spacing_top_desktop":0,"spacing_bottom_desktop":0,"spacing_top_mobile":0,"spacing_bottom_mobile":0}},"6e02f475-72b9-4aec-8c33-78571ede92ff":{"type":"dual-tiles","blocks":{"10dbe6e3-ab97-45e8-a7ea-f9111479b379":{"type":"tile","settings":{"color_scheme_text":"text-colors-default","color_scheme_background":"background-colors-accent-1","image_desktop":"shopify:\/\/shop_images\/Yassmin_Saleh_S23_015.jpg","video_desktop_external":"","video_mobile_external":"","content_position_horizontal":"text-center align-center","content_position_vertical":"justify-center","title":"","text_size":1,"button_style":"button--filled","button_text":"","button_url":"","content_layout":"content--relative","block_margin_left":0,"block_margin_right":0,"block_padding_top":0,"block_padding_bottom":0,"block_padding_left":0,"block_padding_right":0}},"946ccbc3-81d4-4697-bedf-c2c4dd8a2fd1":{"type":"tile","settings":{"color_scheme_text":"text-colors-default","color_scheme_background":"background-colors-accent-2","image_desktop":"shopify:\/\/shop_images\/Yassmin_Saleh_S23_012.jpg","video_desktop_external":"","video_mobile_external":"","content_position_horizontal":"text-center align-center","content_position_vertical":"justify-center","title":"","text_size":1,"button_style":"button--filled","button_text":"","button_url":"","content_layout":"content--relative","block_margin_left":0,"block_margin_right":0,"block_padding_top":0,"block_padding_bottom":0,"block_padding_left":0,"block_padding_right":0}}},"block_order":["10dbe6e3-ab97-45e8-a7ea-f9111479b379","946ccbc3-81d4-4697-bedf-c2c4dd8a2fd1"],"settings":{"section_width":"max-w-page","section_height":65,"layout":"section-dual-tiles--50-50","gap_between_tiles":0,"spacing_top_desktop":0,"spacing_bottom_desktop":0,"spacing_top_mobile":0,"spacing_bottom_mobile":0}},"73f45add-28be-45ed-aed3-66b5b0c04b38":{"type":"dual-tiles","blocks":{"9c056a88-145a-4726-be17-440baf07c5a4":{"type":"tile","settings":{"color_scheme_text":"text-colors-default","color_scheme_background":"background-colors-accent-1","image_desktop":"shopify:\/\/shop_images\/Yassmin_Saleh_S23_019a.jpg","video_desktop_external":"","video_mobile_external":"","content_position_horizontal":"text-center align-center","content_position_vertical":"justify-center","title":"","text_size":1,"button_style":"button--text","button_text":"View More","button_url":"shopify:\/\/collections\/spring-summer-23","content_layout":"content--relative","block_margin_left":0,"block_margin_right":0,"block_padding_top":0,"block_padding_bottom":0,"block_padding_left":0,"block_padding_right":0}},"aefa5cd9-adc6-4fb5-9abb-c548a5d6affa":{"type":"tile","settings":{"color_scheme_text":"text-colors-default","color_scheme_background":"background-colors-accent-2","image_desktop":"shopify:\/\/shop_images\/Yassmin_Saleh_S23_025.jpg","video_desktop_external":"","video_mobile_external":"","content_position_horizontal":"text-center align-center","content_position_vertical":"justify-center","title":"","text_size":1,"button_style":"button--filled","button_text":"","button_url":"","content_layout":"content--relative","block_margin_left":0,"block_margin_right":0,"block_padding_top":0,"block_padding_bottom":0,"block_padding_left":0,"block_padding_right":0}}},"block_order":["9c056a88-145a-4726-be17-440baf07c5a4","aefa5cd9-adc6-4fb5-9abb-c548a5d6affa"],"settings":{"section_width":"max-w-page","section_height":65,"layout":"section-dual-tiles--50-50","gap_between_tiles":0,"spacing_top_desktop":0,"spacing_bottom_desktop":0,"spacing_top_mobile":0,"spacing_bottom_mobile":0}},"e4f096d9-aa9c-41ee-9dbb-9947c0357c43":{"type":"dual-tiles","blocks":{"063abc39-315b-4b6f-9905-dc3ffcc11b31":{"type":"tile","settings":{"color_scheme_text":"text-colors-default","color_scheme_background":"background-colors-accent-1","video_desktop_external":"","video_mobile_external":"","content_position_horizontal":"text-center align-center","content_position_vertical":"justify-center","title":"Yassmin Saleh","text_size":3.5,"button_style":"button--filled","button_text":"","button_url":"","content_layout":"content--relative","block_margin_left":0,"block_margin_right":0,"block_padding_top":0,"block_padding_bottom":0,"block_padding_left":0,"block_padding_right":0}},"f18bee88-8cbc-4c6b-b838-a590c64af936":{"type":"tile","settings":{"color_scheme_text":"text-colors-default","color_scheme_background":"background-colors-accent-2","image_desktop":"shopify:\/\/shop_images\/Yassmin_Saleh_S23_032.jpg","video_desktop_external":"","video_mobile_external":"","content_position_horizontal":"text-center align-center","content_position_vertical":"justify-center","title":"","text_size":1,"button_style":"button--filled","button_text":"","button_url":"","content_layout":"content--relative","block_margin_left":0,"block_margin_right":0,"block_padding_top":0,"block_padding_bottom":0,"block_padding_left":0,"block_padding_right":0}}},"block_order":["063abc39-315b-4b6f-9905-dc3ffcc11b31","f18bee88-8cbc-4c6b-b838-a590c64af936"],"settings":{"section_width":"max-w-page","section_height":65,"layout":"section-dual-tiles--50-50","gap_between_tiles":0,"spacing_top_desktop":0,"spacing_bottom_desktop":0,"spacing_top_mobile":0,"spacing_bottom_mobile":0}}},"order":["banner","main","27696e2e-584b-438d-a275-9e681c8735ca","9dc3ab92-4701-4bf4-b633-74b0887e67ce","ad0145c9-aa1c-44fc-969e-6bbd2b5a7b1b","6f885109-59c1-4917-b75d-7b08008687c4","1f4fe807-641b-4c5e-9ba5-cebf574bb359","e638a0d3-4b98-4a64-92a6-3c670e4fe156","663c1b49-b349-486d-824e-897e6f308149","33ccf234-1b7b-46ee-bf22-cab564d15ba6","6dcf2528-764a-46b8-8bf5-b1e1eca82070","8d0b9587-c30d-4891-a93e-3f17ec2ad998","32eab221-8102-46b0-b005-63ebefd4aff1","084a685b-2590-40fd-83f7-fcb8c1c99dfd","6e02f475-72b9-4aec-8c33-78571ede92ff","73f45add-28be-45ed-aed3-66b5b0c04b38","e4f096d9-aa9c-41ee-9dbb-9947c0357c43"]}