{"sections":{"banner":{"type":"main-collection-banner","disabled":true,"settings":{"banner_layout":"banner--full","color_scheme_text":"color-text-primary","color_scheme_text_no_image":"text-colors-default","color_scheme_background":"background-colors-accent-2"}},"main":{"type":"main-collection","blocks":{"96d74506-d90d-4c41-b78f-4d67853600e5":{"type":"text-card","settings":{"color_scheme_text":"color-text-inverse","color_scheme_background":"background-colors-accent-2","position":7,"title":"Designed by women, for all women, from petite to grande","button_text":"","button_url":""}}},"block_order":["96d74506-d90d-4c41-b78f-4d67853600e5"],"disabled":true,"custom_css":[".collection__grid {column-gap: 0px;}"],"settings":{"color_scheme_text":"color-text-primary","color_scheme_background":"background-colors-default","enable_products_count":true,"enable_sorting":true,"enable_filters":true,"button_style":"button--filter","sidebar_navigation":"","column_gap_desktop":0.2,"column_gap_mobile":0.2,"products_per_page":19,"products_per_row_default":"4","products_per_row_ui":true}},"02434e7d-385e-42ac-8195-510fa257a596":{"type":"image-with-text","blocks":{"template--14745415450701__02434e7d-385e-42ac-8195-510fa257a596-text-1":{"type":"text","settings":{"text_align_desktop":"text-center-desktop","text_align_mobile":"text-center","title":"","content":"<h2>Fall\/Winter 2022<\/h2>","button_separator":false,"button_text":"Button label","button_url":"","button_style":"button--outlined"}}},"block_order":["template--14745415450701__02434e7d-385e-42ac-8195-510fa257a596-text-1"],"settings":{"padding_vertical_desktop":"","padding_vertical_mobile":"pt-0-mobile-small pb-0-mobile-small","color_scheme_text":"text-colors-default","color_scheme_background":"background-colors-default"}},"9dc3ab92-4701-4bf4-b633-74b0887e67ce":{"type":"dual-tiles","blocks":{"47989d2b-8e06-4eb2-a9a9-286a4803884c":{"type":"tile","settings":{"color_scheme_text":"text-colors-default","color_scheme_background":"background-colors-accent-1","image_desktop":"shopify:\/\/shop_images\/Frame_40_353ea3b5-c6b2-481d-963d-939940a474f5.png","video_desktop_external":"","video_mobile_external":"","content_position_horizontal":"text-center align-center","content_position_vertical":"justify-center","title":"","text_size":1,"button_style":"button--filled","button_text":"","button_url":"","content_layout":"content--relative","block_margin_left":0,"block_margin_right":0,"block_padding_top":0,"block_padding_bottom":0,"block_padding_left":0,"block_padding_right":0}},"9b6e7317-d52b-4efc-90e6-8f624b1c34a5":{"type":"tile","settings":{"color_scheme_text":"text-colors-default","color_scheme_background":"background-colors-accent-2","image_desktop":"shopify:\/\/shop_images\/FW22-Shaabna-38_be5d7a00-d6f4-4709-ba4e-a0db70bb367b.jpg","video_desktop_external":"","video_mobile_external":"","content_position_horizontal":"text-center align-center","content_position_vertical":"justify-center","title":"","text_size":1,"button_style":"button--filled","button_text":"","button_url":"","content_layout":"content--relative","block_margin_left":0,"block_margin_right":0,"block_padding_top":0,"block_padding_bottom":0,"block_padding_left":0,"block_padding_right":0}}},"block_order":["47989d2b-8e06-4eb2-a9a9-286a4803884c","9b6e7317-d52b-4efc-90e6-8f624b1c34a5"],"settings":{"section_width":"max-w-page","section_height":65,"layout":"section-dual-tiles--50-50","gap_between_tiles":0,"spacing_top_desktop":0,"spacing_bottom_desktop":0,"spacing_top_mobile":0,"spacing_bottom_mobile":0}},"f832ed66-a38e-4226-b6b0-d5aa380ff4e8":{"type":"dual-tiles","blocks":{"template--14742024355917__f832ed66-a38e-4226-b6b0-d5aa380ff4e8-tile-1":{"type":"tile","settings":{"color_scheme_text":"text-colors-default","color_scheme_background":"background-colors-accent-1","image_desktop":"shopify:\/\/shop_images\/FW22-Shaabna-24_ef50f0d9-1b40-46df-b9b2-45f52a648ecb.jpg","video_desktop_external":"","video_mobile_external":"","content_position_horizontal":"text-center align-center","content_position_vertical":"justify-center","title":"","text_size":1,"button_style":"button--filled","button_text":"","button_url":"","content_layout":"content--relative","block_margin_left":0,"block_margin_right":0,"block_padding_top":0,"block_padding_bottom":0,"block_padding_left":0,"block_padding_right":0}},"template--14742024355917__f832ed66-a38e-4226-b6b0-d5aa380ff4e8-tile-2":{"type":"tile","settings":{"color_scheme_text":"text-colors-default","color_scheme_background":"background-colors-accent-2","image_desktop":"shopify:\/\/shop_images\/FW22-Shaabna-25_f5e30ab7-3c98-4bc5-a535-a97e4316ec23.jpg","video_desktop_external":"","video_mobile_external":"","content_position_horizontal":"text-center align-center","content_position_vertical":"justify-center","title":"","text_size":1,"button_style":"button--filled","button_text":"","button_url":"","content_layout":"content--relative","block_margin_left":0,"block_margin_right":0,"block_padding_top":0,"block_padding_bottom":0,"block_padding_left":0,"block_padding_right":0}}},"block_order":["template--14742024355917__f832ed66-a38e-4226-b6b0-d5aa380ff4e8-tile-1","template--14742024355917__f832ed66-a38e-4226-b6b0-d5aa380ff4e8-tile-2"],"settings":{"section_width":"max-w-page","section_height":65,"layout":"section-dual-tiles--50-50","gap_between_tiles":0,"spacing_top_desktop":0,"spacing_bottom_desktop":0,"spacing_top_mobile":0,"spacing_bottom_mobile":0}},"ad0145c9-aa1c-44fc-969e-6bbd2b5a7b1b":{"type":"tab","blocks":{"template--14742459744333__ad0145c9-aa1c-44fc-969e-6bbd2b5a7b1b-tab-1":{"type":"tab","settings":{"title":"","m_image":"shopify:\/\/shop_images\/FW22-Shaabna-8_b5b7221c-dfe4-490a-8775-7e9e4f02896d.jpg"}},"5f0a2ed5-ff48-4089-b637-7b925309ff6a":{"type":"tab","settings":{"title":"","m_image":"shopify:\/\/shop_images\/FW22-Shaabna-6_0f2b0acb-4f7f-4fec-9718-123fc2c49a44.jpg"}},"8b254d0a-7c5f-4295-9dc0-3e10bc29e94d":{"type":"tab","settings":{"title":"","m_image":"shopify:\/\/shop_images\/FW22-Shaabna-7_b4a1fda7-488f-4186-9d50-a46e28287bf3.jpg"}},"d68213d5-0dec-47ea-80dc-e7785684b197":{"type":"tab","settings":{"title":"","m_image":"shopify:\/\/shop_images\/FW22-Shaabna-5_a079e764-4ce2-4b73-844f-a150e454dc84.jpg"}}},"block_order":["template--14742459744333__ad0145c9-aa1c-44fc-969e-6bbd2b5a7b1b-tab-1","5f0a2ed5-ff48-4089-b637-7b925309ff6a","8b254d0a-7c5f-4295-9dc0-3e10bc29e94d","d68213d5-0dec-47ea-80dc-e7785684b197"],"settings":{"full_width":true,"content_size":"medium","subheading":"Subheading","title":"Heading","first_tab_open":false,"background":"","background_gradient":"","text_color":"","heading_color":"","heading_gradient":"","elements_per_row":4}},"6f885109-59c1-4917-b75d-7b08008687c4":{"type":"dual-tiles","blocks":{"cda2b440-8002-4a87-a557-04c1eda8dd60":{"type":"tile","settings":{"color_scheme_text":"text-colors-default","color_scheme_background":"background-colors-accent-1","image_desktop":"shopify:\/\/shop_images\/FW22-Shaabna-31_ec09645b-18b6-4754-a661-c61be4a42bcf.jpg","video_desktop_external":"","video_mobile_external":"","content_position_horizontal":"text-center align-center","content_position_vertical":"justify-center","title":"","text_size":1,"button_style":"button--filled","button_text":"","button_url":"","content_layout":"content--relative","block_margin_left":0,"block_margin_right":0,"block_padding_top":0,"block_padding_bottom":0,"block_padding_left":0,"block_padding_right":0}},"5acb2cbc-2b22-41e6-bedb-90eb35a172c9":{"type":"tile","settings":{"color_scheme_text":"text-colors-default","color_scheme_background":"background-colors-accent-2","image_desktop":"shopify:\/\/shop_images\/FW22-Shaabna-30_e9e5b9db-aa42-4414-b08b-93f8aedcd10e.jpg","video_desktop_external":"","video_mobile_external":"","content_position_horizontal":"text-center align-center","content_position_vertical":"justify-center","title":"","text_size":1,"button_style":"button--filled","button_text":"","button_url":"","content_layout":"content--relative","block_margin_left":0,"block_margin_right":0,"block_padding_top":0,"block_padding_bottom":0,"block_padding_left":0,"block_padding_right":0}}},"block_order":["cda2b440-8002-4a87-a557-04c1eda8dd60","5acb2cbc-2b22-41e6-bedb-90eb35a172c9"],"settings":{"section_width":"max-w-page","section_height":65,"layout":"section-dual-tiles--50-50","gap_between_tiles":0,"spacing_top_desktop":0,"spacing_bottom_desktop":0,"spacing_top_mobile":0,"spacing_bottom_mobile":0}},"1f4fe807-641b-4c5e-9ba5-cebf574bb359":{"type":"tab","blocks":{"template--14742459744333__1f4fe807-641b-4c5e-9ba5-cebf574bb359-tab-1":{"type":"tab","settings":{"title":"","m_image":"shopify:\/\/shop_images\/FW22-Shaabna-109_647bbfd0-bef9-4373-8f7f-4c1f81a710d2.jpg"}},"4f1b8858-62ab-4f4a-a3a7-c03927c10080":{"type":"tab","settings":{"title":"","m_image":"shopify:\/\/shop_images\/FW22-Shaabna-108_e7feaa32-df02-4514-aed0-b90f5e9e9680.jpg"}},"084368c1-4afd-4401-a223-5b518ea46402":{"type":"tab","settings":{"title":"","m_image":"shopify:\/\/shop_images\/FW22-Shaabna-110_98fc9e2c-c98a-4ce4-9a55-7f16569bed98.jpg"}},"ecb78ebe-994e-4e9b-a7fb-3d9e7c72cb38":{"type":"tab","settings":{"title":"","m_image":"shopify:\/\/shop_images\/FW22-Shaabna-111_54da4b97-d4a5-4fae-b4ac-9e98398916c3.jpg"}},"c7e7e20c-a288-4db0-ac81-8a3c0793500c":{"type":"tab","settings":{"title":"","m_image":"shopify:\/\/shop_images\/FW22-Shaabna-26_f2d1701d-d6b7-4184-b784-f7a7c16506a2.jpg"}},"34bfdfc7-f4ad-461b-af47-f25f20670f1f":{"type":"tab","settings":{"title":"","m_image":"shopify:\/\/shop_images\/FW22-Shaabna-28_6d720f5c-4408-44d7-83f6-c2e5e5d632dc.jpg"}},"993d8955-0031-4a35-b4a0-96b4d27205fb":{"type":"tab","settings":{"title":"","m_image":"shopify:\/\/shop_images\/FW22-Shaabna-20_442a443e-996b-45be-9ea2-9d07ddfa44ad.jpg"}},"0810ad3c-d270-423f-b907-eb1b9fa0d140":{"type":"tab","settings":{"title":"","m_image":"shopify:\/\/shop_images\/FW22-Shaabna-19_fa3c8c21-7cff-4a22-a24d-07e7940009eb.jpg"}}},"block_order":["template--14742459744333__1f4fe807-641b-4c5e-9ba5-cebf574bb359-tab-1","4f1b8858-62ab-4f4a-a3a7-c03927c10080","084368c1-4afd-4401-a223-5b518ea46402","ecb78ebe-994e-4e9b-a7fb-3d9e7c72cb38","c7e7e20c-a288-4db0-ac81-8a3c0793500c","34bfdfc7-f4ad-461b-af47-f25f20670f1f","993d8955-0031-4a35-b4a0-96b4d27205fb","0810ad3c-d270-423f-b907-eb1b9fa0d140"],"settings":{"full_width":true,"content_size":"medium","subheading":"Subheading","title":"Heading","first_tab_open":false,"background":"","background_gradient":"","text_color":"","heading_color":"","heading_gradient":"","elements_per_row":4}},"e638a0d3-4b98-4a64-92a6-3c670e4fe156":{"type":"dual-tiles","blocks":{"06444a79-d6be-4324-9c6c-7e10bc179935":{"type":"tile","settings":{"color_scheme_text":"text-colors-default","color_scheme_background":"background-colors-accent-1","image_desktop":"shopify:\/\/shop_images\/Frame_42.png","video_desktop_external":"","video_mobile_external":"","content_position_horizontal":"text-center align-center","content_position_vertical":"justify-center","title":"","text_size":1,"button_style":"button--filled","button_text":"","button_url":"","content_layout":"content--relative","block_margin_left":0,"block_margin_right":0,"block_padding_top":0,"block_padding_bottom":0,"block_padding_left":0,"block_padding_right":0}},"46ddb994-3a65-4a77-839d-1f16daf268a2":{"type":"tile","settings":{"color_scheme_text":"text-colors-default","color_scheme_background":"background-colors-accent-2","image_desktop":"shopify:\/\/shop_images\/FW22-Shaabna-80_886e11b3-12b9-4a16-bd15-00534c78aa70.jpg","video_desktop_external":"","video_mobile_external":"","content_position_horizontal":"text-center align-center","content_position_vertical":"justify-center","title":"","text_size":1,"button_style":"button--filled","button_text":"","button_url":"","content_layout":"content--relative","block_margin_left":0,"block_margin_right":0,"block_padding_top":0,"block_padding_bottom":0,"block_padding_left":0,"block_padding_right":0}}},"block_order":["06444a79-d6be-4324-9c6c-7e10bc179935","46ddb994-3a65-4a77-839d-1f16daf268a2"],"settings":{"section_width":"max-w-page","section_height":65,"layout":"section-dual-tiles--50-50","gap_between_tiles":0,"spacing_top_desktop":0,"spacing_bottom_desktop":0,"spacing_top_mobile":0,"spacing_bottom_mobile":0}},"663c1b49-b349-486d-824e-897e6f308149":{"type":"tab","blocks":{"8cd3fec4-4c4e-4a9f-a585-6ef41fde762f":{"type":"tab","settings":{"title":"","m_image":"shopify:\/\/shop_images\/FW22-Shaabna-81_a94447f3-6390-49f0-9ca5-b270fa2f43cc.jpg"}},"040d084d-3369-4489-bbf3-eaa3a82433be":{"type":"tab","settings":{"title":"","m_image":"shopify:\/\/shop_images\/FW22-Shaabna-84_5269a038-0af7-495a-9cb7-8e6067911ec8.jpg"}},"89002283-6e87-4c04-b267-f2519fd489b2":{"type":"tab","settings":{"title":"","m_image":"shopify:\/\/shop_images\/FW22-Shaabna-83_d61538a2-0686-4822-bd55-b3686bd8a165.jpg"}},"faf88ce2-b988-468a-9b29-99f3977086f9":{"type":"tab","settings":{"title":"","m_image":"shopify:\/\/shop_images\/FW22-Shaabna-82_a13b3b26-d63f-4e97-b03b-136ec2c131b9.jpg"}},"8ed26f79-e81b-4807-9660-8b591da6583d":{"type":"tab","settings":{"title":"","m_image":"shopify:\/\/shop_images\/FW22-Shaabna-89_8d0632a2-be8b-4293-91a0-51f5a2cbac1a.jpg"}},"2fca0fc1-33a0-4393-a85e-47780148646d":{"type":"tab","settings":{"title":"","m_image":"shopify:\/\/shop_images\/FW22-Shaabna-90_3db365e8-d147-4dc8-abfd-4d6cc61fa6a4.jpg"}},"8efe2525-f63b-481c-8519-3d089b738e17":{"type":"tab","settings":{"title":"","m_image":"shopify:\/\/shop_images\/FW22-Shaabna-60_24d1d967-3cdd-4110-b10c-cf039baf2b25.jpg"}},"3530c905-8a98-45c8-8534-1e3325783eac":{"type":"tab","settings":{"title":"","m_image":"shopify:\/\/shop_images\/FW22-Shaabna-59_debcee61-caf2-4832-a57b-3dc68732b46f.jpg"}}},"block_order":["8cd3fec4-4c4e-4a9f-a585-6ef41fde762f","040d084d-3369-4489-bbf3-eaa3a82433be","89002283-6e87-4c04-b267-f2519fd489b2","faf88ce2-b988-468a-9b29-99f3977086f9","8ed26f79-e81b-4807-9660-8b591da6583d","2fca0fc1-33a0-4393-a85e-47780148646d","8efe2525-f63b-481c-8519-3d089b738e17","3530c905-8a98-45c8-8534-1e3325783eac"],"settings":{"full_width":true,"content_size":"medium","subheading":"Subheading","title":"Heading","first_tab_open":false,"background":"","background_gradient":"","text_color":"","heading_color":"","heading_gradient":"","elements_per_row":4}},"33ccf234-1b7b-46ee-bf22-cab564d15ba6":{"type":"dual-tiles","blocks":{"20e9bf61-3a02-48f7-998c-81105f545026":{"type":"tile","settings":{"color_scheme_text":"text-colors-default","color_scheme_background":"background-colors-accent-1","image_desktop":"shopify:\/\/shop_images\/FW22-Shaabna-98_ef3007de-15d9-48b4-b1d5-7fa1bbe06214.jpg","video_desktop_external":"","video_mobile_external":"","content_position_horizontal":"text-center align-center","content_position_vertical":"justify-center","title":"","text_size":1,"button_style":"button--filled","button_text":"","button_url":"","content_layout":"content--relative","block_margin_left":0,"block_margin_right":0,"block_padding_top":0,"block_padding_bottom":0,"block_padding_left":0,"block_padding_right":0}},"e5342ef4-aaa0-49b5-b220-6fe8843b5b97":{"type":"tile","settings":{"color_scheme_text":"text-colors-default","color_scheme_background":"background-colors-accent-2","image_desktop":"shopify:\/\/shop_images\/FW22-Shaabna-97_b289243e-851f-43ed-b133-4d08dffc758c.jpg","video_desktop_external":"","video_mobile_external":"","content_position_horizontal":"text-center align-center","content_position_vertical":"justify-center","title":"","text_size":1,"button_style":"button--filled","button_text":"","button_url":"","content_layout":"content--relative","block_margin_left":0,"block_margin_right":0,"block_padding_top":0,"block_padding_bottom":0,"block_padding_left":0,"block_padding_right":0}}},"block_order":["20e9bf61-3a02-48f7-998c-81105f545026","e5342ef4-aaa0-49b5-b220-6fe8843b5b97"],"settings":{"section_width":"max-w-page","section_height":65,"layout":"section-dual-tiles--50-50","gap_between_tiles":0,"spacing_top_desktop":0,"spacing_bottom_desktop":0,"spacing_top_mobile":0,"spacing_bottom_mobile":0}},"6dcf2528-764a-46b8-8bf5-b1e1eca82070":{"type":"tab","blocks":{"8dfad33b-f0cc-4f1b-a7e4-985f77260e04":{"type":"tab","settings":{"title":"","m_image":"shopify:\/\/shop_images\/FW22-Shaabna-70_4b84fdf8-ce79-484d-bee2-d97b1a7dcd47.jpg"}},"42d680f7-5327-442f-99c0-f24c8adae39c":{"type":"tab","settings":{"title":"","m_image":"shopify:\/\/shop_images\/FW22-Shaabna-71_de34cdad-8493-45dc-9b11-5a1a1d27c888.jpg"}},"1ec968fa-5fec-4b24-ae9f-511ff9be0ff6":{"type":"tab","settings":{"title":"","m_image":"shopify:\/\/shop_images\/FW22-Shaabna-69_9a51fddb-0f3e-4f0a-a568-4fac389a1526.jpg"}},"13d1db8d-b78c-46bc-8fad-ed9928239377":{"type":"tab","settings":{"title":"","m_image":"shopify:\/\/shop_images\/FW22-Shaabna-68_ea7c8435-ac02-42df-9c0e-181d59aa9fcb.jpg"}}},"block_order":["8dfad33b-f0cc-4f1b-a7e4-985f77260e04","42d680f7-5327-442f-99c0-f24c8adae39c","1ec968fa-5fec-4b24-ae9f-511ff9be0ff6","13d1db8d-b78c-46bc-8fad-ed9928239377"],"settings":{"full_width":true,"content_size":"medium","subheading":"Subheading","title":"Heading","first_tab_open":false,"background":"","background_gradient":"","text_color":"","heading_color":"","heading_gradient":"","elements_per_row":4}},"8d0b9587-c30d-4891-a93e-3f17ec2ad998":{"type":"dual-tiles","blocks":{"602c94b1-4ebe-4d1a-88f8-18fa60061c33":{"type":"tile","settings":{"color_scheme_text":"text-colors-default","color_scheme_background":"background-colors-accent-1","image_desktop":"shopify:\/\/shop_images\/FW22-Shaabna-21_b629e461-89c8-409c-92ef-c6dc1ea315fd.jpg","video_desktop_external":"","video_mobile_external":"","content_position_horizontal":"text-center align-center","content_position_vertical":"justify-center","title":"","text_size":1,"button_style":"button--filled","button_text":"","button_url":"","content_layout":"content--relative","block_margin_left":0,"block_margin_right":0,"block_padding_top":0,"block_padding_bottom":0,"block_padding_left":0,"block_padding_right":0}},"52febc3f-2978-4111-8814-4983f80ae1ca":{"type":"tile","settings":{"color_scheme_text":"text-colors-default","color_scheme_background":"background-colors-accent-2","image_desktop":"shopify:\/\/shop_images\/FW22-Shaabna-22_58615d36-2365-4428-8503-f5572fcbb5e9.jpg","video_desktop_external":"","video_mobile_external":"","content_position_horizontal":"text-center align-center","content_position_vertical":"justify-center","title":"","text_size":1,"button_style":"button--filled","button_text":"","button_url":"","content_layout":"content--relative","block_margin_left":0,"block_margin_right":0,"block_padding_top":0,"block_padding_bottom":0,"block_padding_left":0,"block_padding_right":0}}},"block_order":["602c94b1-4ebe-4d1a-88f8-18fa60061c33","52febc3f-2978-4111-8814-4983f80ae1ca"],"settings":{"section_width":"max-w-page","section_height":65,"layout":"section-dual-tiles--50-50","gap_between_tiles":0,"spacing_top_desktop":0,"spacing_bottom_desktop":0,"spacing_top_mobile":0,"spacing_bottom_mobile":0}},"32eab221-8102-46b0-b005-63ebefd4aff1":{"type":"tab","blocks":{"34a9eae8-eeb4-4e80-9fce-62fbbed2dae0":{"type":"tab","settings":{"title":"","m_image":"shopify:\/\/shop_images\/FW22-Shaabna-63_08a7e397-7212-479f-8785-2a5dc8f962e4.jpg"}},"30a8aa74-166e-4056-aece-b93b18ad6b87":{"type":"tab","settings":{"title":"","m_image":"shopify:\/\/shop_images\/FW22-Shaabna-65_956a6ddf-6701-4761-82a2-b7e2fe65c3f5.jpg"}},"003dc4de-19a0-4aaf-b3e2-5a7c9be50df8":{"type":"tab","settings":{"title":"","m_image":"shopify:\/\/shop_images\/FW22-Shaabna-62_2e4a08f2-20fa-4cad-b441-850816853e12.jpg"}},"d529ec5a-9993-4fb9-948b-52e52135511b":{"type":"tab","settings":{"title":"","m_image":"shopify:\/\/shop_images\/FW22-Shaabna-64_9fb0357f-9c31-4a25-ab98-a5379819f971.jpg"}},"2d042642-6444-46f8-8597-7ca092f527a3":{"type":"tab","settings":{"title":"","m_image":"shopify:\/\/shop_images\/FW22-Shaabna-57_d92602ed-b133-471b-b642-2da7abc0de66.jpg"}},"7a86d925-d0a2-40d5-bd18-42c13b93b661":{"type":"tab","settings":{"title":"","m_image":"shopify:\/\/shop_images\/FW22-Shaabna-56.jpg"}},"6ac5482d-dd64-4d83-8b91-aba49ebbe7fb":{"type":"tab","settings":{"title":"","m_image":"shopify:\/\/shop_images\/FW22-Shaabna-61_6cc53f3c-7d32-432b-9b00-a7bfeeaaced3.jpg"}},"97303ab1-c0e4-42b9-b69b-3b83e25815d6":{"type":"tab","settings":{"title":"","m_image":"shopify:\/\/shop_images\/FW22-Shaabna-58_859eb05a-5ac3-4843-ad79-6cc4f918a611.jpg"}}},"block_order":["34a9eae8-eeb4-4e80-9fce-62fbbed2dae0","30a8aa74-166e-4056-aece-b93b18ad6b87","003dc4de-19a0-4aaf-b3e2-5a7c9be50df8","d529ec5a-9993-4fb9-948b-52e52135511b","2d042642-6444-46f8-8597-7ca092f527a3","7a86d925-d0a2-40d5-bd18-42c13b93b661","6ac5482d-dd64-4d83-8b91-aba49ebbe7fb","97303ab1-c0e4-42b9-b69b-3b83e25815d6"],"settings":{"full_width":true,"content_size":"medium","subheading":"Subheading","title":"Heading","first_tab_open":false,"background":"","background_gradient":"","text_color":"","heading_color":"","heading_gradient":"","elements_per_row":4}},"084a685b-2590-40fd-83f7-fcb8c1c99dfd":{"type":"dual-tiles","blocks":{"dfb3cc48-d26e-48f4-9aa1-ab23659dca91":{"type":"tile","settings":{"color_scheme_text":"text-colors-default","color_scheme_background":"background-colors-accent-1","image_desktop":"shopify:\/\/shop_images\/FW22-Shaabna-34_0f3e6c32-2f11-4884-9f68-ec3fcbef8041.jpg","video_desktop_external":"","video_mobile_external":"","content_position_horizontal":"text-center align-center","content_position_vertical":"justify-center","title":"","text_size":1,"button_style":"button--filled","button_text":"","button_url":"","content_layout":"content--relative","block_margin_left":0,"block_margin_right":0,"block_padding_top":0,"block_padding_bottom":0,"block_padding_left":0,"block_padding_right":0}},"bc287092-9ee5-4db6-85c8-e14fc254a597":{"type":"tile","settings":{"color_scheme_text":"text-colors-default","color_scheme_background":"background-colors-accent-2","image_desktop":"shopify:\/\/shop_images\/FW22-Shaabna-35_610d5a7e-111e-47c0-9931-fa515f0d5fce.jpg","video_desktop_external":"","video_mobile_external":"","content_position_horizontal":"text-center align-center","content_position_vertical":"justify-center","title":"","text_size":1,"button_style":"button--filled","button_text":"","button_url":"","content_layout":"content--relative","block_margin_left":0,"block_margin_right":0,"block_padding_top":0,"block_padding_bottom":0,"block_padding_left":0,"block_padding_right":0}}},"block_order":["dfb3cc48-d26e-48f4-9aa1-ab23659dca91","bc287092-9ee5-4db6-85c8-e14fc254a597"],"settings":{"section_width":"max-w-page","section_height":65,"layout":"section-dual-tiles--50-50","gap_between_tiles":0,"spacing_top_desktop":0,"spacing_bottom_desktop":0,"spacing_top_mobile":0,"spacing_bottom_mobile":0}},"0b6834db-b382-41b4-be87-123bc2f9a437":{"type":"dual-tiles","blocks":{"398adab6-3360-41dd-bb77-9db42a893f09":{"type":"tile","settings":{"color_scheme_text":"text-colors-default","color_scheme_background":"background-colors-accent-1","image_desktop":"shopify:\/\/shop_images\/Frame_43.png","video_desktop_external":"","video_mobile_external":"","content_position_horizontal":"text-center align-center","content_position_vertical":"justify-center","title":"","text_size":1,"button_style":"button--filled","button_text":"","button_url":"","content_layout":"content--relative","block_margin_left":0,"block_margin_right":0,"block_padding_top":0,"block_padding_bottom":0,"block_padding_left":0,"block_padding_right":0}},"b6ce36e1-08ff-40dd-a7de-fa72cdc3ed37":{"type":"tile","settings":{"color_scheme_text":"text-colors-default","color_scheme_background":"background-colors-accent-2","image_desktop":"shopify:\/\/shop_images\/FW22-Shaabna-113_d4b21571-f8ba-4f9a-ba0e-aac453d10849.jpg","video_desktop_external":"","video_mobile_external":"","content_position_horizontal":"text-center align-center","content_position_vertical":"justify-center","title":"","text_size":1,"button_style":"button--filled","button_text":"","button_url":"","content_layout":"content--relative","block_margin_left":0,"block_margin_right":0,"block_padding_top":0,"block_padding_bottom":0,"block_padding_left":0,"block_padding_right":0}}},"block_order":["398adab6-3360-41dd-bb77-9db42a893f09","b6ce36e1-08ff-40dd-a7de-fa72cdc3ed37"],"settings":{"section_width":"max-w-page","section_height":65,"layout":"section-dual-tiles--50-50","gap_between_tiles":0,"spacing_top_desktop":0,"spacing_bottom_desktop":0,"spacing_top_mobile":0,"spacing_bottom_mobile":0}},"fd6d06d2-7b48-439c-a963-e024e5f4e6a3":{"type":"tab","blocks":{"d4087c30-78c9-4245-923c-87eac311aebd":{"type":"tab","settings":{"title":"","m_image":"shopify:\/\/shop_images\/FW22-Shaabna-33_32894f88-b142-4e2b-b74d-19e87d686686.jpg"}},"9aba93d5-d0b6-4788-a6ed-5c123568ce12":{"type":"tab","settings":{"title":"","m_image":"shopify:\/\/shop_images\/FW22-Shaabna-32_1ee99f0d-2256-4c64-a8b9-2e95b4cb6763.jpg"}},"be0774f8-81f3-4e73-9598-7bc006b1478a":{"type":"tab","settings":{"title":"","m_image":"shopify:\/\/shop_images\/FW22-Shaabna-66.jpg"}},"570cedaa-00f1-4668-be1c-e2aeba2511ab":{"type":"tab","settings":{"title":"","m_image":"shopify:\/\/shop_images\/FW22-Shaabna-67.jpg"}},"7a4237a7-902c-4301-9eec-4846e13975aa":{"type":"tab","settings":{"title":"","m_image":"shopify:\/\/shop_images\/FW22-Shaabna-91_6dd4b76b-0072-41b7-aa40-826beb01f2bb.jpg"}},"1d75c3c3-02da-424b-a5e8-71711a6ab2ea":{"type":"tab","settings":{"title":"","m_image":"shopify:\/\/shop_images\/FW22-Shaabna-53_f5ee59c0-8304-4563-a0c0-c1fc4139a850.jpg"}},"efda2e4f-b1c0-4ce7-b4cd-ade8d919136c":{"type":"tab","settings":{"title":"","m_image":"shopify:\/\/shop_images\/FW22-Shaabna-55_79f7c729-0493-4306-a9c6-a87586ae8222.jpg"}},"bebba9ff-a0ca-4ce0-b475-ef8bb843de71":{"type":"tab","settings":{"title":"","m_image":"shopify:\/\/shop_images\/FW22-Shaabna-93_9d9f711f-8ffe-40b6-b01c-dfa9b2717d26.jpg"}}},"block_order":["d4087c30-78c9-4245-923c-87eac311aebd","9aba93d5-d0b6-4788-a6ed-5c123568ce12","be0774f8-81f3-4e73-9598-7bc006b1478a","570cedaa-00f1-4668-be1c-e2aeba2511ab","7a4237a7-902c-4301-9eec-4846e13975aa","1d75c3c3-02da-424b-a5e8-71711a6ab2ea","efda2e4f-b1c0-4ce7-b4cd-ade8d919136c","bebba9ff-a0ca-4ce0-b475-ef8bb843de71"],"settings":{"full_width":true,"content_size":"medium","subheading":"Subheading","title":"Heading","first_tab_open":false,"background":"","background_gradient":"","text_color":"","heading_color":"","heading_gradient":"","elements_per_row":4}},"dbbf2be4-ef11-4bbb-92a9-c0a841feda88":{"type":"dual-tiles","blocks":{"94c60901-4295-4cc7-b291-f35b70925d92":{"type":"tile","settings":{"color_scheme_text":"text-colors-default","color_scheme_background":"background-colors-accent-1","image_desktop":"shopify:\/\/shop_images\/FW22-Shaabna-86_7b68b88e-85b1-4bb5-a01c-1296bd3d97cd.jpg","video_desktop_external":"","video_mobile_external":"","content_position_horizontal":"text-center align-center","content_position_vertical":"justify-center","title":"","text_size":1,"button_style":"button--filled","button_text":"","button_url":"","content_layout":"content--relative","block_margin_left":0,"block_margin_right":0,"block_padding_top":0,"block_padding_bottom":0,"block_padding_left":0,"block_padding_right":0}},"1907999e-e5ff-4001-803a-0025d6d29bdd":{"type":"tile","settings":{"color_scheme_text":"text-colors-default","color_scheme_background":"background-colors-accent-2","image_desktop":"shopify:\/\/shop_images\/FW22-Shaabna-23_95e36b62-8866-44cc-b57f-c1f0e941d903.jpg","video_desktop_external":"","video_mobile_external":"","content_position_horizontal":"text-center align-center","content_position_vertical":"justify-center","title":"","text_size":1,"button_style":"button--filled","button_text":"","button_url":"","content_layout":"content--relative","block_margin_left":0,"block_margin_right":0,"block_padding_top":0,"block_padding_bottom":0,"block_padding_left":0,"block_padding_right":0}}},"block_order":["94c60901-4295-4cc7-b291-f35b70925d92","1907999e-e5ff-4001-803a-0025d6d29bdd"],"settings":{"section_width":"max-w-page","section_height":65,"layout":"section-dual-tiles--50-50","gap_between_tiles":0,"spacing_top_desktop":0,"spacing_bottom_desktop":0,"spacing_top_mobile":0,"spacing_bottom_mobile":0}},"f89c0717-75da-44bd-a0d5-3d6f457d2f48":{"type":"dual-tiles","blocks":{"c331a1f3-b9bc-4d83-9300-acac05e0c36e":{"type":"tile","settings":{"color_scheme_text":"text-colors-default","color_scheme_background":"background-colors-accent-1","image_desktop":"shopify:\/\/shop_images\/Frame_44.png","video_desktop_external":"","video_mobile_external":"","content_position_horizontal":"text-center align-center","content_position_vertical":"justify-center","title":"","text_size":1,"button_style":"button--filled","button_text":"","button_url":"","content_layout":"content--relative","block_margin_left":0,"block_margin_right":0,"block_padding_top":0,"block_padding_bottom":0,"block_padding_left":0,"block_padding_right":0}},"024bc904-ecc5-4270-b01b-645ad91007ae":{"type":"tile","settings":{"color_scheme_text":"text-colors-default","color_scheme_background":"background-colors-accent-2","image_desktop":"shopify:\/\/shop_images\/FW22-Shaabna-13_f3d1cd54-dbea-466f-adc1-b1dece7b2b8b.jpg","video_desktop_external":"","video_mobile_external":"","content_position_horizontal":"text-center align-center","content_position_vertical":"justify-center","title":"","text_size":1,"button_style":"button--filled","button_text":"","button_url":"","content_layout":"content--relative","block_margin_left":0,"block_margin_right":0,"block_padding_top":0,"block_padding_bottom":0,"block_padding_left":0,"block_padding_right":0}}},"block_order":["c331a1f3-b9bc-4d83-9300-acac05e0c36e","024bc904-ecc5-4270-b01b-645ad91007ae"],"settings":{"section_width":"max-w-page","section_height":65,"layout":"section-dual-tiles--50-50","gap_between_tiles":0,"spacing_top_desktop":0,"spacing_bottom_desktop":0,"spacing_top_mobile":0,"spacing_bottom_mobile":0}},"54103c00-b261-4653-a330-996ded365067":{"type":"tab","blocks":{"860c450c-f149-4f91-b74f-2db8ca1d5e08":{"type":"tab","settings":{"title":"","m_image":"shopify:\/\/shop_images\/FW22-Shaabna-46_65269446-0fdf-439b-98dc-58a9e25c7bc2.jpg"}},"910df840-360b-4870-a537-6234859dbfa3":{"type":"tab","settings":{"title":"","m_image":"shopify:\/\/shop_images\/FW22-Shaabna-44_56457406-2ca7-42fc-82d6-cbee86fa0935.jpg"}},"37b89e54-59a3-482a-a5fd-282ff81232ef":{"type":"tab","settings":{"title":"","m_image":"shopify:\/\/shop_images\/FW22-Shaabna-45_2a64e737-fb36-4067-bde8-443e3cc5aa5e.jpg"}},"07f57875-294b-4322-bf54-7572b7f64d41":{"type":"tab","settings":{"title":"","m_image":"shopify:\/\/shop_images\/FW22-Shaabna-43_4967d457-0c85-4659-9481-542547194631.jpg"}}},"block_order":["860c450c-f149-4f91-b74f-2db8ca1d5e08","910df840-360b-4870-a537-6234859dbfa3","37b89e54-59a3-482a-a5fd-282ff81232ef","07f57875-294b-4322-bf54-7572b7f64d41"],"settings":{"full_width":true,"content_size":"medium","subheading":"Subheading","title":"Heading","first_tab_open":false,"background":"","background_gradient":"","text_color":"","heading_color":"","heading_gradient":"","elements_per_row":4}},"154d20be-55a2-4aab-b73d-b9d04306381e":{"type":"dual-tiles","blocks":{"718ac8ba-0958-47ba-b1f7-855e22b1491a":{"type":"tile","settings":{"color_scheme_text":"text-colors-default","color_scheme_background":"background-colors-accent-1","image_desktop":"shopify:\/\/shop_images\/FW22-Shaabna-24_ef50f0d9-1b40-46df-b9b2-45f52a648ecb.jpg","video_desktop_external":"","video_mobile_external":"","content_position_horizontal":"text-center align-center","content_position_vertical":"justify-center","title":"","text_size":1,"button_style":"button--filled","button_text":"","button_url":"","content_layout":"content--relative","block_margin_left":0,"block_margin_right":0,"block_padding_top":0,"block_padding_bottom":0,"block_padding_left":0,"block_padding_right":0}},"60631be1-2371-4fb6-bab8-5f73ccf02e52":{"type":"tile","settings":{"color_scheme_text":"text-colors-default","color_scheme_background":"background-colors-accent-2","image_desktop":"shopify:\/\/shop_images\/FW22-Shaabna-25_f5e30ab7-3c98-4bc5-a535-a97e4316ec23.jpg","video_desktop_external":"","video_mobile_external":"","content_position_horizontal":"text-center align-center","content_position_vertical":"justify-center","title":"","text_size":1,"button_style":"button--filled","button_text":"","button_url":"","content_layout":"content--relative","block_margin_left":0,"block_margin_right":0,"block_padding_top":0,"block_padding_bottom":0,"block_padding_left":0,"block_padding_right":0}}},"block_order":["718ac8ba-0958-47ba-b1f7-855e22b1491a","60631be1-2371-4fb6-bab8-5f73ccf02e52"],"settings":{"section_width":"max-w-page","section_height":65,"layout":"section-dual-tiles--50-50","gap_between_tiles":0,"spacing_top_desktop":0,"spacing_bottom_desktop":0,"spacing_top_mobile":0,"spacing_bottom_mobile":0}},"e190c634-c295-44c4-aa82-2a87e675df23":{"type":"tab","blocks":{"0ef06999-9d9a-40db-838a-37127270c044":{"type":"tab","settings":{"title":"","m_image":"shopify:\/\/shop_images\/FW22-Shaabna-2_d0f99870-e5fa-4669-9895-af4d87137d57.jpg"}},"fc44f518-92c7-494e-9ecd-549b5256f3c3":{"type":"tab","settings":{"title":"","m_image":"shopify:\/\/shop_images\/FW22-Shaabna-3_2eac469d-8780-4eda-bb24-d7887f40fac0.jpg"}},"2217c5aa-4e1f-4385-918e-2dd6ef43d04f":{"type":"tab","settings":{"title":"","m_image":"shopify:\/\/shop_images\/FW22-Shaabna-4_b61420dd-7297-4ba4-9c47-71021ed2d290.jpg"}},"03ceba93-0913-4e23-822d-9f6780735a7f":{"type":"tab","settings":{"title":"","m_image":"shopify:\/\/shop_images\/FW22-Shaabna-1_2bb44879-eef1-404c-9348-7488563e1050.jpg"}},"267af40f-12b4-40bc-a78c-f3e590dd6580":{"type":"tab","settings":{"title":"","m_image":"shopify:\/\/shop_images\/FW22-Shaabna-16_20a3a4b3-869c-48cc-898d-3a584020212a.jpg"}},"69d0d510-ede3-41ab-9031-8db9dd1b561f":{"type":"tab","settings":{"title":"","m_image":"shopify:\/\/shop_images\/FW22-Shaabna-14_15beebb4-a9ff-4947-97db-9e578fba7843.jpg"}},"4e287dc4-e200-4e84-a837-4c05bb3af103":{"type":"tab","settings":{"title":"","m_image":"shopify:\/\/shop_images\/FW22-Shaabna-17_2353d28c-1101-4249-b471-9a2dc109391b.jpg"}},"aafaa5eb-b317-4d50-9471-5b9e57151db1":{"type":"tab","settings":{"title":"","m_image":"shopify:\/\/shop_images\/FW22-Shaabna-15_6e87258b-c34a-42fc-8375-7d46ee06dfaa.jpg"}}},"block_order":["0ef06999-9d9a-40db-838a-37127270c044","fc44f518-92c7-494e-9ecd-549b5256f3c3","2217c5aa-4e1f-4385-918e-2dd6ef43d04f","03ceba93-0913-4e23-822d-9f6780735a7f","267af40f-12b4-40bc-a78c-f3e590dd6580","69d0d510-ede3-41ab-9031-8db9dd1b561f","4e287dc4-e200-4e84-a837-4c05bb3af103","aafaa5eb-b317-4d50-9471-5b9e57151db1"],"settings":{"full_width":true,"content_size":"medium","subheading":"Subheading","title":"Heading","first_tab_open":false,"background":"","background_gradient":"","text_color":"","heading_color":"","heading_gradient":"","elements_per_row":4}},"bb3589d0-8ad0-4c00-96c5-9f056bce58e8":{"type":"dual-tiles","blocks":{"038bda35-1e65-40a0-891d-8bee7cbd4f12":{"type":"tile","settings":{"color_scheme_text":"text-colors-default","color_scheme_background":"background-colors-accent-1","image_desktop":"shopify:\/\/shop_images\/Frame_45_7bcc41bb-e1ca-49bf-8f90-982a3ba5ce27.png","video_desktop_external":"","video_mobile_external":"","content_position_horizontal":"text-center align-center","content_position_vertical":"justify-center","title":"","text_size":1,"button_style":"button--filled","button_text":"","button_url":"","content_layout":"content--relative","block_margin_left":0,"block_margin_right":0,"block_padding_top":0,"block_padding_bottom":0,"block_padding_left":0,"block_padding_right":0}},"5a3affda-b974-4fe8-9c67-682ba97db650":{"type":"tile","settings":{"color_scheme_text":"text-colors-default","color_scheme_background":"background-colors-accent-2","image_desktop":"shopify:\/\/shop_images\/FW22-Shaabna-106_74c0a129-5ffa-434c-824b-028675ac25dc.jpg","video_desktop_external":"","video_mobile_external":"","content_position_horizontal":"text-center align-center","content_position_vertical":"justify-center","title":"","text_size":1,"button_style":"button--filled","button_text":"","button_url":"","content_layout":"content--relative","block_margin_left":0,"block_margin_right":0,"block_padding_top":0,"block_padding_bottom":0,"block_padding_left":0,"block_padding_right":0}}},"block_order":["038bda35-1e65-40a0-891d-8bee7cbd4f12","5a3affda-b974-4fe8-9c67-682ba97db650"],"settings":{"section_width":"max-w-page","section_height":65,"layout":"section-dual-tiles--50-50","gap_between_tiles":0,"spacing_top_desktop":0,"spacing_bottom_desktop":0,"spacing_top_mobile":0,"spacing_bottom_mobile":0}},"dcd4b88e-d8f9-4f1a-bb51-f1215a77e986":{"type":"tab","blocks":{"5a93c7d7-fd75-4565-b2d2-9c2767156f99":{"type":"tab","settings":{"title":"","m_image":"shopify:\/\/shop_images\/FW22-Shaabna-72_2d1fcacf-6fff-45f1-aa56-b4e4865e4c10.jpg"}},"686c1b1b-e3af-472c-ab04-f3df1a94a97a":{"type":"tab","settings":{"title":"","m_image":"shopify:\/\/shop_images\/FW22-Shaabna-73_00c93000-e027-40e4-83d2-63085ba86601.jpg"}},"4233148d-8693-41f5-8547-24b0846f6595":{"type":"tab","settings":{"title":"","m_image":"shopify:\/\/shop_images\/FW22-Shaabna-94_b24f920d-d67b-420f-b0f9-bf7f6f2436d1.jpg"}},"973c2c53-1959-4790-a72b-1e641a1f2aa8":{"type":"tab","settings":{"title":"","m_image":"shopify:\/\/shop_images\/FW22-Shaabna-95_5d437249-fb67-4d4c-ab8a-e06157570a63.jpg"}},"4de7878c-bde9-4f9f-a286-8f90de215187":{"type":"tab","settings":{"title":"","m_image":"shopify:\/\/shop_images\/FW22-Shaabna-100_5d4a25ac-c673-44cc-8494-c87d27fa5993.jpg"}},"a833b575-40ab-4c1f-b81c-b6756fe914cf":{"type":"tab","settings":{"title":"","m_image":"shopify:\/\/shop_images\/FW22-Shaabna-103_ef8bfc8c-b83d-4a53-8300-66fbe9ce261b.jpg"}},"a0f9a5d5-d7bb-48bd-900e-90a270f0b4de":{"type":"tab","settings":{"title":"","m_image":"shopify:\/\/shop_images\/FW22-Shaabna-102_672bc794-eb20-4a1a-8936-bd2f113649b8.jpg"}},"64fc8933-cd6d-4e6b-92b0-259d83825a3b":{"type":"tab","settings":{"title":"","m_image":"shopify:\/\/shop_images\/FW22-Shaabna-101_350750ba-6976-4073-89e3-a0d958edd40e.jpg"}}},"block_order":["5a93c7d7-fd75-4565-b2d2-9c2767156f99","686c1b1b-e3af-472c-ab04-f3df1a94a97a","4233148d-8693-41f5-8547-24b0846f6595","973c2c53-1959-4790-a72b-1e641a1f2aa8","4de7878c-bde9-4f9f-a286-8f90de215187","a833b575-40ab-4c1f-b81c-b6756fe914cf","a0f9a5d5-d7bb-48bd-900e-90a270f0b4de","64fc8933-cd6d-4e6b-92b0-259d83825a3b"],"settings":{"full_width":true,"content_size":"medium","subheading":"Subheading","title":"Heading","first_tab_open":false,"background":"","background_gradient":"","text_color":"","heading_color":"","heading_gradient":"","elements_per_row":4}},"fb22d40a-505b-4cfe-8657-c0899ccc9b5a":{"type":"dual-tiles","blocks":{"efdafea1-3646-45b0-b254-a260a70fc628":{"type":"tile","settings":{"color_scheme_text":"text-colors-default","color_scheme_background":"background-colors-accent-1","image_desktop":"shopify:\/\/shop_images\/FW22-Shaabna-48_57f82386-2e4e-4c23-aa3a-472668376d7d.jpg","video_desktop_external":"","video_mobile_external":"","content_position_horizontal":"text-center align-center","content_position_vertical":"justify-center","title":"","text_size":1,"button_style":"button--text","button_text":"View more","button_url":"shopify:\/\/collections\/fw22-shaabna","content_layout":"content--relative","block_margin_left":0,"block_margin_right":0,"block_padding_top":0,"block_padding_bottom":0,"block_padding_left":0,"block_padding_right":0}},"65bca1db-d8c3-4944-b642-218218067a61":{"type":"tile","settings":{"color_scheme_text":"text-colors-default","color_scheme_background":"background-colors-accent-2","image_desktop":"shopify:\/\/shop_images\/Frame_46.png","video_desktop_external":"","video_mobile_external":"","content_position_horizontal":"text-center align-center","content_position_vertical":"justify-center","title":"","text_size":1,"button_style":"button--filled","button_text":"","button_url":"","content_layout":"content--relative","block_margin_left":0,"block_margin_right":0,"block_padding_top":0,"block_padding_bottom":0,"block_padding_left":0,"block_padding_right":0}}},"block_order":["efdafea1-3646-45b0-b254-a260a70fc628","65bca1db-d8c3-4944-b642-218218067a61"],"settings":{"section_width":"max-w-page","section_height":65,"layout":"section-dual-tiles--50-50","gap_between_tiles":0,"spacing_top_desktop":0,"spacing_bottom_desktop":0,"spacing_top_mobile":0,"spacing_bottom_mobile":0}}},"order":["banner","main","02434e7d-385e-42ac-8195-510fa257a596","9dc3ab92-4701-4bf4-b633-74b0887e67ce","f832ed66-a38e-4226-b6b0-d5aa380ff4e8","ad0145c9-aa1c-44fc-969e-6bbd2b5a7b1b","6f885109-59c1-4917-b75d-7b08008687c4","1f4fe807-641b-4c5e-9ba5-cebf574bb359","e638a0d3-4b98-4a64-92a6-3c670e4fe156","663c1b49-b349-486d-824e-897e6f308149","33ccf234-1b7b-46ee-bf22-cab564d15ba6","6dcf2528-764a-46b8-8bf5-b1e1eca82070","8d0b9587-c30d-4891-a93e-3f17ec2ad998","32eab221-8102-46b0-b005-63ebefd4aff1","084a685b-2590-40fd-83f7-fcb8c1c99dfd","0b6834db-b382-41b4-be87-123bc2f9a437","fd6d06d2-7b48-439c-a963-e024e5f4e6a3","dbbf2be4-ef11-4bbb-92a9-c0a841feda88","f89c0717-75da-44bd-a0d5-3d6f457d2f48","54103c00-b261-4653-a330-996ded365067","154d20be-55a2-4aab-b73d-b9d04306381e","e190c634-c295-44c4-aa82-2a87e675df23","bb3589d0-8ad0-4c00-96c5-9f056bce58e8","dcd4b88e-d8f9-4f1a-bb51-f1215a77e986","fb22d40a-505b-4cfe-8657-c0899ccc9b5a"]}