{"sections":{"banner":{"type":"main-collection-banner","disabled":true,"settings":{"banner_layout":"banner--full","color_scheme_text":"color-text-primary","color_scheme_text_no_image":"text-colors-default","color_scheme_background":"background-colors-accent-2"}},"main":{"type":"main-collection","blocks":{"96d74506-d90d-4c41-b78f-4d67853600e5":{"type":"text-card","settings":{"color_scheme_text":"color-text-inverse","color_scheme_background":"background-colors-accent-2","position":7,"title":"Designed by women, for all women, from petite to grande","button_text":"","button_url":""}}},"block_order":["96d74506-d90d-4c41-b78f-4d67853600e5"],"disabled":true,"custom_css":[".collection__grid {column-gap: 0px;}"],"settings":{"color_scheme_text":"color-text-primary","color_scheme_background":"background-colors-default","enable_products_count":true,"enable_sorting":true,"enable_filters":true,"button_style":"button--filter","sidebar_navigation":"","column_gap_desktop":0.2,"column_gap_mobile":0.2,"products_per_page":19,"products_per_row_default":"4","products_per_row_ui":true}},"9cbbb756-07de-4f59-b9a0-6da6782f868f":{"type":"image-with-text","blocks":{"template--14745415352397__9cbbb756-07de-4f59-b9a0-6da6782f868f-text-1":{"type":"text","settings":{"text_align_desktop":"text-center-desktop","text_align_mobile":"text-center","title":"","content":"<h2>Fall\/Winter 2019<\/h2>","button_separator":false,"button_text":"Button label","button_url":"","button_style":"button--outlined"}}},"block_order":["template--14745415352397__9cbbb756-07de-4f59-b9a0-6da6782f868f-text-1"],"settings":{"padding_vertical_desktop":"","padding_vertical_mobile":"pt-0-mobile-small pb-0-mobile-small","color_scheme_text":"text-colors-default","color_scheme_background":"background-colors-default"}},"9dc3ab92-4701-4bf4-b633-74b0887e67ce":{"type":"dual-tiles","blocks":{"47989d2b-8e06-4eb2-a9a9-286a4803884c":{"type":"tile","settings":{"color_scheme_text":"text-colors-default","color_scheme_background":"background-colors-accent-1","image_desktop":"shopify:\/\/shop_images\/YassminSaleh-FW19-18.jpg","video_desktop_external":"","video_mobile_external":"","content_position_horizontal":"text-center align-center","content_position_vertical":"justify-center","title":"","text_size":1,"button_style":"button--filled","button_text":"","button_url":"","content_layout":"content--relative","block_margin_left":0,"block_margin_right":0,"block_padding_top":0,"block_padding_bottom":0,"block_padding_left":0,"block_padding_right":0}},"9b6e7317-d52b-4efc-90e6-8f624b1c34a5":{"type":"tile","settings":{"color_scheme_text":"text-colors-default","color_scheme_background":"background-colors-accent-2","image_desktop":"shopify:\/\/shop_images\/YassminSaleh-FW19-36.jpg","video_desktop_external":"","video_mobile_external":"","content_position_horizontal":"text-center align-center","content_position_vertical":"justify-center","title":"","text_size":1,"button_style":"button--filled","button_text":"","button_url":"","content_layout":"content--relative","block_margin_left":0,"block_margin_right":0,"block_padding_top":0,"block_padding_bottom":0,"block_padding_left":0,"block_padding_right":0}}},"block_order":["47989d2b-8e06-4eb2-a9a9-286a4803884c","9b6e7317-d52b-4efc-90e6-8f624b1c34a5"],"settings":{"section_width":"max-w-page","section_height":65,"layout":"section-dual-tiles--50-50","gap_between_tiles":0,"spacing_top_desktop":0,"spacing_bottom_desktop":0,"spacing_top_mobile":0,"spacing_bottom_mobile":0}},"ad0145c9-aa1c-44fc-969e-6bbd2b5a7b1b":{"type":"tab","blocks":{"template--14742459744333__ad0145c9-aa1c-44fc-969e-6bbd2b5a7b1b-tab-1":{"type":"tab","settings":{"title":"","m_image":"shopify:\/\/shop_images\/YassminSaleh-FW19-29.jpg"}},"5f0a2ed5-ff48-4089-b637-7b925309ff6a":{"type":"tab","settings":{"title":"","m_image":"shopify:\/\/shop_images\/YassminSaleh-FW19-7.jpg"}},"8b254d0a-7c5f-4295-9dc0-3e10bc29e94d":{"type":"tab","settings":{"title":"","m_image":"shopify:\/\/shop_images\/YassminSaleh-FW19-20.jpg"}},"d68213d5-0dec-47ea-80dc-e7785684b197":{"type":"tab","settings":{"title":"","m_image":"shopify:\/\/shop_images\/YassminSaleh-FW19-34.jpg"}}},"block_order":["template--14742459744333__ad0145c9-aa1c-44fc-969e-6bbd2b5a7b1b-tab-1","5f0a2ed5-ff48-4089-b637-7b925309ff6a","8b254d0a-7c5f-4295-9dc0-3e10bc29e94d","d68213d5-0dec-47ea-80dc-e7785684b197"],"settings":{"full_width":true,"content_size":"medium","subheading":"Subheading","title":"Heading","first_tab_open":false,"background":"","background_gradient":"","text_color":"","heading_color":"","heading_gradient":"","elements_per_row":4}},"6f885109-59c1-4917-b75d-7b08008687c4":{"type":"dual-tiles","blocks":{"cda2b440-8002-4a87-a557-04c1eda8dd60":{"type":"tile","settings":{"color_scheme_text":"text-colors-default","color_scheme_background":"background-colors-accent-1","image_desktop":"shopify:\/\/shop_images\/YassminSaleh-FW19-37.jpg","video_desktop_external":"","video_mobile_external":"","content_position_horizontal":"text-center align-center","content_position_vertical":"justify-center","title":"","text_size":1,"button_style":"button--filled","button_text":"","button_url":"","content_layout":"content--relative","block_margin_left":0,"block_margin_right":0,"block_padding_top":0,"block_padding_bottom":0,"block_padding_left":0,"block_padding_right":0}},"5acb2cbc-2b22-41e6-bedb-90eb35a172c9":{"type":"tile","settings":{"color_scheme_text":"text-colors-default","color_scheme_background":"background-colors-accent-2","image_desktop":"shopify:\/\/shop_images\/YassminSaleh-FW19-19.jpg","video_desktop_external":"","video_mobile_external":"","content_position_horizontal":"text-center align-center","content_position_vertical":"justify-center","title":"","text_size":1,"button_style":"button--filled","button_text":"","button_url":"","content_layout":"content--relative","block_margin_left":0,"block_margin_right":0,"block_padding_top":0,"block_padding_bottom":0,"block_padding_left":0,"block_padding_right":0}}},"block_order":["cda2b440-8002-4a87-a557-04c1eda8dd60","5acb2cbc-2b22-41e6-bedb-90eb35a172c9"],"settings":{"section_width":"max-w-page","section_height":65,"layout":"section-dual-tiles--50-50","gap_between_tiles":0,"spacing_top_desktop":0,"spacing_bottom_desktop":0,"spacing_top_mobile":0,"spacing_bottom_mobile":0}},"deafdc88-de83-40fd-9483-b6d8275e1275":{"type":"dual-tiles","blocks":{"a7913156-0bc8-45b0-86c9-087d4c0c52ae":{"type":"tile","settings":{"color_scheme_text":"text-colors-default","color_scheme_background":"background-colors-accent-1","image_desktop":"shopify:\/\/shop_images\/YassminSaleh-FW19-14.jpg","video_desktop_external":"","video_mobile_external":"","content_position_horizontal":"text-center align-center","content_position_vertical":"justify-center","title":"","text_size":1,"button_style":"button--filled","button_text":"","button_url":"","content_layout":"content--relative","block_margin_left":0,"block_margin_right":0,"block_padding_top":0,"block_padding_bottom":0,"block_padding_left":0,"block_padding_right":0}},"8bf5271d-d700-4eee-9e08-55eb5278fcc2":{"type":"tile","settings":{"color_scheme_text":"text-colors-default","color_scheme_background":"background-colors-accent-2","image_desktop":"shopify:\/\/shop_images\/YassminSaleh-FW19-6.jpg","video_desktop_external":"","video_mobile_external":"","content_position_horizontal":"text-center align-center","content_position_vertical":"justify-center","title":"","text_size":1,"button_style":"button--filled","button_text":"","button_url":"","content_layout":"content--relative","block_margin_left":0,"block_margin_right":0,"block_padding_top":0,"block_padding_bottom":0,"block_padding_left":0,"block_padding_right":0}}},"block_order":["a7913156-0bc8-45b0-86c9-087d4c0c52ae","8bf5271d-d700-4eee-9e08-55eb5278fcc2"],"settings":{"section_width":"max-w-page","section_height":65,"layout":"section-dual-tiles--50-50","gap_between_tiles":0,"spacing_top_desktop":0,"spacing_bottom_desktop":0,"spacing_top_mobile":0,"spacing_bottom_mobile":0}},"2487ccbd-a95a-42bc-a70d-296ca5d45459":{"type":"dual-tiles","blocks":{"0a1a67cd-037d-4677-ac6b-94f81f9ee371":{"type":"tile","settings":{"color_scheme_text":"text-colors-default","color_scheme_background":"background-colors-accent-1","image_desktop":"shopify:\/\/shop_images\/YassminSaleh-FW19-23.jpg","video_desktop_external":"","video_mobile_external":"","content_position_horizontal":"text-center align-center","content_position_vertical":"justify-center","title":"","text_size":1,"button_style":"button--filled","button_text":"","button_url":"","content_layout":"content--relative","block_margin_left":0,"block_margin_right":0,"block_padding_top":0,"block_padding_bottom":0,"block_padding_left":0,"block_padding_right":0}},"2b1e2702-bb4c-4c0f-b001-4916ad4d47b5":{"type":"tile","settings":{"color_scheme_text":"text-colors-default","color_scheme_background":"background-colors-accent-2","image_desktop":"shopify:\/\/shop_images\/YassminSaleh-FW19-9.jpg","video_desktop_external":"","video_mobile_external":"","content_position_horizontal":"text-center align-center","content_position_vertical":"justify-center","title":"","text_size":1,"button_style":"button--filled","button_text":"","button_url":"","content_layout":"content--relative","block_margin_left":0,"block_margin_right":0,"block_padding_top":0,"block_padding_bottom":0,"block_padding_left":0,"block_padding_right":0}}},"block_order":["0a1a67cd-037d-4677-ac6b-94f81f9ee371","2b1e2702-bb4c-4c0f-b001-4916ad4d47b5"],"settings":{"section_width":"max-w-page","section_height":65,"layout":"section-dual-tiles--50-50","gap_between_tiles":0,"spacing_top_desktop":0,"spacing_bottom_desktop":0,"spacing_top_mobile":0,"spacing_bottom_mobile":0}},"3fefe0a5-dbdf-4dd2-b5f4-1968fcd07ddc":{"type":"tab","blocks":{"527b268e-b783-4966-864f-26b4867fbc49":{"type":"tab","settings":{"title":"","m_image":"shopify:\/\/shop_images\/YassminSaleh-FW19-35.jpg"}},"ee81377f-f981-4fa7-9a15-bfa674daa269":{"type":"tab","settings":{"title":"","m_image":"shopify:\/\/shop_images\/YassminSaleh-FW19-24.jpg"}},"49555c46-5fff-48db-95a2-213ce9824e12":{"type":"tab","settings":{"title":"","m_image":"shopify:\/\/shop_images\/YassminSaleh-FW19-32.jpg"}},"404241e5-34d1-4855-b0df-f7937a8bd58b":{"type":"tab","settings":{"title":"","m_image":"shopify:\/\/shop_images\/YassminSaleh-FW19-4.jpg"}},"0a5d1572-d3ef-4733-984b-55adba5eca63":{"type":"tab","settings":{"title":"","m_image":"shopify:\/\/shop_images\/YassminSaleh-FW19-40.jpg"}},"90903c72-de55-4496-9558-243cda6968d7":{"type":"tab","settings":{"title":"","m_image":"shopify:\/\/shop_images\/YassminSaleh-FW19-41.jpg"}},"c6d23993-dbb2-42c0-806b-5f0f3811358f":{"type":"tab","settings":{"title":"","m_image":"shopify:\/\/shop_images\/YassminSaleh-FW19-17.jpg"}},"6277cee9-2c2d-4f1c-9314-556af15ece24":{"type":"tab","settings":{"title":"","m_image":"shopify:\/\/shop_images\/YassminSaleh-FW19-31.jpg"}},"ab6a546a-0dc2-46a7-822c-fcf29aced058":{"type":"tab","settings":{"title":"","m_image":"shopify:\/\/shop_images\/YassminSaleh-FW19-38.jpg"}},"ef6c7d43-7951-4a28-84f0-e55f71ccc466":{"type":"tab","settings":{"title":"","m_image":"shopify:\/\/shop_images\/YassminSaleh-FW19-27.jpg"}},"4f400650-67e5-46a8-9d63-fb56e08cb068":{"type":"tab","settings":{"title":"","m_image":"shopify:\/\/shop_images\/YassminSaleh-FW19-16.jpg"}},"d8b0521a-2ee0-448c-9629-4578bae954af":{"type":"tab","settings":{"title":"","m_image":"shopify:\/\/shop_images\/YassminSaleh-FW19-8.jpg"}}},"block_order":["527b268e-b783-4966-864f-26b4867fbc49","ee81377f-f981-4fa7-9a15-bfa674daa269","49555c46-5fff-48db-95a2-213ce9824e12","404241e5-34d1-4855-b0df-f7937a8bd58b","0a5d1572-d3ef-4733-984b-55adba5eca63","90903c72-de55-4496-9558-243cda6968d7","c6d23993-dbb2-42c0-806b-5f0f3811358f","6277cee9-2c2d-4f1c-9314-556af15ece24","ab6a546a-0dc2-46a7-822c-fcf29aced058","ef6c7d43-7951-4a28-84f0-e55f71ccc466","4f400650-67e5-46a8-9d63-fb56e08cb068","d8b0521a-2ee0-448c-9629-4578bae954af"],"settings":{"full_width":true,"content_size":"medium","subheading":"Subheading","title":"Heading","first_tab_open":false,"background":"","background_gradient":"","text_color":"","heading_color":"","heading_gradient":"","elements_per_row":4}},"7516b166-7919-4878-ad40-b8744c20bf81":{"type":"dual-tiles","blocks":{"48ab2d5b-e853-47a1-abdb-972bb65996bf":{"type":"tile","settings":{"color_scheme_text":"text-colors-default","color_scheme_background":"background-colors-accent-1","image_desktop":"shopify:\/\/shop_images\/YassminSaleh-FW19-1.jpg","video_desktop_external":"","video_mobile_external":"","content_position_horizontal":"text-center align-center","content_position_vertical":"justify-center","title":"","text_size":1,"button_style":"button--filled","button_text":"","button_url":"","content_layout":"content--relative","block_margin_left":0,"block_margin_right":0,"block_padding_top":0,"block_padding_bottom":0,"block_padding_left":0,"block_padding_right":0}},"33889bc7-d9b7-4ad6-b52a-aa7fa8271b12":{"type":"tile","settings":{"color_scheme_text":"text-colors-default","color_scheme_background":"background-colors-accent-2","image_desktop":"shopify:\/\/shop_images\/YassminSaleh-FW19-28.jpg","video_desktop_external":"","video_mobile_external":"","content_position_horizontal":"text-center align-center","content_position_vertical":"justify-center","title":"","text_size":1,"button_style":"button--filled","button_text":"","button_url":"","content_layout":"content--relative","block_margin_left":0,"block_margin_right":0,"block_padding_top":0,"block_padding_bottom":0,"block_padding_left":0,"block_padding_right":0}}},"block_order":["48ab2d5b-e853-47a1-abdb-972bb65996bf","33889bc7-d9b7-4ad6-b52a-aa7fa8271b12"],"settings":{"section_width":"max-w-page","section_height":65,"layout":"section-dual-tiles--50-50","gap_between_tiles":0,"spacing_top_desktop":0,"spacing_bottom_desktop":0,"spacing_top_mobile":0,"spacing_bottom_mobile":0}}},"order":["banner","main","9cbbb756-07de-4f59-b9a0-6da6782f868f","9dc3ab92-4701-4bf4-b633-74b0887e67ce","ad0145c9-aa1c-44fc-969e-6bbd2b5a7b1b","6f885109-59c1-4917-b75d-7b08008687c4","deafdc88-de83-40fd-9483-b6d8275e1275","2487ccbd-a95a-42bc-a70d-296ca5d45459","3fefe0a5-dbdf-4dd2-b5f4-1968fcd07ddc","7516b166-7919-4878-ad40-b8744c20bf81"]}