{"sections":{"banner":{"type":"main-collection-banner","disabled":true,"settings":{"banner_layout":"banner--full","color_scheme_text":"color-text-primary","color_scheme_text_no_image":"text-colors-default","color_scheme_background":"background-colors-accent-2"}},"main":{"type":"main-collection","blocks":{"96d74506-d90d-4c41-b78f-4d67853600e5":{"type":"text-card","settings":{"color_scheme_text":"color-text-inverse","color_scheme_background":"background-colors-accent-2","position":7,"title":"Designed by women, for all women, from petite to grande","button_text":"","button_url":""}}},"block_order":["96d74506-d90d-4c41-b78f-4d67853600e5"],"disabled":true,"custom_css":[".collection__grid {column-gap: 0px;}"],"settings":{"color_scheme_text":"color-text-primary","color_scheme_background":"background-colors-default","enable_products_count":true,"enable_sorting":true,"enable_filters":true,"button_style":"button--filter","sidebar_navigation":"","column_gap_desktop":0.2,"column_gap_mobile":0.2,"products_per_page":19,"products_per_row_default":"4","products_per_row_ui":true}},"ff71b3c8-470a-4aa7-8140-7fa46398b141":{"type":"image-with-text","blocks":{"template--14745415549005__ff71b3c8-470a-4aa7-8140-7fa46398b141-text-1":{"type":"text","settings":{"text_align_desktop":"text-center-desktop","text_align_mobile":"text-center","title":"","content":"<h3>Spring\/Summer 2020<\/h3><p><\/p>","button_separator":true,"button_text":"Button label","button_url":"","button_style":"button--outlined"}}},"block_order":["template--14745415549005__ff71b3c8-470a-4aa7-8140-7fa46398b141-text-1"],"settings":{"padding_vertical_desktop":"","padding_vertical_mobile":"pt-0-mobile-small pb-0-mobile-small","color_scheme_text":"text-colors-default","color_scheme_background":"background-colors-default"}},"00826e91-4b4f-41cf-9ba1-2dc23ae5123f":{"type":"hero-banner","blocks":{"db9d4a3f-0ed6-46e6-91b8-dc85793f1978":{"type":"slide","settings":{"banner_layout":"hero-banner--30-70","color_scheme_text":"text-colors-secondary","color_scheme_background":"background-colors-accent-2","image":"shopify:\/\/shop_images\/YS-SS20-23.jpg","video_external":"","enable_media_overlay_desktop":true,"video_external_mobile":"","enable_media_overlay_mobile":true,"content_position_horizontal":"align-center text-center","content_position_vertical":"justify-end","subtitle":"Some text","subtitle_url":"","title":"","content":"<h2>SPRING\/SUMMER 2020<\/h2><p><\/p>","enable_vertical_line":true,"button_style":"button--outlined-inverse","button_text":"View more","button_url":"\/"}}},"block_order":["db9d4a3f-0ed6-46e6-91b8-dc85793f1978"],"disabled":true,"settings":{"slider_autoplay":true,"slider_autoplay_interval":3,"slider_arrows":false,"slider_arrows_position":"hero__swiper-buttons--sides","slider_arrows_color":"text-colors-inverse"}},"9dc3ab92-4701-4bf4-b633-74b0887e67ce":{"type":"dual-tiles","blocks":{"47989d2b-8e06-4eb2-a9a9-286a4803884c":{"type":"tile","settings":{"color_scheme_text":"text-colors-default","color_scheme_background":"background-colors-accent-1","image_desktop":"shopify:\/\/shop_images\/YS-SS20-25_aec51027-a8da-4dc5-9d4f-4155f7e91794.jpg","video_desktop_external":"","video_mobile_external":"","content_position_horizontal":"text-center align-center","content_position_vertical":"justify-center","title":"","text_size":1,"button_style":"button--filled","button_text":"","button_url":"","content_layout":"content--relative","block_margin_left":0,"block_margin_right":0,"block_padding_top":0,"block_padding_bottom":0,"block_padding_left":0,"block_padding_right":0}},"9b6e7317-d52b-4efc-90e6-8f624b1c34a5":{"type":"tile","settings":{"color_scheme_text":"text-colors-default","color_scheme_background":"background-colors-accent-2","image_desktop":"shopify:\/\/shop_images\/YS-SS20-33.jpg","video_desktop_external":"","video_mobile_external":"","content_position_horizontal":"text-center align-center","content_position_vertical":"justify-center","title":"","text_size":1,"button_style":"button--filled","button_text":"","button_url":"","content_layout":"content--relative","block_margin_left":0,"block_margin_right":0,"block_padding_top":0,"block_padding_bottom":0,"block_padding_left":0,"block_padding_right":0}}},"block_order":["47989d2b-8e06-4eb2-a9a9-286a4803884c","9b6e7317-d52b-4efc-90e6-8f624b1c34a5"],"settings":{"section_width":"max-w-page","section_height":65,"layout":"section-dual-tiles--50-50","gap_between_tiles":0,"spacing_top_desktop":0,"spacing_bottom_desktop":0,"spacing_top_mobile":0,"spacing_bottom_mobile":0}},"ad0145c9-aa1c-44fc-969e-6bbd2b5a7b1b":{"type":"tab","blocks":{"template--14742459744333__ad0145c9-aa1c-44fc-969e-6bbd2b5a7b1b-tab-1":{"type":"tab","settings":{"title":"","m_image":"shopify:\/\/shop_images\/YS-SS20-11.jpg"}},"bd2185c5-730c-497d-b96a-0b337376f9cd":{"type":"tab","settings":{"title":"","m_image":"shopify:\/\/shop_images\/YS-SS20-14_9e33eaed-9a8a-44a4-8e32-048d44014a97.jpg"}},"d68213d5-0dec-47ea-80dc-e7785684b197":{"type":"tab","settings":{"title":"","m_image":"shopify:\/\/shop_images\/YS-SS20-12_7787cc22-7844-493f-afea-80c9a3204324.jpg"}},"9a1b9e5a-9f93-4f4b-8a4b-9c486e54e5c6":{"type":"tab","settings":{"title":"","m_image":"shopify:\/\/shop_images\/YS-SS20-10_6b596981-43ce-4940-b923-0c577c37165a.jpg"}},"8b254d0a-7c5f-4295-9dc0-3e10bc29e94d":{"type":"tab","settings":{"title":"","m_image":"shopify:\/\/shop_images\/YS-SS20-36_4fa962ff-c9ec-4a2b-8713-d1467f020044.jpg"}},"5f0a2ed5-ff48-4089-b637-7b925309ff6a":{"type":"tab","settings":{"title":"","m_image":"shopify:\/\/shop_images\/YS-SS20-30_049b3f6f-d62b-4d56-a3b9-13b2190df5f5.jpg"}},"f926205a-1142-4572-be01-7e212814708a":{"type":"tab","settings":{"title":"","m_image":"shopify:\/\/shop_images\/YS-SS20-26_43b7be8f-95aa-41e2-b924-ec94f2c21700.jpg"}},"5b540477-ce6f-43d3-874a-4ea32dd93794":{"type":"tab","settings":{"title":"","m_image":"shopify:\/\/shop_images\/YS-SS20-24_5193feaa-4191-4162-9747-21af9d5bd02d.jpg"}}},"block_order":["template--14742459744333__ad0145c9-aa1c-44fc-969e-6bbd2b5a7b1b-tab-1","bd2185c5-730c-497d-b96a-0b337376f9cd","d68213d5-0dec-47ea-80dc-e7785684b197","9a1b9e5a-9f93-4f4b-8a4b-9c486e54e5c6","8b254d0a-7c5f-4295-9dc0-3e10bc29e94d","5f0a2ed5-ff48-4089-b637-7b925309ff6a","f926205a-1142-4572-be01-7e212814708a","5b540477-ce6f-43d3-874a-4ea32dd93794"],"settings":{"full_width":true,"content_size":"medium","subheading":"Subheading","title":"Heading","first_tab_open":false,"background":"","background_gradient":"","text_color":"","heading_color":"","heading_gradient":"","elements_per_row":4}},"6f885109-59c1-4917-b75d-7b08008687c4":{"type":"dual-tiles","blocks":{"cda2b440-8002-4a87-a557-04c1eda8dd60":{"type":"tile","settings":{"color_scheme_text":"text-colors-default","color_scheme_background":"background-colors-accent-1","image_desktop":"shopify:\/\/shop_images\/YS-SS20-16.jpg","video_desktop_external":"","video_mobile_external":"","content_position_horizontal":"text-center align-center","content_position_vertical":"justify-center","title":"","text_size":1,"button_style":"button--filled","button_text":"","button_url":"","content_layout":"content--relative","block_margin_left":0,"block_margin_right":0,"block_padding_top":0,"block_padding_bottom":0,"block_padding_left":0,"block_padding_right":0}},"5acb2cbc-2b22-41e6-bedb-90eb35a172c9":{"type":"tile","settings":{"color_scheme_text":"text-colors-default","color_scheme_background":"background-colors-accent-2","image_desktop":"shopify:\/\/shop_images\/YS-SS20-17_e96e196d-4767-400d-8509-9b681afc6346.jpg","video_desktop_external":"","video_mobile_external":"","content_position_horizontal":"text-center align-center","content_position_vertical":"justify-center","title":"","text_size":1,"button_style":"button--filled","button_text":"","button_url":"","content_layout":"content--relative","block_margin_left":0,"block_margin_right":0,"block_padding_top":0,"block_padding_bottom":0,"block_padding_left":0,"block_padding_right":0}}},"block_order":["cda2b440-8002-4a87-a557-04c1eda8dd60","5acb2cbc-2b22-41e6-bedb-90eb35a172c9"],"settings":{"section_width":"max-w-page","section_height":65,"layout":"section-dual-tiles--50-50","gap_between_tiles":0,"spacing_top_desktop":0,"spacing_bottom_desktop":0,"spacing_top_mobile":0,"spacing_bottom_mobile":0}},"1f4fe807-641b-4c5e-9ba5-cebf574bb359":{"type":"tab","blocks":{"template--14742459744333__1f4fe807-641b-4c5e-9ba5-cebf574bb359-tab-1":{"type":"tab","settings":{"title":"","m_image":"shopify:\/\/shop_images\/YS-SS20-2_550a1446-3a31-4953-802e-7bf0315e899f.jpg"}},"4f1b8858-62ab-4f4a-a3a7-c03927c10080":{"type":"tab","settings":{"title":"","m_image":"shopify:\/\/shop_images\/YS-SS20-1.jpg"}},"084368c1-4afd-4401-a223-5b518ea46402":{"type":"tab","settings":{"title":"","m_image":"shopify:\/\/shop_images\/YS-SS20-7.jpg"}},"ecb78ebe-994e-4e9b-a7fb-3d9e7c72cb38":{"type":"tab","settings":{"title":"","m_image":"shopify:\/\/shop_images\/YS-SS20-3_cc778fa6-2487-4ba7-a744-01d780ca9f25.jpg"}}},"block_order":["template--14742459744333__1f4fe807-641b-4c5e-9ba5-cebf574bb359-tab-1","4f1b8858-62ab-4f4a-a3a7-c03927c10080","084368c1-4afd-4401-a223-5b518ea46402","ecb78ebe-994e-4e9b-a7fb-3d9e7c72cb38"],"settings":{"full_width":true,"content_size":"medium","subheading":"Subheading","title":"Heading","first_tab_open":false,"background":"","background_gradient":"","text_color":"","heading_color":"","heading_gradient":"","elements_per_row":4}},"e638a0d3-4b98-4a64-92a6-3c670e4fe156":{"type":"dual-tiles","blocks":{"06444a79-d6be-4324-9c6c-7e10bc179935":{"type":"tile","settings":{"color_scheme_text":"text-colors-default","color_scheme_background":"background-colors-accent-1","image_desktop":"shopify:\/\/shop_images\/YS-SS20-19.jpg","video_desktop_external":"","video_mobile_external":"","content_position_horizontal":"text-center align-center","content_position_vertical":"justify-center","title":"","text_size":1,"button_style":"button--filled","button_text":"","button_url":"","content_layout":"content--relative","block_margin_left":0,"block_margin_right":0,"block_padding_top":0,"block_padding_bottom":0,"block_padding_left":0,"block_padding_right":0}},"46ddb994-3a65-4a77-839d-1f16daf268a2":{"type":"tile","settings":{"color_scheme_text":"text-colors-default","color_scheme_background":"background-colors-accent-2","image_desktop":"shopify:\/\/shop_images\/YS-SS20-15_43e8bbe4-d678-46f3-a145-7af13f2e04e7.jpg","video_desktop_external":"","video_mobile_external":"","content_position_horizontal":"text-center align-center","content_position_vertical":"justify-center","title":"","text_size":1,"button_style":"button--filled","button_text":"","button_url":"","content_layout":"content--relative","block_margin_left":0,"block_margin_right":0,"block_padding_top":0,"block_padding_bottom":0,"block_padding_left":0,"block_padding_right":0}}},"block_order":["06444a79-d6be-4324-9c6c-7e10bc179935","46ddb994-3a65-4a77-839d-1f16daf268a2"],"settings":{"section_width":"max-w-page","section_height":65,"layout":"section-dual-tiles--50-50","gap_between_tiles":0,"spacing_top_desktop":0,"spacing_bottom_desktop":0,"spacing_top_mobile":0,"spacing_bottom_mobile":0}},"663c1b49-b349-486d-824e-897e6f308149":{"type":"tab","blocks":{"8cd3fec4-4c4e-4a9f-a585-6ef41fde762f":{"type":"tab","settings":{"title":"","m_image":"shopify:\/\/shop_images\/YS-SS20-31_a39ca165-f8aa-4f8c-9142-04ea6269cb71.jpg"}},"040d084d-3369-4489-bbf3-eaa3a82433be":{"type":"tab","settings":{"title":"","m_image":"shopify:\/\/shop_images\/YS-SS20-8_5e73c2e4-62b2-419c-bc48-8415097b9aaa.jpg"}},"89002283-6e87-4c04-b267-f2519fd489b2":{"type":"tab","settings":{"title":"","m_image":"shopify:\/\/shop_images\/YS-SS20-5.jpg"}},"8efe2525-f63b-481c-8519-3d089b738e17":{"type":"tab","settings":{"title":"","m_image":"shopify:\/\/shop_images\/YS-SS20-1.jpg"}}},"block_order":["8cd3fec4-4c4e-4a9f-a585-6ef41fde762f","040d084d-3369-4489-bbf3-eaa3a82433be","89002283-6e87-4c04-b267-f2519fd489b2","8efe2525-f63b-481c-8519-3d089b738e17"],"settings":{"full_width":true,"content_size":"medium","subheading":"Subheading","title":"Heading","first_tab_open":false,"background":"","background_gradient":"","text_color":"","heading_color":"","heading_gradient":"","elements_per_row":4}},"33ccf234-1b7b-46ee-bf22-cab564d15ba6":{"type":"dual-tiles","blocks":{"20e9bf61-3a02-48f7-998c-81105f545026":{"type":"tile","settings":{"color_scheme_text":"text-colors-default","color_scheme_background":"background-colors-accent-1","image_desktop":"shopify:\/\/shop_images\/YS-SS20-20_b4126c7a-24d0-4c52-bdfb-837db70bbf10.jpg","video_desktop_external":"","video_mobile_external":"","content_position_horizontal":"text-center align-center","content_position_vertical":"justify-center","title":"","text_size":1,"button_style":"button--filled","button_text":"","button_url":"","content_layout":"content--relative","block_margin_left":0,"block_margin_right":0,"block_padding_top":0,"block_padding_bottom":0,"block_padding_left":0,"block_padding_right":0}},"e5342ef4-aaa0-49b5-b220-6fe8843b5b97":{"type":"tile","settings":{"color_scheme_text":"text-colors-default","color_scheme_background":"background-colors-accent-2","image_desktop":"shopify:\/\/shop_images\/YS-SS20-6_0ac4ba9c-0448-4b4b-b1d4-9505f423130e.jpg","video_desktop_external":"","video_mobile_external":"","content_position_horizontal":"text-center align-center","content_position_vertical":"justify-center","title":"","text_size":1,"button_style":"button--filled","button_text":"","button_url":"","content_layout":"content--relative","block_margin_left":0,"block_margin_right":0,"block_padding_top":0,"block_padding_bottom":0,"block_padding_left":0,"block_padding_right":0}}},"block_order":["20e9bf61-3a02-48f7-998c-81105f545026","e5342ef4-aaa0-49b5-b220-6fe8843b5b97"],"settings":{"section_width":"max-w-page","section_height":65,"layout":"section-dual-tiles--50-50","gap_between_tiles":0,"spacing_top_desktop":0,"spacing_bottom_desktop":0,"spacing_top_mobile":0,"spacing_bottom_mobile":0}}},"order":["banner","main","ff71b3c8-470a-4aa7-8140-7fa46398b141","00826e91-4b4f-41cf-9ba1-2dc23ae5123f","9dc3ab92-4701-4bf4-b633-74b0887e67ce","ad0145c9-aa1c-44fc-969e-6bbd2b5a7b1b","6f885109-59c1-4917-b75d-7b08008687c4","1f4fe807-641b-4c5e-9ba5-cebf574bb359","e638a0d3-4b98-4a64-92a6-3c670e4fe156","663c1b49-b349-486d-824e-897e6f308149","33ccf234-1b7b-46ee-bf22-cab564d15ba6"]}