{"sections":{"banner":{"type":"main-collection-banner","disabled":true,"settings":{"banner_layout":"banner--full","color_scheme_text":"color-text-primary","color_scheme_text_no_image":"text-colors-default","color_scheme_background":"background-colors-accent-2"}},"a999c7d9-8653-49aa-a0dc-8f4822c1e530":{"type":"spacing","disabled":true,"settings":{"color_scheme_background":"background-colors-default","spacing_desktop":25,"spacing_mobile":20}},"main":{"type":"main-collection","blocks":{"1351c521-716c-4dbc-b8b4-2f0dd0afb5a8":{"type":"text-card","settings":{"color_scheme_text":"color-text-secondary","color_scheme_background":"background-colors-accent-1","position":28,"title":"Heading goes here","button_text":"","button_url":""}}},"block_order":["1351c521-716c-4dbc-b8b4-2f0dd0afb5a8"],"custom_css":[".collection__grid {column-gap: 0px;}",".collection__grid .card-text {display: none;}",".js-btn-close-drawer {color: #fff;}",".js-btn-close-drawer:hover {color: #000;}",".facets__clear-button:hover {color: #fff;}"],"settings":{"color_scheme_text":"color-text-primary","color_scheme_background":"background-colors-default","enable_products_count":true,"enable_sorting":true,"enable_filters":true,"button_style":"button--filled","sidebar_navigation":"","column_gap_desktop":0.2,"column_gap_mobile":0.2,"products_per_page":19,"products_per_row_default":"4","products_per_row_ui":false}},"2fb29c4b-15eb-43d5-ad9e-a427592fdfff":{"type":"tab-links","settings":{}}},"order":["banner","a999c7d9-8653-49aa-a0dc-8f4822c1e530","main","2fb29c4b-15eb-43d5-ad9e-a427592fdfff"]}