{"sections":{"banner":{"type":"main-collection-banner","disabled":true,"settings":{"banner_layout":"banner--full","color_scheme_text":"color-text-primary","color_scheme_text_no_image":"text-colors-default","color_scheme_background":"background-colors-accent-2"}},"main":{"type":"main-collection","blocks":{"96d74506-d90d-4c41-b78f-4d67853600e5":{"type":"text-card","settings":{"color_scheme_text":"color-text-inverse","color_scheme_background":"background-colors-accent-2","position":7,"title":"Designed by women, for all women, from petite to grande","button_text":"","button_url":""}}},"block_order":["96d74506-d90d-4c41-b78f-4d67853600e5"],"disabled":true,"custom_css":[".collection__grid {column-gap: 0px;}"],"settings":{"color_scheme_text":"color-text-primary","color_scheme_background":"background-colors-default","enable_products_count":true,"enable_sorting":true,"enable_filters":true,"button_style":"button--filter","sidebar_navigation":"","column_gap_desktop":0.2,"column_gap_mobile":0.2,"products_per_page":19,"products_per_row_default":"4","products_per_row_ui":true}},"44708a28-7962-48a2-b056-783461f2edae":{"type":"image-with-text","blocks":{"template--14745415614541__44708a28-7962-48a2-b056-783461f2edae-text-1":{"type":"text","settings":{"text_align_desktop":"text-center-desktop","text_align_mobile":"text-center","title":"","content":"<h3>Spring\/Summer 2022<\/h3>","button_separator":false,"button_text":"Button label","button_url":"","button_style":"button--outlined"}}},"block_order":["template--14745415614541__44708a28-7962-48a2-b056-783461f2edae-text-1"],"settings":{"padding_vertical_desktop":"","padding_vertical_mobile":"pt-0-mobile-small pb-0-mobile-small","color_scheme_text":"text-colors-default","color_scheme_background":"background-colors-default"}},"9dc3ab92-4701-4bf4-b633-74b0887e67ce":{"type":"dual-tiles","blocks":{"47989d2b-8e06-4eb2-a9a9-286a4803884c":{"type":"tile","settings":{"color_scheme_text":"text-colors-default","color_scheme_background":"background-colors-accent-1","image_desktop":"shopify:\/\/shop_images\/YS_13100-BEI-S22_MOOD_1.jpg","video_desktop_external":"","video_mobile_external":"","content_position_horizontal":"text-center align-center","content_position_vertical":"justify-center","title":"","text_size":1,"button_style":"button--filled","button_text":"","button_url":"","content_layout":"content--relative","block_margin_left":0,"block_margin_right":0,"block_padding_top":0,"block_padding_bottom":0,"block_padding_left":0,"block_padding_right":0}},"9b6e7317-d52b-4efc-90e6-8f624b1c34a5":{"type":"tile","settings":{"color_scheme_text":"text-colors-default","color_scheme_background":"background-colors-accent-2","image_desktop":"shopify:\/\/shop_images\/YS_13100-WHI-S22_13500-BLK-S22_MOOD.jpg","video_desktop_external":"","video_mobile_external":"","content_position_horizontal":"text-center align-center","content_position_vertical":"justify-center","title":"","text_size":1,"button_style":"button--filled","button_text":"","button_url":"","content_layout":"content--relative","block_margin_left":0,"block_margin_right":0,"block_padding_top":0,"block_padding_bottom":0,"block_padding_left":0,"block_padding_right":0}}},"block_order":["47989d2b-8e06-4eb2-a9a9-286a4803884c","9b6e7317-d52b-4efc-90e6-8f624b1c34a5"],"settings":{"section_width":"max-w-page","section_height":65,"layout":"section-dual-tiles--50-50","gap_between_tiles":0,"spacing_top_desktop":0,"spacing_bottom_desktop":0,"spacing_top_mobile":0,"spacing_bottom_mobile":0}},"ad0145c9-aa1c-44fc-969e-6bbd2b5a7b1b":{"type":"tab","blocks":{"template--14742459744333__ad0145c9-aa1c-44fc-969e-6bbd2b5a7b1b-tab-1":{"type":"tab","settings":{"title":"","m_image":"shopify:\/\/shop_images\/YS_13100-BLK-S22_FRONT.jpg"}},"8b254d0a-7c5f-4295-9dc0-3e10bc29e94d":{"type":"tab","settings":{"title":"","m_image":"shopify:\/\/shop_images\/YS_13100-BLK-S22_BACK.jpg"}},"5f0a2ed5-ff48-4089-b637-7b925309ff6a":{"type":"tab","settings":{"title":"","m_image":"shopify:\/\/shop_images\/YS_13100-BLK-S22_CLOSEUP.jpg"}},"d68213d5-0dec-47ea-80dc-e7785684b197":{"type":"tab","settings":{"title":"","m_image":"shopify:\/\/shop_images\/YS_13100-WHI-S22_13500-BLK-S22_MOOD_1.jpg"}}},"block_order":["template--14742459744333__ad0145c9-aa1c-44fc-969e-6bbd2b5a7b1b-tab-1","8b254d0a-7c5f-4295-9dc0-3e10bc29e94d","5f0a2ed5-ff48-4089-b637-7b925309ff6a","d68213d5-0dec-47ea-80dc-e7785684b197"],"settings":{"full_width":true,"content_size":"medium","subheading":"Subheading","title":"Heading","first_tab_open":false,"background":"","background_gradient":"","text_color":"","heading_color":"","heading_gradient":"","elements_per_row":4}},"6f885109-59c1-4917-b75d-7b08008687c4":{"type":"dual-tiles","blocks":{"cda2b440-8002-4a87-a557-04c1eda8dd60":{"type":"tile","settings":{"color_scheme_text":"text-colors-default","color_scheme_background":"background-colors-accent-1","image_desktop":"shopify:\/\/shop_images\/YS_13410-NAV-S22_CLOSEUP.jpg","video_desktop_external":"","video_mobile_external":"","content_position_horizontal":"text-center align-center","content_position_vertical":"justify-center","title":"","text_size":1,"button_style":"button--filled","button_text":"","button_url":"","content_layout":"content--relative","block_margin_left":0,"block_margin_right":0,"block_padding_top":0,"block_padding_bottom":0,"block_padding_left":0,"block_padding_right":0}},"5acb2cbc-2b22-41e6-bedb-90eb35a172c9":{"type":"tile","settings":{"color_scheme_text":"text-colors-default","color_scheme_background":"background-colors-accent-2","image_desktop":"shopify:\/\/shop_images\/YS_13410-NAV-S22_FRONT_2.jpg","video_desktop_external":"","video_mobile_external":"","content_position_horizontal":"text-center align-center","content_position_vertical":"justify-center","title":"","text_size":1,"button_style":"button--filled","button_text":"","button_url":"","content_layout":"content--relative","block_margin_left":0,"block_margin_right":0,"block_padding_top":0,"block_padding_bottom":0,"block_padding_left":0,"block_padding_right":0}}},"block_order":["cda2b440-8002-4a87-a557-04c1eda8dd60","5acb2cbc-2b22-41e6-bedb-90eb35a172c9"],"settings":{"section_width":"max-w-page","section_height":65,"layout":"section-dual-tiles--50-50","gap_between_tiles":0,"spacing_top_desktop":0,"spacing_bottom_desktop":0,"spacing_top_mobile":0,"spacing_bottom_mobile":0}},"1f4fe807-641b-4c5e-9ba5-cebf574bb359":{"type":"tab","blocks":{"template--14742459744333__1f4fe807-641b-4c5e-9ba5-cebf574bb359-tab-1":{"type":"tab","settings":{"title":"","m_image":"shopify:\/\/shop_images\/YS_13410-NAV-S22_FRONT_2.jpg"}},"4f1b8858-62ab-4f4a-a3a7-c03927c10080":{"type":"tab","settings":{"title":"","m_image":"shopify:\/\/shop_images\/YS_13140-CYN-S22_11503-WHI-S22_FRONT_2.jpg"}},"084368c1-4afd-4401-a223-5b518ea46402":{"type":"tab","settings":{"title":"","m_image":"shopify:\/\/shop_images\/YS_13140-CYN-S22_FRONT_1.jpg"}},"ecb78ebe-994e-4e9b-a7fb-3d9e7c72cb38":{"type":"tab","settings":{"title":"","m_image":"shopify:\/\/shop_images\/YS_11900-BLU-S22_SIDE.jpg"}}},"block_order":["template--14742459744333__1f4fe807-641b-4c5e-9ba5-cebf574bb359-tab-1","4f1b8858-62ab-4f4a-a3a7-c03927c10080","084368c1-4afd-4401-a223-5b518ea46402","ecb78ebe-994e-4e9b-a7fb-3d9e7c72cb38"],"settings":{"full_width":true,"content_size":"medium","subheading":"Subheading","title":"Heading","first_tab_open":false,"background":"","background_gradient":"","text_color":"","heading_color":"","heading_gradient":"","elements_per_row":4}},"e638a0d3-4b98-4a64-92a6-3c670e4fe156":{"type":"dual-tiles","blocks":{"06444a79-d6be-4324-9c6c-7e10bc179935":{"type":"tile","settings":{"color_scheme_text":"text-colors-default","color_scheme_background":"background-colors-accent-1","image_desktop":"shopify:\/\/shop_images\/YS_11900-RD-S22_11X22-BEI-S22_FRONT.jpg","video_desktop_external":"","video_mobile_external":"","content_position_horizontal":"text-center align-center","content_position_vertical":"justify-center","title":"","text_size":1,"button_style":"button--filled","button_text":"","button_url":"","content_layout":"content--relative","block_margin_left":0,"block_margin_right":0,"block_padding_top":0,"block_padding_bottom":0,"block_padding_left":0,"block_padding_right":0}},"46ddb994-3a65-4a77-839d-1f16daf268a2":{"type":"tile","settings":{"color_scheme_text":"text-colors-default","color_scheme_background":"background-colors-accent-2","image_desktop":"shopify:\/\/shop_images\/YS_11900-RD-S22_11X22-BEI-S22_BACK.jpg","video_desktop_external":"","video_mobile_external":"","content_position_horizontal":"text-center align-center","content_position_vertical":"justify-center","title":"","text_size":1,"button_style":"button--filled","button_text":"","button_url":"","content_layout":"content--relative","block_margin_left":0,"block_margin_right":0,"block_padding_top":0,"block_padding_bottom":0,"block_padding_left":0,"block_padding_right":0}}},"block_order":["06444a79-d6be-4324-9c6c-7e10bc179935","46ddb994-3a65-4a77-839d-1f16daf268a2"],"settings":{"section_width":"max-w-page","section_height":65,"layout":"section-dual-tiles--50-50","gap_between_tiles":0,"spacing_top_desktop":0,"spacing_bottom_desktop":0,"spacing_top_mobile":0,"spacing_bottom_mobile":0}},"663c1b49-b349-486d-824e-897e6f308149":{"type":"tab","blocks":{"8cd3fec4-4c4e-4a9f-a585-6ef41fde762f":{"type":"tab","settings":{"title":"","m_image":"shopify:\/\/shop_images\/YS_11602-WHI-S22_CLOSEUP.jpg"}},"040d084d-3369-4489-bbf3-eaa3a82433be":{"type":"tab","settings":{"title":"","m_image":"shopify:\/\/shop_images\/YS_11602-WHI-S22_FRONT.jpg"}},"89002283-6e87-4c04-b267-f2519fd489b2":{"type":"tab","settings":{"title":"","m_image":"shopify:\/\/shop_images\/YS_11602-WHI-S22_FRONT_1.jpg"}},"faf88ce2-b988-468a-9b29-99f3977086f9":{"type":"tab","settings":{"title":"","m_image":"shopify:\/\/shop_images\/YS_11602-WHI-S22_BACK.jpg"}},"8ed26f79-e81b-4807-9660-8b591da6583d":{"type":"tab","settings":{"title":"","m_image":"shopify:\/\/shop_images\/YS_11602-RST-S22_CLOSEUP.jpg"}},"2fca0fc1-33a0-4393-a85e-47780148646d":{"type":"tab","settings":{"title":"","m_image":"shopify:\/\/shop_images\/YS_11602-RST-S22_BACK.jpg"}},"8efe2525-f63b-481c-8519-3d089b738e17":{"type":"tab","settings":{"title":"","m_image":"shopify:\/\/shop_images\/YS_11602-WHI-S22_11602-RST-S22_MOOD.jpg"}},"3530c905-8a98-45c8-8534-1e3325783eac":{"type":"tab","settings":{"title":"","m_image":"shopify:\/\/shop_images\/YS_11602-RST-S22_FRONT.jpg"}}},"block_order":["8cd3fec4-4c4e-4a9f-a585-6ef41fde762f","040d084d-3369-4489-bbf3-eaa3a82433be","89002283-6e87-4c04-b267-f2519fd489b2","faf88ce2-b988-468a-9b29-99f3977086f9","8ed26f79-e81b-4807-9660-8b591da6583d","2fca0fc1-33a0-4393-a85e-47780148646d","8efe2525-f63b-481c-8519-3d089b738e17","3530c905-8a98-45c8-8534-1e3325783eac"],"settings":{"full_width":true,"content_size":"medium","subheading":"Subheading","title":"Heading","first_tab_open":false,"background":"","background_gradient":"","text_color":"","heading_color":"","heading_gradient":"","elements_per_row":4}},"33ccf234-1b7b-46ee-bf22-cab564d15ba6":{"type":"dual-tiles","blocks":{"20e9bf61-3a02-48f7-998c-81105f545026":{"type":"tile","settings":{"color_scheme_text":"text-colors-default","color_scheme_background":"background-colors-accent-1","image_desktop":"shopify:\/\/shop_images\/YS_11603-BLU-S22_FRONT.jpg","video_desktop_external":"","video_mobile_external":"","content_position_horizontal":"text-center align-center","content_position_vertical":"justify-center","title":"","text_size":1,"button_style":"button--filled","button_text":"","button_url":"","content_layout":"content--relative","block_margin_left":0,"block_margin_right":0,"block_padding_top":0,"block_padding_bottom":0,"block_padding_left":0,"block_padding_right":0}},"e5342ef4-aaa0-49b5-b220-6fe8843b5b97":{"type":"tile","settings":{"color_scheme_text":"text-colors-default","color_scheme_background":"background-colors-accent-2","image_desktop":"shopify:\/\/shop_images\/YS_11603-BLU-S22_BACK.jpg","video_desktop_external":"","video_mobile_external":"","content_position_horizontal":"text-center align-center","content_position_vertical":"justify-center","title":"","text_size":1,"button_style":"button--filled","button_text":"","button_url":"","content_layout":"content--relative","block_margin_left":0,"block_margin_right":0,"block_padding_top":0,"block_padding_bottom":0,"block_padding_left":0,"block_padding_right":0}}},"block_order":["20e9bf61-3a02-48f7-998c-81105f545026","e5342ef4-aaa0-49b5-b220-6fe8843b5b97"],"settings":{"section_width":"max-w-page","section_height":65,"layout":"section-dual-tiles--50-50","gap_between_tiles":0,"spacing_top_desktop":0,"spacing_bottom_desktop":0,"spacing_top_mobile":0,"spacing_bottom_mobile":0}},"6dcf2528-764a-46b8-8bf5-b1e1eca82070":{"type":"tab","blocks":{"8dfad33b-f0cc-4f1b-a7e4-985f77260e04":{"type":"tab","settings":{"title":"","m_image":"shopify:\/\/shop_images\/YS_11605-BLK-S22_11605-WHI-S22_MOOD.jpg"}},"1ec968fa-5fec-4b24-ae9f-511ff9be0ff6":{"type":"tab","settings":{"title":"","m_image":"shopify:\/\/shop_images\/YS_11605-WHI-S22_FRONT.jpg"}},"42d680f7-5327-442f-99c0-f24c8adae39c":{"type":"tab","settings":{"title":"","m_image":"shopify:\/\/shop_images\/YS_11605-BLK-S22_FRONT.jpg"}},"e8fa6356-1b0c-43f1-a9ad-55476587d561":{"type":"tab","settings":{"title":"","m_image":"shopify:\/\/shop_images\/YS_11605-WHI-S22_BACK.jpg"}}},"block_order":["8dfad33b-f0cc-4f1b-a7e4-985f77260e04","1ec968fa-5fec-4b24-ae9f-511ff9be0ff6","42d680f7-5327-442f-99c0-f24c8adae39c","e8fa6356-1b0c-43f1-a9ad-55476587d561"],"settings":{"full_width":true,"content_size":"medium","subheading":"Subheading","title":"Heading","first_tab_open":false,"background":"","background_gradient":"","text_color":"","heading_color":"","heading_gradient":"","elements_per_row":4}},"8d0b9587-c30d-4891-a93e-3f17ec2ad998":{"type":"dual-tiles","blocks":{"602c94b1-4ebe-4d1a-88f8-18fa60061c33":{"type":"tile","settings":{"color_scheme_text":"text-colors-default","color_scheme_background":"background-colors-accent-1","image_desktop":"shopify:\/\/shop_images\/YS_11604-BLK-S22_CLOSEUP_080f07e4-0d67-41c6-916f-c4a78997edc2.jpg","video_desktop_external":"","video_mobile_external":"","content_position_horizontal":"text-center align-center","content_position_vertical":"justify-center","title":"","text_size":1,"button_style":"button--filled","button_text":"","button_url":"","content_layout":"content--relative","block_margin_left":0,"block_margin_right":0,"block_padding_top":0,"block_padding_bottom":0,"block_padding_left":0,"block_padding_right":0}},"52febc3f-2978-4111-8814-4983f80ae1ca":{"type":"tile","settings":{"color_scheme_text":"text-colors-default","color_scheme_background":"background-colors-accent-2","image_desktop":"shopify:\/\/shop_images\/YS_11604-BLK-S22_BACK_5be34178-cdff-4c34-9994-82ac5ea3b882.jpg","video_desktop_external":"","video_mobile_external":"","content_position_horizontal":"text-center align-center","content_position_vertical":"justify-center","title":"","text_size":1,"button_style":"button--filled","button_text":"","button_url":"","content_layout":"content--relative","block_margin_left":0,"block_margin_right":0,"block_padding_top":0,"block_padding_bottom":0,"block_padding_left":0,"block_padding_right":0}}},"block_order":["602c94b1-4ebe-4d1a-88f8-18fa60061c33","52febc3f-2978-4111-8814-4983f80ae1ca"],"settings":{"section_width":"max-w-page","section_height":65,"layout":"section-dual-tiles--50-50","gap_between_tiles":0,"spacing_top_desktop":0,"spacing_bottom_desktop":0,"spacing_top_mobile":0,"spacing_bottom_mobile":0}},"32eab221-8102-46b0-b005-63ebefd4aff1":{"type":"tab","blocks":{"003dc4de-19a0-4aaf-b3e2-5a7c9be50df8":{"type":"tab","settings":{"title":"","m_image":"shopify:\/\/shop_images\/YS_11601-MLT-S22_CLOSEUP.jpg"}},"34a9eae8-eeb4-4e80-9fce-62fbbed2dae0":{"type":"tab","settings":{"title":"","m_image":"shopify:\/\/shop_images\/YS_11601-MLT-S22_FRONT.jpg"}},"30a8aa74-166e-4056-aece-b93b18ad6b87":{"type":"tab","settings":{"title":"","m_image":"shopify:\/\/shop_images\/YS_11601-MLT-S22_BACK.jpg"}},"d529ec5a-9993-4fb9-948b-52e52135511b":{"type":"tab","settings":{"title":"","m_image":"shopify:\/\/shop_images\/YS_11601-MLT-S22_DETAIL.jpg"}}},"block_order":["003dc4de-19a0-4aaf-b3e2-5a7c9be50df8","34a9eae8-eeb4-4e80-9fce-62fbbed2dae0","30a8aa74-166e-4056-aece-b93b18ad6b87","d529ec5a-9993-4fb9-948b-52e52135511b"],"settings":{"full_width":true,"content_size":"medium","subheading":"Subheading","title":"Heading","first_tab_open":false,"background":"","background_gradient":"","text_color":"","heading_color":"","heading_gradient":"","elements_per_row":4}},"084a685b-2590-40fd-83f7-fcb8c1c99dfd":{"type":"dual-tiles","blocks":{"dfb3cc48-d26e-48f4-9aa1-ab23659dca91":{"type":"tile","settings":{"color_scheme_text":"text-colors-default","color_scheme_background":"background-colors-accent-1","image_desktop":"shopify:\/\/shop_images\/YS_11411-BLK-S22_FRONT.jpg","video_desktop_external":"","video_mobile_external":"","content_position_horizontal":"text-center align-center","content_position_vertical":"justify-center","title":"","text_size":1,"button_style":"button--filled","button_text":"","button_url":"","content_layout":"content--relative","block_margin_left":0,"block_margin_right":0,"block_padding_top":0,"block_padding_bottom":0,"block_padding_left":0,"block_padding_right":0}},"bc287092-9ee5-4db6-85c8-e14fc254a597":{"type":"tile","settings":{"color_scheme_text":"text-colors-default","color_scheme_background":"background-colors-accent-2","image_desktop":"shopify:\/\/shop_images\/YS_11500-BLK-S22_BACK.jpg","video_desktop_external":"","video_mobile_external":"","content_position_horizontal":"text-center align-center","content_position_vertical":"justify-center","title":"","text_size":1,"button_style":"button--filled","button_text":"","button_url":"","content_layout":"content--relative","block_margin_left":0,"block_margin_right":0,"block_padding_top":0,"block_padding_bottom":0,"block_padding_left":0,"block_padding_right":0}}},"block_order":["dfb3cc48-d26e-48f4-9aa1-ab23659dca91","bc287092-9ee5-4db6-85c8-e14fc254a597"],"settings":{"section_width":"max-w-page","section_height":65,"layout":"section-dual-tiles--50-50","gap_between_tiles":0,"spacing_top_desktop":0,"spacing_bottom_desktop":0,"spacing_top_mobile":0,"spacing_bottom_mobile":0}},"6e02f475-72b9-4aec-8c33-78571ede92ff":{"type":"dual-tiles","blocks":{"10dbe6e3-ab97-45e8-a7ea-f9111479b379":{"type":"tile","settings":{"color_scheme_text":"text-colors-default","color_scheme_background":"background-colors-accent-1","image_desktop":"shopify:\/\/shop_images\/YS_11501-BEI-S22_DETAIL.jpg","video_desktop_external":"","video_mobile_external":"","content_position_horizontal":"text-center align-center","content_position_vertical":"justify-center","title":"","text_size":1,"button_style":"button--filled","button_text":"","button_url":"","content_layout":"content--relative","block_margin_left":0,"block_margin_right":0,"block_padding_top":0,"block_padding_bottom":0,"block_padding_left":0,"block_padding_right":0}},"946ccbc3-81d4-4697-bedf-c2c4dd8a2fd1":{"type":"tile","settings":{"color_scheme_text":"text-colors-default","color_scheme_background":"background-colors-accent-2","image_desktop":"shopify:\/\/shop_images\/YS_11501-BEI-S22_FRONT.jpg","video_desktop_external":"","video_mobile_external":"","content_position_horizontal":"text-center align-center","content_position_vertical":"justify-center","title":"","text_size":1,"button_style":"button--filled","button_text":"","button_url":"","content_layout":"content--relative","block_margin_left":0,"block_margin_right":0,"block_padding_top":0,"block_padding_bottom":0,"block_padding_left":0,"block_padding_right":0}}},"block_order":["10dbe6e3-ab97-45e8-a7ea-f9111479b379","946ccbc3-81d4-4697-bedf-c2c4dd8a2fd1"],"settings":{"section_width":"max-w-page","section_height":65,"layout":"section-dual-tiles--50-50","gap_between_tiles":0,"spacing_top_desktop":0,"spacing_bottom_desktop":0,"spacing_top_mobile":0,"spacing_bottom_mobile":0}},"73f45add-28be-45ed-aed3-66b5b0c04b38":{"type":"dual-tiles","blocks":{"9c056a88-145a-4726-be17-440baf07c5a4":{"type":"tile","settings":{"color_scheme_text":"text-colors-default","color_scheme_background":"background-colors-accent-1","image_desktop":"shopify:\/\/shop_images\/YS_11305-MLT-S22_11801-MLT-S22_CLOSEUP.jpg","video_desktop_external":"","video_mobile_external":"","content_position_horizontal":"text-center align-center","content_position_vertical":"justify-center","title":"","text_size":1,"button_style":"button--filled","button_text":"","button_url":"","content_layout":"content--relative","block_margin_left":0,"block_margin_right":0,"block_padding_top":0,"block_padding_bottom":0,"block_padding_left":0,"block_padding_right":0}},"aefa5cd9-adc6-4fb5-9abb-c548a5d6affa":{"type":"tile","settings":{"color_scheme_text":"text-colors-default","color_scheme_background":"background-colors-accent-2","image_desktop":"shopify:\/\/shop_images\/YS_11305-MLT-S22_11801-MLT-S22_BACK_87eb6c97-ebc6-4fc3-8dfa-99e89aaf5fd5.jpg","video_desktop_external":"","video_mobile_external":"","content_position_horizontal":"text-center align-center","content_position_vertical":"justify-center","title":"","text_size":1,"button_style":"button--filled","button_text":"","button_url":"","content_layout":"content--relative","block_margin_left":0,"block_margin_right":0,"block_padding_top":0,"block_padding_bottom":0,"block_padding_left":0,"block_padding_right":0}}},"block_order":["9c056a88-145a-4726-be17-440baf07c5a4","aefa5cd9-adc6-4fb5-9abb-c548a5d6affa"],"settings":{"section_width":"max-w-page","section_height":65,"layout":"section-dual-tiles--50-50","gap_between_tiles":0,"spacing_top_desktop":0,"spacing_bottom_desktop":0,"spacing_top_mobile":0,"spacing_bottom_mobile":0}},"bf0c72f0-9db4-4604-97a0-ed27c8801468":{"type":"tab","blocks":{"dbbc0300-d39c-43e1-aac5-39fc6ce150de":{"type":"tab","settings":{"title":"","m_image":"shopify:\/\/shop_images\/YS_11400-WHI-S22_FRONT.jpg"}},"26635a37-0592-4ba6-b02b-db0bdda10ab8":{"type":"tab","settings":{"title":"","m_image":"shopify:\/\/shop_images\/YS_11400-WHI-S22_CLOSEUP.jpg"}},"89f42e30-3274-4232-81d6-d8d7c91fd3cd":{"type":"tab","settings":{"title":"","m_image":"shopify:\/\/shop_images\/YS_11301-WHI-S22_CLOSEUP_1.jpg"}},"edcdbf4d-2cac-49e8-a5d1-cb00498b05bc":{"type":"tab","settings":{"title":"","m_image":"shopify:\/\/shop_images\/YS_11400-WHI-S22_BACK.jpg"}},"0b9c2ce4-a7c6-4d29-bad1-2677dbea66e7":{"type":"tab","settings":{"title":"","m_image":"shopify:\/\/shop_images\/YS_11402-SND-S22_CLOSEUP.jpg"}},"02a47932-4f18-4a0d-91a8-7e132cd6fa1e":{"type":"tab","settings":{"title":"","m_image":"shopify:\/\/shop_images\/YS_11402-SND-S22_13501-SND-S22_FRONT_2.jpg"}},"8854d709-8f50-4720-86f2-397f4e6ff3d4":{"type":"tab","settings":{"title":"","m_image":"shopify:\/\/shop_images\/YS_11402-SND-S22_13100-WHI-S22_FRONT_1.jpg"}},"94367ca5-7605-4668-a376-3ff769c01d29":{"type":"tab","settings":{"title":"","m_image":"shopify:\/\/shop_images\/YS_11502-BEI-S22_13100-WHI-S22_CLOSEUP.jpg"}},"c52af73e-b3d2-4580-8f81-5c69df573fa6":{"type":"tab","settings":{"title":"","m_image":"shopify:\/\/shop_images\/YS_11502-BEI-S22_13100-WHI-S22_FRONT.jpg"}},"e92406f8-f97d-4817-9b5a-620aee588319":{"type":"tab","settings":{"title":"","m_image":"shopify:\/\/shop_images\/YS_11502-BEI-S22_13100-WHI-S22_BACK_b4c58197-978c-425f-b9f1-dffa6f32fb35.jpg"}},"e6e94d68-eca1-41df-bae7-b822b1b27ef2":{"type":"tab","settings":{"title":"","m_image":"shopify:\/\/shop_images\/YS_11301-WHI-S22_11X11-BLU-S22_FRONT.jpg"}},"43f755f6-8121-4e70-88c0-0ac3d9b6d686":{"type":"tab","settings":{"title":"","m_image":"shopify:\/\/shop_images\/YS_11301-WHI-S22_11X11-BLU-S22_BACK.jpg"}},"5e12bb19-4575-4cd6-b0dc-08322cc14a30":{"type":"tab","settings":{"title":""}}},"block_order":["dbbc0300-d39c-43e1-aac5-39fc6ce150de","26635a37-0592-4ba6-b02b-db0bdda10ab8","89f42e30-3274-4232-81d6-d8d7c91fd3cd","edcdbf4d-2cac-49e8-a5d1-cb00498b05bc","0b9c2ce4-a7c6-4d29-bad1-2677dbea66e7","02a47932-4f18-4a0d-91a8-7e132cd6fa1e","8854d709-8f50-4720-86f2-397f4e6ff3d4","94367ca5-7605-4668-a376-3ff769c01d29","c52af73e-b3d2-4580-8f81-5c69df573fa6","e92406f8-f97d-4817-9b5a-620aee588319","e6e94d68-eca1-41df-bae7-b822b1b27ef2","43f755f6-8121-4e70-88c0-0ac3d9b6d686","5e12bb19-4575-4cd6-b0dc-08322cc14a30"],"settings":{"full_width":true,"content_size":"medium","subheading":"Subheading","title":"Heading","first_tab_open":false,"background":"","background_gradient":"","text_color":"","heading_color":"","heading_gradient":"","elements_per_row":4}},"e4f096d9-aa9c-41ee-9dbb-9947c0357c43":{"type":"dual-tiles","blocks":{"063abc39-315b-4b6f-9905-dc3ffcc11b31":{"type":"tile","settings":{"color_scheme_text":"text-colors-default","color_scheme_background":"background-colors-accent-1","image_desktop":"shopify:\/\/shop_images\/YS_11301-ORG-S22_11301-WHI-S22_MOOD.jpg","video_desktop_external":"","video_mobile_external":"","content_position_horizontal":"text-center align-center","content_position_vertical":"justify-center","title":"","text_size":3.5,"button_style":"button--filled","button_text":"","button_url":"","content_layout":"content--relative","block_margin_left":0,"block_margin_right":0,"block_padding_top":0,"block_padding_bottom":0,"block_padding_left":0,"block_padding_right":0}},"f18bee88-8cbc-4c6b-b838-a590c64af936":{"type":"tile","settings":{"color_scheme_text":"text-colors-default","color_scheme_background":"background-colors-accent-2","image_desktop":"shopify:\/\/shop_images\/YS_11301-ORG-S22_11801-MLT-S22_BACK.jpg","video_desktop_external":"","video_mobile_external":"","content_position_horizontal":"text-center align-center","content_position_vertical":"justify-center","title":"","text_size":1,"button_style":"button--filled","button_text":"","button_url":"","content_layout":"content--relative","block_margin_left":0,"block_margin_right":0,"block_padding_top":0,"block_padding_bottom":0,"block_padding_left":0,"block_padding_right":0}}},"block_order":["063abc39-315b-4b6f-9905-dc3ffcc11b31","f18bee88-8cbc-4c6b-b838-a590c64af936"],"settings":{"section_width":"max-w-page","section_height":65,"layout":"section-dual-tiles--50-50","gap_between_tiles":0,"spacing_top_desktop":0,"spacing_bottom_desktop":0,"spacing_top_mobile":0,"spacing_bottom_mobile":0}},"f157a7b8-5eee-4c98-aa63-562b4f2eb714":{"type":"tab","blocks":{"7f648276-a3aa-4f3c-8fa2-0b64469e7fbf":{"type":"tab","settings":{"title":"","m_image":"shopify:\/\/shop_images\/YS_11303-PUR-S22_11104-PUR-S22_FRONT.jpg"}},"f785179a-e650-4b26-84db-346c532cda91":{"type":"tab","settings":{"title":"","m_image":"shopify:\/\/shop_images\/YS_11303-PUR-S22_11104-PUR-S22_BACK.jpg"}},"4e784fb2-174b-4df3-a41b-561180920faf":{"type":"tab","settings":{"title":"","m_image":"shopify:\/\/shop_images\/YS_11303-PUR-S22_11104-PUR-S22_BACK_1.jpg"}},"527eeebd-6ac6-4c78-b08a-603bc8d5ac12":{"type":"tab","settings":{"title":"","m_image":"shopify:\/\/shop_images\/YS_11301-WHI-S22_13100-WHI-S22_CLOSEUP.jpg"}},"c59f723e-2d65-4e0a-a552-722cc39aaf29":{"type":"tab","settings":{"title":"","m_image":"shopify:\/\/shop_images\/YS_11302-GRN-S22_11101-GRN-S22_FRONT_1.jpg"}},"9109ff83-09c5-4675-b5a8-ece9fead2c67":{"type":"tab","settings":{"title":"","m_image":"shopify:\/\/shop_images\/YS_11302-GRN-S22_BACK.jpg"}},"9e86e68e-f9bd-4ebb-930f-34c411c7dfe5":{"type":"tab","settings":{"title":"","m_image":"shopify:\/\/shop_images\/YS_11301-WHI-S22_13100-WHI-S22_FRONT_1.jpg"}},"84b0c4c2-e0d0-4ccc-9f42-25e699aa763e":{"type":"tab","settings":{"title":"","m_image":"shopify:\/\/shop_images\/YS_11301-WHI-S22_13100-WHI-S22_BACK_1.jpg"}},"fafc8ab3-a995-40ca-aa27-a2f1688668cb":{"type":"tab","settings":{"title":"","m_image":"shopify:\/\/shop_images\/YS_11304-WHI-S22_11106-WHI-S22_FRONT_586cc0c3-2c0c-4cc4-8f04-555b7381ab81.jpg"}},"9c18e2f8-194f-4027-8924-d69bef32dad0":{"type":"tab","settings":{"title":"","m_image":"shopify:\/\/shop_images\/YS_11304-WHI-S22_11106-WHI-S22_BACK.jpg"}},"a06bee7a-ed74-487d-bae8-c58af2e8bb68":{"type":"tab","settings":{"title":"","m_image":"shopify:\/\/shop_images\/YS_11304-WHI-S22_13100-BLK-S22_SIDE_d747655b-ce95-46fd-8a12-9e3e0b617c7e.jpg"}},"6dcba9e3-a9a1-4773-aebd-d1d4448302ce":{"type":"tab","settings":{"title":"","m_image":"shopify:\/\/shop_images\/YS_11304-WHI-S22_13100-BLK-S22_BACK_67063f5d-d77a-4193-82f1-53a7f469c2d6.jpg"}}},"block_order":["7f648276-a3aa-4f3c-8fa2-0b64469e7fbf","f785179a-e650-4b26-84db-346c532cda91","4e784fb2-174b-4df3-a41b-561180920faf","527eeebd-6ac6-4c78-b08a-603bc8d5ac12","c59f723e-2d65-4e0a-a552-722cc39aaf29","9109ff83-09c5-4675-b5a8-ece9fead2c67","9e86e68e-f9bd-4ebb-930f-34c411c7dfe5","84b0c4c2-e0d0-4ccc-9f42-25e699aa763e","fafc8ab3-a995-40ca-aa27-a2f1688668cb","9c18e2f8-194f-4027-8924-d69bef32dad0","a06bee7a-ed74-487d-bae8-c58af2e8bb68","6dcba9e3-a9a1-4773-aebd-d1d4448302ce"],"settings":{"full_width":true,"content_size":"medium","subheading":"Subheading","title":"Heading","first_tab_open":false,"background":"","background_gradient":"","text_color":"","heading_color":"","heading_gradient":"","elements_per_row":4}},"095567ea-c88f-4a8e-8eaa-e3c84c5c1cdd":{"type":"dual-tiles","blocks":{"63e3ef14-87cb-41de-a896-71e9bec47c5b":{"type":"tile","settings":{"color_scheme_text":"text-colors-default","color_scheme_background":"background-colors-accent-1","image_desktop":"shopify:\/\/shop_images\/YS_11300-YEL-S22_11103-YEL-S22_FRONT.jpg","video_desktop_external":"","video_mobile_external":"","content_position_horizontal":"text-center align-center","content_position_vertical":"justify-center","title":"","text_size":3.5,"button_style":"button--filled","button_text":"","button_url":"","content_layout":"content--relative","block_margin_left":0,"block_margin_right":0,"block_padding_top":0,"block_padding_bottom":0,"block_padding_left":0,"block_padding_right":0}},"e3fac98d-e911-4ddd-b4c1-884ecf150df1":{"type":"tile","settings":{"color_scheme_text":"text-colors-default","color_scheme_background":"background-colors-accent-2","image_desktop":"shopify:\/\/shop_images\/YS_11300-YEL-S22_11103-YEL-S22_BACK.jpg","video_desktop_external":"","video_mobile_external":"","content_position_horizontal":"text-center align-center","content_position_vertical":"justify-center","title":"","text_size":1,"button_style":"button--filled","button_text":"","button_url":"","content_layout":"content--relative","block_margin_left":0,"block_margin_right":0,"block_padding_top":0,"block_padding_bottom":0,"block_padding_left":0,"block_padding_right":0}}},"block_order":["63e3ef14-87cb-41de-a896-71e9bec47c5b","e3fac98d-e911-4ddd-b4c1-884ecf150df1"],"settings":{"section_width":"max-w-page","section_height":65,"layout":"section-dual-tiles--50-50","gap_between_tiles":0,"spacing_top_desktop":0,"spacing_bottom_desktop":0,"spacing_top_mobile":0,"spacing_bottom_mobile":0}},"51b279f8-b429-41bd-acf3-5c8325e1565b":{"type":"tab","blocks":{"3ed8e0b7-9fd9-4572-8713-15e8ecc13a88":{"type":"tab","settings":{"title":"","m_image":"shopify:\/\/shop_images\/YS_11200-SND-S22_FRONT.jpg"}},"889fb72b-b2be-40e1-b645-86c092a97c02":{"type":"tab","settings":{"title":"","m_image":"shopify:\/\/shop_images\/YS_11200-SND-S22_BACK.jpg"}},"2b6af91c-1300-4ef8-b93f-3cfea0b16f47":{"type":"tab","settings":{"title":"","m_image":"shopify:\/\/shop_images\/YS_11141-SND-S22_FRONT_1.jpg"}},"fa7191ff-dec0-4a5b-a138-6de5d9033ddd":{"type":"tab","settings":{"title":"","m_image":"shopify:\/\/shop_images\/YS_11141-SND-S22_BACK.jpg"}},"b1dda3e1-900d-4e46-bd8d-2f0b9d8c1422":{"type":"tab","settings":{"title":"","m_image":"shopify:\/\/shop_images\/YS_11204-WHI-S22_FRONT.jpg"}},"8a5cce46-58f6-4e56-84a7-9f3c133673da":{"type":"tab","settings":{"title":"","m_image":"shopify:\/\/shop_images\/YS_11204-WHI-S22_BACK_1.jpg"}},"6057e987-ca44-4119-81cc-ef668aa8fd6d":{"type":"tab","settings":{"title":"","m_image":"shopify:\/\/shop_images\/YS_11203-WHI-S22_FRONT.jpg"}},"d5b3ccbd-0c03-4357-909a-5cc70506cf6d":{"type":"tab","settings":{"title":"","m_image":"shopify:\/\/shop_images\/YS_11203-WHI-S22_BACK.jpg"}},"5cdf5a03-9144-4277-8de1-ca7d6a1d694e":{"type":"tab","settings":{"title":"","m_image":"shopify:\/\/shop_images\/YS_11106-WHI-S22_11300-YEL-S22_DETAIL.jpg"}},"cae34503-3600-4b98-9540-0d86834f248f":{"type":"tab","settings":{"title":"","m_image":"shopify:\/\/shop_images\/YS_11140-PST-S22_FRONT.jpg"}},"2dc0b5d5-21fa-4d4c-867a-e911548301da":{"type":"tab","settings":{"title":"","m_image":"shopify:\/\/shop_images\/YS_11106-WHI-S22_CLOSEUP.jpg"}},"a212a017-20e5-46e0-90c8-95ade535afd7":{"type":"tab","settings":{"title":"","m_image":"shopify:\/\/shop_images\/YS_11140-PST-S22_BACK.jpg"}}},"block_order":["3ed8e0b7-9fd9-4572-8713-15e8ecc13a88","889fb72b-b2be-40e1-b645-86c092a97c02","2b6af91c-1300-4ef8-b93f-3cfea0b16f47","fa7191ff-dec0-4a5b-a138-6de5d9033ddd","b1dda3e1-900d-4e46-bd8d-2f0b9d8c1422","8a5cce46-58f6-4e56-84a7-9f3c133673da","6057e987-ca44-4119-81cc-ef668aa8fd6d","d5b3ccbd-0c03-4357-909a-5cc70506cf6d","5cdf5a03-9144-4277-8de1-ca7d6a1d694e","cae34503-3600-4b98-9540-0d86834f248f","2dc0b5d5-21fa-4d4c-867a-e911548301da","a212a017-20e5-46e0-90c8-95ade535afd7"],"settings":{"full_width":true,"content_size":"medium","subheading":"Subheading","title":"Heading","first_tab_open":false,"background":"","background_gradient":"","text_color":"","heading_color":"","heading_gradient":"","elements_per_row":4}},"a24bf750-0280-4074-bdcf-d56d23be5590":{"type":"dual-tiles","blocks":{"790d18a1-ccb1-4261-a756-b025136f5ae4":{"type":"tile","settings":{"color_scheme_text":"text-colors-default","color_scheme_background":"background-colors-accent-1","image_desktop":"shopify:\/\/shop_images\/YS_11202-CYN-S22_FRONT_1.jpg","video_desktop_external":"","video_mobile_external":"","content_position_horizontal":"text-center align-center","content_position_vertical":"justify-center","title":"","text_size":3.5,"button_style":"button--filled","button_text":"","button_url":"","content_layout":"content--relative","block_margin_left":0,"block_margin_right":0,"block_padding_top":0,"block_padding_bottom":0,"block_padding_left":0,"block_padding_right":0}},"91b90172-4789-4abf-ba0f-94f50842f8b8":{"type":"tile","settings":{"color_scheme_text":"text-colors-default","color_scheme_background":"background-colors-accent-2","image_desktop":"shopify:\/\/shop_images\/YS_11202-CYN-S22_BACK.jpg","video_desktop_external":"","video_mobile_external":"","content_position_horizontal":"text-center align-center","content_position_vertical":"justify-center","title":"","text_size":1,"button_style":"button--filled","button_text":"","button_url":"","content_layout":"content--relative","block_margin_left":0,"block_margin_right":0,"block_padding_top":0,"block_padding_bottom":0,"block_padding_left":0,"block_padding_right":0}}},"block_order":["790d18a1-ccb1-4261-a756-b025136f5ae4","91b90172-4789-4abf-ba0f-94f50842f8b8"],"settings":{"section_width":"max-w-page","section_height":65,"layout":"section-dual-tiles--50-50","gap_between_tiles":0,"spacing_top_desktop":0,"spacing_bottom_desktop":0,"spacing_top_mobile":0,"spacing_bottom_mobile":0}},"8e7936a8-abe8-4df5-902c-3fd14f53c519":{"type":"tab","blocks":{"72fd6fe2-fb50-4298-b3e8-b63ff9ce8090":{"type":"tab","settings":{"title":"","m_image":"shopify:\/\/shop_images\/YS_11201-MLT-S22_FRONT.jpg"}},"c8895562-5d0c-4229-b4c5-c6c6c21ae0db":{"type":"tab","settings":{"title":"","m_image":"shopify:\/\/shop_images\/YS_11201-MLT-S22_BACK.jpg"}},"c45c9a91-bf8e-4220-8343-134e3d9253f6":{"type":"tab","settings":{"title":"","m_image":"shopify:\/\/shop_images\/YS_11X55-BEI-S22_BACK.jpg"}},"d8bce0d1-7cf1-45f1-b2fb-4de8760c3fe2":{"type":"tab","settings":{"title":"","m_image":"shopify:\/\/shop_images\/YS_11X55-BEI-S22_FRONT.jpg"}},"bebe3705-e221-4ef3-8280-ad5b31044c8e":{"type":"tab","settings":{"title":"","m_image":"shopify:\/\/shop_images\/YS_11104-PUR-S22_11301-ORG-S22_FRONT.jpg"}},"8254c151-4338-404a-b975-c90a7bc9a026":{"type":"tab","settings":{"title":"","m_image":"shopify:\/\/shop_images\/YS_11104-PUR-S22_11301-ORG-S22_BACK.jpg"}},"15358f20-9710-4719-912c-ee322986d8f7":{"type":"tab","settings":{"title":"","m_image":"shopify:\/\/shop_images\/YS_11101-GRN-S22_FRONT.jpg"}},"d435086a-d6e1-4bdf-9e33-f971b675e613":{"type":"tab","settings":{"title":"","m_image":"shopify:\/\/shop_images\/YS_11102-GRN-S22_FRONT.jpg"}},"4e99a269-97fa-44ac-80dd-38305c7f7002":{"type":"tab","settings":{"title":"","m_image":"shopify:\/\/shop_images\/YS_11X22-WHI-S22_FRONT.jpg"}},"f6dfdcd9-9160-4e10-aa15-2d540110aa91":{"type":"tab","settings":{"title":"","m_image":"shopify:\/\/shop_images\/YS_11X11-WHI-S22_BACK.jpg"}},"55356087-bc8f-47d5-ab28-c47c305a380a":{"type":"tab","settings":{"title":"","m_image":"shopify:\/\/shop_images\/YS_11105-WHI-S22_1301-WHI-S22_FRONT.jpg"}},"e8d39ff2-87d7-4753-ba6f-91cb61711f41":{"type":"tab","settings":{"title":"","m_image":"shopify:\/\/shop_images\/YS_11105-WHI-S22_1301-WHI-S22_BACK.jpg"}}},"block_order":["72fd6fe2-fb50-4298-b3e8-b63ff9ce8090","c8895562-5d0c-4229-b4c5-c6c6c21ae0db","c45c9a91-bf8e-4220-8343-134e3d9253f6","d8bce0d1-7cf1-45f1-b2fb-4de8760c3fe2","bebe3705-e221-4ef3-8280-ad5b31044c8e","8254c151-4338-404a-b975-c90a7bc9a026","15358f20-9710-4719-912c-ee322986d8f7","d435086a-d6e1-4bdf-9e33-f971b675e613","4e99a269-97fa-44ac-80dd-38305c7f7002","f6dfdcd9-9160-4e10-aa15-2d540110aa91","55356087-bc8f-47d5-ab28-c47c305a380a","e8d39ff2-87d7-4753-ba6f-91cb61711f41"],"settings":{"full_width":true,"content_size":"medium","subheading":"Subheading","title":"Heading","first_tab_open":false,"background":"","background_gradient":"","text_color":"","heading_color":"","heading_gradient":"","elements_per_row":4}},"89e19c49-1d84-4f5d-a0ad-03f6102f5702":{"type":"dual-tiles","blocks":{"d809a962-7cf6-4fa3-95ce-f50f4f32cd4f":{"type":"tile","settings":{"color_scheme_text":"text-colors-default","color_scheme_background":"background-colors-accent-1","image_desktop":"shopify:\/\/shop_images\/YAS_231218.png","video_desktop_external":"","video_mobile_external":"","content_position_horizontal":"text-center align-center","content_position_vertical":"justify-center","title":"","text_size":3.5,"button_style":"button--text","button_text":"View More","button_url":"shopify:\/\/collections\/spring-summer-22","content_layout":"content--relative","block_margin_left":0,"block_margin_right":0,"block_padding_top":0,"block_padding_bottom":0,"block_padding_left":0,"block_padding_right":0}},"07122ed2-0fe1-45a3-8cc6-ee653f9cf532":{"type":"tile","settings":{"color_scheme_text":"text-colors-default","color_scheme_background":"background-colors-accent-2","image_desktop":"shopify:\/\/shop_images\/YAS_231511.png","video_desktop_external":"","video_mobile_external":"","content_position_horizontal":"text-center align-center","content_position_vertical":"justify-center","title":"","text_size":1,"button_style":"button--filled","button_text":"","button_url":"","content_layout":"content--relative","block_margin_left":0,"block_margin_right":0,"block_padding_top":0,"block_padding_bottom":0,"block_padding_left":0,"block_padding_right":0}}},"block_order":["d809a962-7cf6-4fa3-95ce-f50f4f32cd4f","07122ed2-0fe1-45a3-8cc6-ee653f9cf532"],"settings":{"section_width":"max-w-page","section_height":65,"layout":"section-dual-tiles--50-50","gap_between_tiles":0,"spacing_top_desktop":0,"spacing_bottom_desktop":0,"spacing_top_mobile":0,"spacing_bottom_mobile":0}},"99c7fb0d-c72f-4813-a604-6bad7ad71993":{"type":"tab","blocks":{"06c6c3f8-3cd3-4e81-ae76-310dff952202":{"type":"tab","settings":{"title":"","m_image":"shopify:\/\/shop_images\/YAS_231068.png"}},"0aecca80-ec67-4c53-b155-cab2e8dfe728":{"type":"tab","settings":{"title":"","m_image":"shopify:\/\/shop_images\/YAS_232011.png"}},"94b7d8ef-c66e-4a86-9dd3-d51e406edcac":{"type":"tab","settings":{"title":"","m_image":"shopify:\/\/shop_images\/YAS_231621.png"}},"99486dcc-4533-443b-90e5-154c628d247b":{"type":"tab","settings":{"title":"","m_image":"shopify:\/\/shop_images\/YAS_232147.png"}}},"block_order":["06c6c3f8-3cd3-4e81-ae76-310dff952202","0aecca80-ec67-4c53-b155-cab2e8dfe728","94b7d8ef-c66e-4a86-9dd3-d51e406edcac","99486dcc-4533-443b-90e5-154c628d247b"],"settings":{"full_width":true,"content_size":"medium","subheading":"Subheading","title":"Heading","first_tab_open":false,"background":"","background_gradient":"","text_color":"","heading_color":"","heading_gradient":"","elements_per_row":4}}},"order":["banner","main","44708a28-7962-48a2-b056-783461f2edae","9dc3ab92-4701-4bf4-b633-74b0887e67ce","ad0145c9-aa1c-44fc-969e-6bbd2b5a7b1b","6f885109-59c1-4917-b75d-7b08008687c4","1f4fe807-641b-4c5e-9ba5-cebf574bb359","e638a0d3-4b98-4a64-92a6-3c670e4fe156","663c1b49-b349-486d-824e-897e6f308149","33ccf234-1b7b-46ee-bf22-cab564d15ba6","6dcf2528-764a-46b8-8bf5-b1e1eca82070","8d0b9587-c30d-4891-a93e-3f17ec2ad998","32eab221-8102-46b0-b005-63ebefd4aff1","084a685b-2590-40fd-83f7-fcb8c1c99dfd","6e02f475-72b9-4aec-8c33-78571ede92ff","73f45add-28be-45ed-aed3-66b5b0c04b38","bf0c72f0-9db4-4604-97a0-ed27c8801468","e4f096d9-aa9c-41ee-9dbb-9947c0357c43","f157a7b8-5eee-4c98-aa63-562b4f2eb714","095567ea-c88f-4a8e-8eaa-e3c84c5c1cdd","51b279f8-b429-41bd-acf3-5c8325e1565b","a24bf750-0280-4074-bdcf-d56d23be5590","8e7936a8-abe8-4df5-902c-3fd14f53c519","89e19c49-1d84-4f5d-a0ad-03f6102f5702","99c7fb0d-c72f-4813-a604-6bad7ad71993"]}