{"sections":{"4bb6b887-34ce-4e2c-842d-6b25ea6579ac":{"type":"full-bleed-banner","blocks":{"template--14745415974989__4bb6b887-34ce-4e2c-842d-6b25ea6579ac-subtitle-1":{"type":"subtitle","settings":{"subtitle":"Enter a subheading for your full width image","subtitle_url":""}},"template--14745415974989__4bb6b887-34ce-4e2c-842d-6b25ea6579ac-title-1":{"type":"title","settings":{"title":"Headline full width banner"}},"template--14745415974989__4bb6b887-34ce-4e2c-842d-6b25ea6579ac-buttons-1":{"type":"buttons","settings":{"first_button_text":"","first_button_url":"","second_button_text":"","second_button_url":""}}},"block_order":["template--14745415974989__4bb6b887-34ce-4e2c-842d-6b25ea6579ac-subtitle-1","template--14745415974989__4bb6b887-34ce-4e2c-842d-6b25ea6579ac-title-1","template--14745415974989__4bb6b887-34ce-4e2c-842d-6b25ea6579ac-buttons-1"],"disabled":true,"settings":{"full_width_banner_height":70,"spacing_top_desktop":6,"spacing_bottom_desktop":6,"spacing_top_mobile":6,"spacing_bottom_mobile":6,"color_scheme_text":"text-colors-inverse","color_scheme_background":"background-colors-accent-2","image_desktop":"shopify:\/\/shop_images\/flower.png","video_desktop_external":"","video_mobile_external":"","content_position_horizontal":"justify-center text-center","content_position_vertical":"align-end"}},"1658995208ad05f95f":{"type":"hero-banner","blocks":{"e3867974-072c-4cfe-968e-a10d22e8941a":{"type":"slide","settings":{"banner_layout":"hero-banner--full","color_scheme_text":"text-colors-default","color_scheme_background":"background-colors-inverse","image":"shopify:\/\/shop_images\/WhatsApp_Image_2024-03-08_at_5.27.08_PM_1.jpg","video_external":"","enable_media_overlay_desktop":true,"image_mobile":"shopify:\/\/shop_images\/WhatsApp_Image_2024-03-08_at_5.27.08_PM_1.jpg","video_external_mobile":"","enable_media_overlay_mobile":true,"content_position_horizontal":"align-start text-left","content_position_vertical":"justify-end","subtitle":"Shop Now","subtitle_url":"shopify:\/\/collections\/sukoon-ss24","title":"","content":"<h3>New Spring\/Summer '24<\/h3>","enable_vertical_line":true,"button_style":"button--outlined","button_text":"","button_url":""}}},"block_order":["e3867974-072c-4cfe-968e-a10d22e8941a"],"settings":{"slider_autoplay":true,"slider_autoplay_interval":3,"slider_arrows":true,"slider_arrows_position":"hero__swiper-buttons--sides","slider_arrows_color":"text-colors-inverse"}},"03a45767-3819-40b4-a750-ab1add481edc":{"type":"dual-tiles","blocks":{"template--18086433161531__03a45767-3819-40b4-a750-ab1add481edc-1677165430713b18f7-0":{"type":"tile","settings":{"color_scheme_text":"text-colors-inverse","color_scheme_background":"background-colors-default","image_desktop":"shopify:\/\/shop_images\/000016280027.jpg","video_desktop_external":"","video_mobile_external":"","content_position_horizontal":"text-center align-center","content_position_vertical":"justify-end","title":"Evening","text_size":3,"button_style":"button--text","button_text":"View All","button_url":"shopify:\/\/collections\/evening","content_layout":"content--absolute","block_margin_left":0,"block_margin_right":0,"block_padding_top":0,"block_padding_bottom":0,"block_padding_left":0,"block_padding_right":0}},"template--18086433161531__03a45767-3819-40b4-a750-ab1add481edc-1677165430713b18f7-1":{"type":"tile","settings":{"color_scheme_text":"text-colors-inverse","color_scheme_background":"background-colors-default","image_desktop":"shopify:\/\/shop_images\/6_08bc6669-b0f7-4b2e-9068-7ad05aa68479.jpg","video_desktop_external":"","video_mobile_external":"","content_position_horizontal":"text-center align-center","content_position_vertical":"justify-end","title":"Styling Pieces","text_size":3,"button_style":"button--text","button_text":"View All","button_url":"shopify:\/\/collections\/suits","content_layout":"content--absolute","block_margin_left":0,"block_margin_right":0,"block_padding_top":0,"block_padding_bottom":0,"block_padding_left":0,"block_padding_right":0}}},"block_order":["template--18086433161531__03a45767-3819-40b4-a750-ab1add481edc-1677165430713b18f7-0","template--18086433161531__03a45767-3819-40b4-a750-ab1add481edc-1677165430713b18f7-1"],"settings":{"section_width":"max-w-full","section_height":70,"layout":"section-dual-tiles--50-50","gap_between_tiles":0,"spacing_top_desktop":0,"spacing_bottom_desktop":0,"spacing_top_mobile":0,"spacing_bottom_mobile":0}},"39e61a34-6c21-4c5c-aab5-82df19187ea2":{"type":"dual-tiles","blocks":{"0dc5f0d3-9252-411f-9856-371ba39e8a3b":{"type":"tile","settings":{"color_scheme_text":"text-colors-inverse","color_scheme_background":"background-colors-default","image_desktop":"shopify:\/\/shop_images\/Shop_GroundLine_Option2.jpg","video_desktop_external":"","video_mobile_external":"","content_position_horizontal":"text-center align-center","content_position_vertical":"justify-end","title":"","text_size":3,"button_style":"button--text","button_text":"Groundline","button_url":"shopify:\/\/collections\/groundline","content_layout":"content--absolute","block_margin_left":0,"block_margin_right":0,"block_padding_top":0,"block_padding_bottom":0,"block_padding_left":0,"block_padding_right":0}},"926f5cb6-3ec3-4995-994b-846f63d1498c":{"type":"tile","settings":{"color_scheme_text":"text-colors-inverse","color_scheme_background":"background-colors-default","image_desktop":"shopify:\/\/shop_images\/Shop_GroundLine_option1.jpg","video_desktop_external":"","video_mobile_external":"","content_position_horizontal":"text-center align-center","content_position_vertical":"justify-end","title":"","text_size":3,"button_style":"button--text","button_text":"","button_url":"shopify:\/\/collections","content_layout":"content--absolute","block_margin_left":0,"block_margin_right":0,"block_padding_top":0,"block_padding_bottom":0,"block_padding_left":0,"block_padding_right":0}}},"block_order":["0dc5f0d3-9252-411f-9856-371ba39e8a3b","926f5cb6-3ec3-4995-994b-846f63d1498c"],"disabled":true,"settings":{"section_width":"max-w-full","section_height":50,"layout":"section-dual-tiles--50-50","gap_between_tiles":0,"spacing_top_desktop":0,"spacing_bottom_desktop":1,"spacing_top_mobile":0,"spacing_bottom_mobile":2}},"5f4b0c32-380f-4f6a-98b9-2a91c5cc8fa7":{"type":"full-bleed-banner","blocks":{"template--14744284561485__5f4b0c32-380f-4f6a-98b9-2a91c5cc8fa7-subtitle-1":{"type":"subtitle","disabled":true,"settings":{"subtitle":"Enter a subheading for your full width image","subtitle_url":""}},"template--14744284561485__5f4b0c32-380f-4f6a-98b9-2a91c5cc8fa7-title-1":{"type":"title","settings":{"title":"A look into our Bridal collection"}},"template--14744284561485__5f4b0c32-380f-4f6a-98b9-2a91c5cc8fa7-buttons-1":{"type":"buttons","settings":{"first_button_text":"VIEW ALL","first_button_url":"shopify:\/\/collections\/all-bridal-collection","second_button_text":"","second_button_url":""}}},"block_order":["template--14744284561485__5f4b0c32-380f-4f6a-98b9-2a91c5cc8fa7-subtitle-1","template--14744284561485__5f4b0c32-380f-4f6a-98b9-2a91c5cc8fa7-title-1","template--14744284561485__5f4b0c32-380f-4f6a-98b9-2a91c5cc8fa7-buttons-1"],"disabled":true,"custom_css":[],"settings":{"full_width_banner_height":50,"spacing_top_desktop":0,"spacing_bottom_desktop":1,"spacing_top_mobile":0,"spacing_bottom_mobile":2,"color_scheme_text":"text-colors-inverse","color_scheme_background":"background-colors-accent-2","image_desktop":"shopify:\/\/shop_images\/DSC03118_1_-_Copy_1.png","video_desktop_external":"","image_mobile":"shopify:\/\/shop_images\/DSC03118_1_6b0a21a8-2d13-4457-be57-1b0dc17066a0.png","video_mobile_external":"","content_position_horizontal":"justify-center text-center","content_position_vertical":"align-end"}},"90e984e6-6e27-4581-ad90-2ced240882b7":{"type":"full-width-banner","blocks":{"template--18086433161531__90e984e6-6e27-4581-ad90-2ced240882b7-16771528305845bf22-1":{"type":"title","settings":{"title":"behind the brand"}},"template--18086433161531__90e984e6-6e27-4581-ad90-2ced240882b7-16771528305845bf22-2":{"type":"buttons","settings":{"first_button_text":"More","first_button_url":"shopify:\/\/pages\/behind-the-scene","second_button_text":"","second_button_url":"","button_style":"button--outlined-inverse"}}},"block_order":["template--18086433161531__90e984e6-6e27-4581-ad90-2ced240882b7-16771528305845bf22-1","template--18086433161531__90e984e6-6e27-4581-ad90-2ced240882b7-16771528305845bf22-2"],"disabled":true,"settings":{"full_width_banner_height":40,"banner_layout":"section-full-width-banner--full","spacing_top_desktop":1,"spacing_bottom_desktop":1,"spacing_top_mobile":2,"spacing_bottom_mobile":0,"color_scheme_text":"text-colors-inverse","color_scheme_background":"background-colors-accent-2","image_desktop":"shopify:\/\/shop_images\/50_8ce40220-6c7f-4a2c-ac73-8e1373c181a5.jpg","video_desktop_external":"","video_mobile_external":"","content_position_horizontal":"align-center text-center","content_position_vertical":"justify-end","content_padding_top":8,"content_padding_bottom":8,"content_padding_left":0,"content_padding_right":0}},"0a36352b-89db-4f2a-837a-b15003d9252a":{"type":"full-bleed-banner","blocks":{"template--14745415974989__0a36352b-89db-4f2a-837a-b15003d9252a-subtitle-1":{"type":"subtitle","disabled":true,"settings":{"subtitle":"Enter a subheading for your full width image","subtitle_url":""}},"template--14745415974989__0a36352b-89db-4f2a-837a-b15003d9252a-title-1":{"type":"title","settings":{"title":"behind the brand"}},"template--14745415974989__0a36352b-89db-4f2a-837a-b15003d9252a-buttons-1":{"type":"buttons","settings":{"first_button_text":"MORE","first_button_url":"shopify:\/\/pages\/behind-the-scene","second_button_text":"","second_button_url":""}}},"block_order":["template--14745415974989__0a36352b-89db-4f2a-837a-b15003d9252a-subtitle-1","template--14745415974989__0a36352b-89db-4f2a-837a-b15003d9252a-title-1","template--14745415974989__0a36352b-89db-4f2a-837a-b15003d9252a-buttons-1"],"disabled":true,"custom_css":[],"settings":{"full_width_banner_height":70,"spacing_top_desktop":0,"spacing_bottom_desktop":0,"spacing_top_mobile":2,"spacing_bottom_mobile":0,"color_scheme_text":"text-colors-inverse","color_scheme_background":"background-colors-accent-2","image_desktop":"shopify:\/\/shop_images\/50_8ce40220-6c7f-4a2c-ac73-8e1373c181a5.jpg","video_desktop_external":"","video_mobile_external":"","content_position_horizontal":"justify-center text-center","content_position_vertical":"align-end"}},"1658994245757c7b20":{"type":"featured-products","blocks":{"d7d31fe4-4b04-4697-81ca-dc407481df65":{"type":"collection","settings":{"products":[],"collection":"","title":"","max_products":5,"show_unavailable_products":false}}},"block_order":["d7d31fe4-4b04-4697-81ca-dc407481df65"],"disabled":true,"settings":{"padding_vertical_desktop":"","padding_vertical_mobile":"","layout":"layout-1","gap_between_desktop":2,"gap_between_mobile":2,"color_scheme_text":"text-colors-default","color_scheme_background":"background-colors-accent-1","title":"Best sellers","button_text":"View all","button_url":"","button_style":"button--outlined"}},"1ca2168c-9147-439a-a4be-6fc1eb144328":{"type":"image-with-text","blocks":{"template--14955015995435__1ca2168c-9147-439a-a4be-6fc1eb144328-1667569833974d1fdd-0":{"type":"media","settings":{"image_desktop":"shopify:\/\/shop_images\/Yassmin_Saleh_clp_S23_066.jpg"}},"template--14955015995435__1ca2168c-9147-439a-a4be-6fc1eb144328-1667569833974d1fdd-1":{"type":"text","settings":{"text_align_desktop":"text-left-desktop","text_align_mobile":"text-center","title":"Heading goes here","content":"<p>Tell your brand's story through text.<\/p>","button_separator":true,"button_text":"","button_url":"","button_style":"button--outlined"}}},"block_order":["template--14955015995435__1ca2168c-9147-439a-a4be-6fc1eb144328-1667569833974d1fdd-0","template--14955015995435__1ca2168c-9147-439a-a4be-6fc1eb144328-1667569833974d1fdd-1"],"disabled":true,"settings":{"padding_vertical_desktop":"pt-0-mobile-small-up pb-0-mobile-small-up","padding_vertical_mobile":"pt-0-mobile-small","color_scheme_text":"text-colors-default","color_scheme_background":"background-colors-default"}},"fa2bb16f-59ed-455d-adc2-c8c2aa7bd29f":{"type":"image-with-text","blocks":{"template--14955015995435__fa2bb16f-59ed-455d-adc2-c8c2aa7bd29f-1667569833974d1fdd-0":{"type":"media","settings":{}},"template--14955015995435__fa2bb16f-59ed-455d-adc2-c8c2aa7bd29f-1667569833974d1fdd-1":{"type":"text","settings":{"text_align_desktop":"text-center-desktop","text_align_mobile":"text-center","title":"Heading Goes Here","content":"<p>Tell Your Brand's Story Through Text.<\/p>","button_separator":true,"button_text":"Learn more","button_url":"shopify:\/\/collections","button_style":"button--outlined"}}},"block_order":["template--14955015995435__fa2bb16f-59ed-455d-adc2-c8c2aa7bd29f-1667569833974d1fdd-0","template--14955015995435__fa2bb16f-59ed-455d-adc2-c8c2aa7bd29f-1667569833974d1fdd-1"],"disabled":true,"settings":{"padding_vertical_desktop":"pt-0-mobile-small-up pb-0-mobile-small-up","padding_vertical_mobile":"pt-0-mobile-small pb-0-mobile-small","color_scheme_text":"text-colors-default","color_scheme_background":"background-colors-default"}},"ff1b88c1-7f9a-42ed-a737-5ce178874c08":{"type":"testimonials","blocks":{"template--16809880650043__ff1b88c1-7f9a-42ed-a737-5ce178874c08-1667844595b40c7541-0":{"type":"testimonial","settings":{"quote":"<p>“Example testimonial”<\/p>","author":"Amy R, 2023","link_title":"Buy product","link_url":""}}},"block_order":["template--16809880650043__ff1b88c1-7f9a-42ed-a737-5ce178874c08-1667844595b40c7541-0"],"disabled":true,"settings":{"padding_vertical_desktop":"","padding_vertical_mobile":"","color_scheme_text":"text-colors-default","color_scheme_background":"background-colors-accent-1","layout":"image-right","gap_between_desktop":2,"gap_between_mobile":2,"title":"From the people"}},"16e24524-2040-41a4-b5ca-3a425d62879b":{"type":"featured-collections","blocks":{"8e756427-f886-410c-b65a-f8a1f0767ff1":{"type":"collection-slide","settings":{"color_scheme_text":"text-colors-inverse","collection":"sunline","title":""}},"0502c0ed-6d29-4e80-9d4d-bef13b8c626f":{"type":"collection-slide","settings":{"color_scheme_text":"text-colors-inverse","collection":"earthline","title":""}},"8410b9c7-f0ae-4be3-8e77-8d3411d02273":{"type":"collection-slide","settings":{"color_scheme_text":"text-colors-inverse","collection":"groundline","title":""}},"c29aea07-6ab0-4270-9f5d-f66fef867398":{"type":"collection-slide","settings":{"color_scheme_text":"text-colors-inverse","collection":"waterline","title":""}},"7e443f6b-0e7f-488b-983e-a8c98c30ce2a":{"type":"collection-slide","settings":{"color_scheme_text":"text-colors-inverse","collection":"moonline","title":""}}},"block_order":["8e756427-f886-410c-b65a-f8a1f0767ff1","0502c0ed-6d29-4e80-9d4d-bef13b8c626f","8410b9c7-f0ae-4be3-8e77-8d3411d02273","c29aea07-6ab0-4270-9f5d-f66fef867398","7e443f6b-0e7f-488b-983e-a8c98c30ce2a"],"disabled":true,"custom_css":["element.style {width: 44.333px; margin: 0px;}"],"settings":{"padding_vertical_desktop":"pt-0-desktop pb-0-desktop","padding_vertical_mobile":"pt-0-mobile pb-0-mobile","layout":"layout-1","gap_between_desktop":2,"gap_between_mobile":2,"color_scheme_text":"color-text-inverse","color_scheme_background":"color-background-accent-1","title":"","button_style":"button--outlined","button_text":"","button_url":"shopify:\/\/collections\/all-lines"}},"b9e1f375-bbe3-49e0-b449-eff934bd3497":{"type":"blog-articles","settings":{"padding_vertical_desktop":"","padding_vertical_mobile":"pt-0-mobile","layout":"layout-1","gap_between_desktop":2,"gap_between_mobile":2,"color_scheme_text":"text-colors-default","color_scheme_background":"background-colors-default","heading":"Blog","button_style":"button--outlined","button_text":"Visit Blog","blog":""}},"90f0172d-db82-4963-95c4-6a1724783cd8":{"type":"trust-indicators","blocks":{"template--16809880650043__90f0172d-db82-4963-95c4-6a1724783cd8-16677286337545964d-0":{"type":"indicator","settings":{"color_scheme_text":"text-colors-default","color_scheme_background":"background-colors-default","title":"Column","link_title":"Learn more","link_url":""}},"template--16809880650043__90f0172d-db82-4963-95c4-6a1724783cd8-16677286337545964d-1":{"type":"indicator","settings":{"color_scheme_text":"text-colors-default","color_scheme_background":"background-colors-default","title":"Column","link_title":"Learn more","link_url":""}},"template--16809880650043__90f0172d-db82-4963-95c4-6a1724783cd8-16677286337545964d-2":{"type":"indicator","settings":{"color_scheme_text":"text-colors-default","color_scheme_background":"background-colors-default","title":"Column","link_title":"Learn more","link_url":""}}},"block_order":["template--16809880650043__90f0172d-db82-4963-95c4-6a1724783cd8-16677286337545964d-0","template--16809880650043__90f0172d-db82-4963-95c4-6a1724783cd8-16677286337545964d-1","template--16809880650043__90f0172d-db82-4963-95c4-6a1724783cd8-16677286337545964d-2"],"disabled":true,"settings":{"slider_mobile":true,"layout":"layout-1","padding_vertical_desktop":"pt-0-desktop pb-0-desktop","padding_vertical_mobile":"pt-0-mobile pb-0-mobile"}},"0a1695d1-e9d1-41a5-9417-48796c6e9475":{"type":"custom-liquid","custom_css":[],"settings":{"padding_vertical_desktop":"pt-0-desktop pb-0-desktop","padding_vertical_mobile":"pt-0-mobile pb-0-mobile","color_scheme_text":"text-colors-default","color_scheme_background":"background-colors-default","custom_liquid":"<p class=\"YassminSaleh\"> <svg width=\"300px\" height=\"100px\" viewBox=\"0 0 2918 275\" fill=\"none\" xmlns=\"http:\/\/www.w3.org\/2000\/svg\">\n<g clip-path=\"url(#clip0_293_103)\">\n<path d=\"M2893.21 4.25293V129.35H2738.79V4.25293H2714.35V270.039H2739.14V132.185H2893.56V270.039H2918V4.25293H2893.21Z\" fill=\"#604433\"\/>\n<path d=\"M2473.52 3.54395H2644.23V36.8558C2640.69 34.3751 2637.14 32.2488 2633.96 30.1226C2615.89 19.1367 2596.41 14.8842 2576.23 11.3403C2551.43 6.73338 2526.64 6.02462 2501.85 5.31585C2501.14 5.31585 2500.08 5.31585 2498.66 5.67023V130.058C2541.87 130.058 2584.73 125.806 2628.29 119.072V130.767V142.816C2585.08 136.437 2542.23 132.184 2498.66 132.184V268.621C2551.08 270.393 2600.31 256.927 2647.77 231.411V270.393H2473.52V3.54395Z\" fill=\"#604433\"\/>\n<path d=\"M1736.14 180.026C1736.85 183.57 1737.2 187.114 1738.26 190.657C1745.35 219.717 1759.51 243.46 1783.24 259.762C1798.12 269.685 1814.41 272.52 1831.41 272.165C1847.35 271.811 1862.93 269.684 1877.45 262.597C1891.26 255.864 1902.6 245.941 1906.14 229.285C1911.1 207.313 1905.43 189.594 1884.18 178.963C1868.95 171.521 1853.01 166.205 1837.43 159.826C1812.99 149.549 1788.55 139.626 1765.53 126.16C1732.6 106.315 1726.93 65.2064 1740.03 38.2734C1746.41 24.8069 1757.74 16.3017 1770.49 10.986C1803.43 -2.12609 1837.08 -4.25238 1870.37 8.15097C1894.1 17.0105 1908.97 34.7296 1911.81 62.3713C1912.87 71.5853 1911.45 80.4448 1906.85 90.0131C1905.78 83.9886 1905.08 78.6729 1904.01 73.7115C1899.06 50.6767 1888.78 31.5401 1871.08 17.3649C1860.81 9.21411 1849.47 3.89839 1836.72 2.83525C1814.05 0.708958 1792.1 3.18963 1771.91 15.2386C1753.49 26.2244 1745.35 45.0066 1751.37 66.2695C1755.26 79.736 1764.12 89.3043 1775.45 95.3288C1791.03 103.48 1807.33 110.213 1823.26 117.3C1844.87 126.869 1866.47 135.374 1887.72 145.297C1899.06 150.612 1908.62 158.763 1915.7 170.103C1923.85 182.861 1924.91 197.391 1923.49 212.275C1920.31 239.916 1904.37 255.509 1881.35 264.723C1859.03 273.583 1835.66 275 1811.93 273.583C1795.28 272.52 1778.99 268.976 1764.12 260.116C1742.16 247.358 1729.05 228.222 1729.76 200.226C1729.76 193.492 1731.18 186.405 1734.01 180.38C1735.08 180.026 1735.78 180.026 1736.14 180.026Z\" fill=\"#604433\"\/>\n<path d=\"M2411.18 231.057V270.039H2238.35V4.25293H2262.79V268.267C2315.2 270.039 2364.08 256.927 2411.18 231.057Z\" fill=\"#604433\"\/>\n<path d=\"M2056.66 32.2488C2036.83 78.3184 2018.06 122.97 1998.58 168.331H2114.39C2094.91 122.97 2076.14 78.3184 2056.66 32.2488ZM1972.37 270.039H1952.54C1990.79 180.735 2028.68 91.7849 2067.29 1.77197C2105.89 91.7849 2144.14 180.735 2182.75 270.039C2180.97 270.393 2179.91 270.747 2178.85 270.747C2173.18 270.747 2167.16 270.393 2161.49 270.747C2157.95 271.102 2155.83 269.33 2154.41 265.786C2142.02 236.018 2129.62 205.896 2117.22 176.128C2115.81 172.584 2114.39 171.521 2110.85 171.521C2075.08 171.521 2039.31 171.521 2003.54 171.521C1999.64 171.521 1997.51 172.938 1996.1 176.836C1987.6 200.934 1978.74 225.032 1974.85 250.548C1973.79 256.572 1973.08 263.305 1972.37 270.039Z\" fill=\"#604433\"\/>\n<path d=\"M1022.49 271.102C1015.4 271.102 1009.38 271.102 1003.72 271.102C1003.01 271.102 1001.94 269.33 1001.59 268.267C1001.24 267.204 1001.59 265.786 1001.59 264.369C1001.59 180.026 1001.59 95.683 1001.59 11.3403C1001.59 4.60701 1001.59 4.607 1007.97 4.607C1013.63 4.607 1019.65 4.96139 1025.32 4.607C1029.22 4.25262 1031.34 6.02453 1033.47 9.56835C1063.57 64.8519 1093.32 119.781 1123.42 175.064C1124.13 176.482 1125.2 177.9 1126.26 180.38C1127.67 177.9 1128.74 176.128 1129.8 174.356C1157.07 119.072 1184.7 63.4343 1211.97 8.15082C1212.68 6.73329 1213.74 4.96139 1214.8 4.96139C1222.95 4.60701 1231.09 4.96139 1239.59 4.96139V270.747H1215.15V9.56835C1214.8 9.21396 1214.09 9.21396 1213.74 8.85958C1180.8 75.8377 1147.86 142.816 1114.22 210.857C1077.74 142.816 1041.61 75.8377 1005.49 8.85958C1003.36 96.7462 1003.72 184.278 1022.49 271.102Z\" fill=\"#604433\"\/>\n<path d=\"M652.734 90.0131C650.254 79.736 648.129 69.1046 644.942 59.5363C636.088 33.6664 619.796 15.2386 595.358 6.37907C584.379 2.48088 572.691 2.1265 561.004 3.18964C545.774 4.25278 531.254 7.7966 517.441 15.593C495.128 28.7051 487.691 56.7012 501.858 78.3185C508.587 88.9499 518.503 96.0376 529.483 100.645C552.504 110.567 575.879 120.136 599.254 130.058C616.254 137.146 633.963 143.525 648.484 156.282C661.234 167.268 668.317 181.089 669.025 198.808C669.734 215.11 666.9 230.348 656.984 243.46C647.775 255.509 635.733 262.951 621.921 267.204C588.983 277.126 555.691 278.19 523.108 266.849C507.17 261.534 493.357 251.965 484.149 236.373C474.232 219.717 472.816 201.998 478.482 183.57C478.837 182.507 479.545 181.798 480.607 180.026C481.67 185.342 482.732 189.949 483.795 194.201C488.399 211.92 495.837 228.222 507.524 242.043C523.108 260.471 542.233 271.811 566.316 272.874C585.796 273.583 604.567 272.165 622.629 263.66C645.296 253.029 658.046 232.12 651.671 205.541C648.838 192.784 639.984 184.633 629.713 180.026C614.483 172.938 598.546 167.623 583.316 160.889C558.879 150.612 534.441 141.044 511.774 127.578C482.024 109.858 473.524 76.5466 482.732 46.4242C486.982 32.2489 496.899 23.035 508.587 15.9474C526.295 5.67031 545.775 2.48088 565.254 1.77211C584.379 0.70897 602.796 3.18964 620.504 10.986C650.963 24.8069 664.067 58.8275 654.504 86.8237C653.796 87.8868 653.442 88.9499 652.734 90.0131Z\" fill=\"#604433\"\/>\n<path d=\"M744.818 180.026C746.589 187.468 748.005 193.847 749.776 200.226C757.568 226.804 772.443 247.713 794.756 262.242C808.568 271.102 824.152 273.228 839.735 273.228C852.839 273.228 865.944 271.811 878.694 266.849C892.506 261.534 905.257 254.092 912.34 239.208C921.194 221.134 921.194 194.555 896.402 181.089C882.236 173.293 867.006 168.686 852.131 162.307C835.485 155.219 818.839 148.131 802.193 141.044C789.443 135.728 777.401 129.349 766.422 120.49C752.964 109.15 745.526 94.6199 743.755 76.5464C742.693 63.7887 743.401 51.031 749.422 39.6908C756.505 26.2243 767.485 17.0104 780.589 12.049C812.464 -0.354331 845.402 -2.48062 878.34 8.50521C905.256 17.3647 922.611 41.8171 922.257 70.522C922.257 77.2552 920.84 83.9884 916.59 90.0129C916.236 88.5954 916.236 86.8235 915.882 85.406C913.048 63.7887 905.611 44.6521 891.798 28.7049C877.277 12.049 859.569 3.54386 838.319 3.18948C818.839 2.8351 799.714 5.31577 782.36 15.9472C761.818 28.3506 753.672 49.9678 763.589 72.6482C768.193 83.6341 776.693 91.4305 786.61 96.7462C800.068 103.479 813.881 109.504 827.693 115.528C851.777 126.16 875.86 136.083 899.59 147.068C911.632 152.738 921.548 161.598 927.923 174.356C938.903 195.973 938.548 234.955 910.215 255.509C897.111 265.077 882.235 270.039 866.652 272.519C843.277 276.063 819.548 276.418 796.527 269.684C779.172 265.077 763.943 256.572 752.61 240.979C739.505 223.26 737.734 203.769 743.755 182.506C743.047 182.152 743.755 181.443 744.818 180.026Z\" fill=\"#604433\"\/>\n<path d=\"M1610.76 228.222V5.31581C1611.12 5.31581 1611.82 5.31581 1612.18 5.31581V271.456C1610.76 270.393 1609.35 269.684 1608.64 268.621C1591.28 244.523 1573.93 220.425 1556.57 196.327C1532.84 163.016 1508.76 130.058 1485.03 96.7462C1465.2 69.1045 1445.36 41.4627 1425.53 14.1753C1424.11 12.0491 1422.34 9.92277 1420.22 7.08771C1419.86 96.0375 1419.86 183.924 1438.64 270.748H1418.09V4.96143C1428.01 4.96143 1437.93 4.96143 1447.84 4.96143C1448.91 4.96143 1450.32 6.73333 1451.39 8.15086C1466.97 30.1225 1482.55 51.7398 1498.14 73.7114C1518.68 102.416 1539.22 130.767 1559.76 159.472C1575.7 181.443 1591.28 203.769 1607.22 225.741C1607.93 226.804 1608.64 227.513 1609.35 228.576C1610.05 228.576 1610.41 228.222 1610.76 228.222Z\" fill=\"#604433\"\/>\n<path d=\"M313.086 33.3121C293.606 79.0274 274.481 124.034 255.002 169.395H370.815C351.336 123.679 332.565 79.0274 313.086 33.3121ZM439.524 271.102C430.67 271.102 422.524 271.457 414.732 270.748C413.67 270.748 411.899 268.267 411.191 266.495C398.795 236.727 386.045 206.959 374.003 176.837C372.586 173.293 370.815 171.875 367.274 171.875C331.502 171.875 295.731 171.875 259.96 171.875C256.064 171.875 254.294 173.293 252.877 177.191C245.085 199.163 237.293 221.134 232.689 244.169C230.918 253.029 230.21 261.888 228.793 270.748H208.96C247.21 181.444 285.106 92.4939 323.711 2.48096C362.315 92.4939 400.565 181.444 439.524 271.102Z\" fill=\"#604433\"\/>\n<path d=\"M0 4.96132C10.2709 4.96132 19.1251 4.96132 28.3335 4.96132C29.396 4.96132 30.8127 6.73322 31.5211 7.79637C59.8546 49.9678 87.834 91.7848 116.167 133.956C119.001 138.209 121.834 142.461 125.376 147.423C136.355 130.767 146.98 114.82 157.251 99.2268C167.876 83.2796 178.147 67.3324 188.772 51.3853C199.397 35.7925 209.314 19.8453 219.939 4.60693C220.293 4.96132 221.002 5.3157 221.356 5.67008C217.46 11.3402 213.918 17.3647 210.022 23.0348C182.751 64.143 155.834 104.897 128.918 146.005C127.501 148.131 126.438 151.675 126.438 154.156C126.438 191.012 126.084 227.867 126.438 265.077C126.438 270.039 125.022 271.456 120.772 271.102C116.167 270.747 111.209 270.747 106.605 271.102C102.355 271.456 100.938 270.039 100.938 265.432C101.292 239.207 100.938 212.983 100.938 186.759C100.938 177.899 101.292 169.394 100.938 160.535C100.938 157.345 99.8757 153.447 98.1049 150.966C76.1464 118.363 54.1879 85.7603 32.2294 53.1572C21.9585 37.5644 11.3334 21.6172 0 4.96132Z\" fill=\"#604433\"\/>\n<path d=\"M1341.24 4.96143H1316.8V270.748H1341.24V4.96143Z\" fill=\"#604433\"\/>\n<\/g>\n<defs>\n<clipPath id=\"clip0_293_103\">\n<rect width=\"2918\" height=\"275\" fill=\"white\"\/>\n<\/clipPath>\n<\/defs>\n<\/svg><\/p>\n\n<style> \n.YassminSaleh {\nmargin: 20px;\nfont-weight:500;\ntext-transform:uppercase;\nfont-size:48px;\n<link rel=\"stylesheet\" href=\"https:\/\/cdn.shopify.com\/s\/files\/1\/0040\/5261\/5232\/files\/Orelo_Standard_Regular_b974f581-3208-4292-8f12-35e7fc6c7bd5.woff2?v=1694443413\">\nfont-family: \"Orelo\", sans-serif;\ntext-align:center;\nbackground: -webkit-linear-gradient(right, #776444, #000);\n    -webkit-background-clip: text;\n    -webkit-text-fill-color: transparent;\ndisplay: flex;\njustify-content: center;\nalign-items: center;\nmargin: 0;\npadding: 0;\n}\n\n<\/style>"}}},"order":["4bb6b887-34ce-4e2c-842d-6b25ea6579ac","1658995208ad05f95f","03a45767-3819-40b4-a750-ab1add481edc","39e61a34-6c21-4c5c-aab5-82df19187ea2","5f4b0c32-380f-4f6a-98b9-2a91c5cc8fa7","90e984e6-6e27-4581-ad90-2ced240882b7","0a36352b-89db-4f2a-837a-b15003d9252a","1658994245757c7b20","1ca2168c-9147-439a-a4be-6fc1eb144328","fa2bb16f-59ed-455d-adc2-c8c2aa7bd29f","ff1b88c1-7f9a-42ed-a737-5ce178874c08","16e24524-2040-41a4-b5ca-3a425d62879b","b9e1f375-bbe3-49e0-b449-eff934bd3497","90f0172d-db82-4963-95c4-6a1724783cd8","0a1695d1-e9d1-41a5-9417-48796c6e9475"]}