{"sections":{"b9e1f375-bbe3-49e0-b449-eff934bd3497":{"type":"blog-articles","settings":{"padding_vertical_desktop":"","padding_vertical_mobile":"pt-0-mobile","layout":"layout-1","gap_between_desktop":2,"gap_between_mobile":2,"color_scheme_text":"text-colors-default","color_scheme_background":"background-colors-default","heading":"Blog","button_style":"button--outlined","button_text":"Visit Blog","blog":""}},"90f0172d-db82-4963-95c4-6a1724783cd8":{"type":"trust-indicators","blocks":{"template--16809880650043__90f0172d-db82-4963-95c4-6a1724783cd8-16677286337545964d-0":{"type":"indicator","settings":{"color_scheme_text":"text-colors-default","color_scheme_background":"background-colors-default","title":"Fall\/Winter 23","link_title":"View ALL","link_url":"shopify:\/\/collections\/fall-winter-23"}},"template--16809880650043__90f0172d-db82-4963-95c4-6a1724783cd8-16677286337545964d-1":{"type":"indicator","settings":{"color_scheme_text":"text-colors-default","color_scheme_background":"background-colors-default","title":"Spring\/Summer 23","link_title":"VIEW ALL","link_url":"shopify:\/\/collections\/spring-summer-23"}}},"block_order":["template--16809880650043__90f0172d-db82-4963-95c4-6a1724783cd8-16677286337545964d-0","template--16809880650043__90f0172d-db82-4963-95c4-6a1724783cd8-16677286337545964d-1"],"settings":{"slider_mobile":true,"layout":"layout-1","padding_vertical_desktop":"pt-0-desktop pb-0-desktop","padding_vertical_mobile":"pt-0-mobile pb-0-mobile"}},"eb8b3d8b-ccea-4262-b3b8-6c61b0495e20":{"type":"trust-indicators","blocks":{"4fd1a69d-b4cd-458a-b900-90a282f2d900":{"type":"indicator","settings":{"color_scheme_text":"text-colors-default","color_scheme_background":"background-colors-default","title":"Fall\/Winter 22","link_title":"View ALL","link_url":"shopify:\/\/collections\/fw22-shaabna"}},"82105f24-c425-440f-9c3e-f5da15beb29b":{"type":"indicator","settings":{"color_scheme_text":"text-colors-default","color_scheme_background":"background-colors-default","title":"Spring\/Summer 22","link_title":"VIEW ALL","link_url":"shopify:\/\/collections\/spring-summer-22"}}},"block_order":["4fd1a69d-b4cd-458a-b900-90a282f2d900","82105f24-c425-440f-9c3e-f5da15beb29b"],"settings":{"slider_mobile":true,"layout":"layout-1","padding_vertical_desktop":"pt-0-desktop pb-0-desktop","padding_vertical_mobile":"pt-0-mobile pb-0-mobile"}},"1e8784a6-c627-476c-8168-4ffcaaaf0b9f":{"type":"trust-indicators","blocks":{"8e79080d-8df6-4b1f-a0c2-84edf1b4b74a":{"type":"indicator","settings":{"color_scheme_text":"text-colors-default","color_scheme_background":"background-colors-default","title":"Fall\/Winter 21","link_title":"View ALL","link_url":"shopify:\/\/collections\/fall-winter-21"}},"91115a7b-998c-4e48-9c11-5c7b2430caeb":{"type":"indicator","settings":{"color_scheme_text":"text-colors-default","color_scheme_background":"background-colors-default","title":"Spring\/Summer 21","link_title":"VIEW ALL","link_url":"shopify:\/\/collections\/ss21-dance-of-the-soul"}}},"block_order":["8e79080d-8df6-4b1f-a0c2-84edf1b4b74a","91115a7b-998c-4e48-9c11-5c7b2430caeb"],"settings":{"slider_mobile":true,"layout":"layout-1","padding_vertical_desktop":"pt-0-desktop pb-0-desktop","padding_vertical_mobile":"pt-0-mobile pb-0-mobile"}},"6e3cd06f-bd03-4393-8856-2601c29a2377":{"type":"trust-indicators","blocks":{"a204a73b-36ca-4340-b254-881257a73b93":{"type":"indicator","settings":{"color_scheme_text":"text-colors-default","color_scheme_background":"background-colors-default","title":"Fall\/Winter 20","link_title":"View ALL","link_url":"shopify:\/\/collections\/view-full-fw20-collection"}},"0f8a2a69-cd5b-4c24-a006-1bb6654c6c8d":{"type":"indicator","settings":{"color_scheme_text":"text-colors-default","color_scheme_background":"background-colors-default","title":"Spring\/Summer 20","link_title":"VIEW ALL","link_url":"shopify:\/\/collections\/lookbook-spring-summer-20"}}},"block_order":["a204a73b-36ca-4340-b254-881257a73b93","0f8a2a69-cd5b-4c24-a006-1bb6654c6c8d"],"settings":{"slider_mobile":true,"layout":"layout-1","padding_vertical_desktop":"pt-0-desktop pb-0-desktop","padding_vertical_mobile":"pt-0-mobile pb-0-mobile"}}},"order":["b9e1f375-bbe3-49e0-b449-eff934bd3497","90f0172d-db82-4963-95c4-6a1724783cd8","eb8b3d8b-ccea-4262-b3b8-6c61b0495e20","1e8784a6-c627-476c-8168-4ffcaaaf0b9f","6e3cd06f-bd03-4393-8856-2601c29a2377"]}