{"sections":{"1658995208ad05f95f":{"type":"hero-banner","blocks":{"e3867974-072c-4cfe-968e-a10d22e8941a":{"type":"slide","settings":{"banner_layout":"hero-banner--full","color_scheme_text":"text-colors-default","color_scheme_background":"background-colors-inverse","video_external":"","enable_media_overlay_desktop":true,"video_external_mobile":"","enable_media_overlay_mobile":true,"content_position_horizontal":"align-center text-center","content_position_vertical":"justify-end","subtitle":"Additional subheading","subtitle_url":"","title":"Highlight an image banner","content":"<p>Body text for your hero banner.<\/p>","enable_vertical_line":true,"button_style":"button--outlined-inverse","button_text":"","button_url":""}},"8ff5c120-4c56-4512-92d9-7617774d3276":{"type":"slide","settings":{"banner_layout":"hero-banner--full","color_scheme_text":"text-colors-default","color_scheme_background":"background-colors-default","video_external":"","enable_media_overlay_desktop":true,"video_external_mobile":"","enable_media_overlay_mobile":true,"content_position_horizontal":"align-center text-center","content_position_vertical":"justify-end","subtitle":"Highlight your promotion","subtitle_url":"","title":"Highlight an image banner","content":"","enable_vertical_line":true,"button_style":"button--filled","button_text":"","button_url":""}}},"block_order":["e3867974-072c-4cfe-968e-a10d22e8941a","8ff5c120-4c56-4512-92d9-7617774d3276"],"settings":{"slider_autoplay":true,"slider_autoplay_interval":5,"slider_arrows":true,"slider_arrows_position":"hero__swiper-buttons--sides","slider_arrows_color":"text-colors-inverse"}},"16e24524-2040-41a4-b5ca-3a425d62879b":{"type":"featured-collections","blocks":{"8e756427-f886-410c-b65a-f8a1f0767ff1":{"type":"collection-slide","settings":{"color_scheme_text":"text-colors-inverse","collection":"","title":""}},"0502c0ed-6d29-4e80-9d4d-bef13b8c626f":{"type":"collection-slide","settings":{"color_scheme_text":"text-colors-inverse","collection":"","title":""}},"8410b9c7-f0ae-4be3-8e77-8d3411d02273":{"type":"collection-slide","settings":{"color_scheme_text":"text-colors-inverse","collection":"","title":""}}},"block_order":["8e756427-f886-410c-b65a-f8a1f0767ff1","0502c0ed-6d29-4e80-9d4d-bef13b8c626f","8410b9c7-f0ae-4be3-8e77-8d3411d02273"],"settings":{"padding_vertical_desktop":"","padding_vertical_mobile":"","layout":"layout-1","gap_between_desktop":2,"gap_between_mobile":2,"color_scheme_text":"text-colors-default","color_scheme_background":"background-colors-default","title":"Our collections","button_style":"button--outlined","button_text":"Explore all","button_url":"shopify:\/\/collections"}},"90e984e6-6e27-4581-ad90-2ced240882b7":{"type":"full-width-banner","blocks":{"template--18086433161531__90e984e6-6e27-4581-ad90-2ced240882b7-16771528305845bf22-0":{"type":"subtitle","settings":{"subtitle":"luxury swimwear created with care","subtitle_url":""}},"template--18086433161531__90e984e6-6e27-4581-ad90-2ced240882b7-16771528305845bf22-1":{"type":"title","settings":{"title":"Tell your brand's story through images"}},"template--18086433161531__90e984e6-6e27-4581-ad90-2ced240882b7-16771528305845bf22-2":{"type":"buttons","settings":{"first_button_text":"Shop new in","first_button_url":"","second_button_text":"Shop all swimwear","second_button_url":"","button_style":"button--outlined-inverse"}}},"block_order":["template--18086433161531__90e984e6-6e27-4581-ad90-2ced240882b7-16771528305845bf22-0","template--18086433161531__90e984e6-6e27-4581-ad90-2ced240882b7-16771528305845bf22-1","template--18086433161531__90e984e6-6e27-4581-ad90-2ced240882b7-16771528305845bf22-2"],"settings":{"full_width_banner_height":50,"banner_layout":"section-full-width-banner--full","spacing_top_desktop":0,"spacing_bottom_desktop":0,"spacing_top_mobile":0,"spacing_bottom_mobile":0,"color_scheme_text":"text-colors-inverse","color_scheme_background":"background-colors-accent-2","video_desktop_external":"","video_mobile_external":"","content_position_horizontal":"align-center text-center","content_position_vertical":"justify-center","content_padding_top":9.6,"content_padding_bottom":9.6,"content_padding_left":32,"content_padding_right":32}},"1658994245757c7b20":{"type":"featured-products","blocks":{"8d8dee3c-2bdb-429e-9a6c-e5af884f102b":{"type":"collection","settings":{"products":[],"collection":"","title":"","max_products":8,"show_unavailable_products":false}}},"block_order":["8d8dee3c-2bdb-429e-9a6c-e5af884f102b"],"settings":{"padding_vertical_desktop":"","padding_vertical_mobile":"","layout":"layout-1","gap_between_desktop":2,"gap_between_mobile":2,"color_scheme_text":"text-colors-default","color_scheme_background":"background-colors-accent-1","title":"Best sellers","button_text":"View all","button_url":"","button_style":"button--outlined"}},"1ca2168c-9147-439a-a4be-6fc1eb144328":{"type":"image-with-text","blocks":{"template--14955015995435__1ca2168c-9147-439a-a4be-6fc1eb144328-1667569833974d1fdd-1":{"type":"text","settings":{"text_align_desktop":"text-center-desktop","text_align_mobile":"text-center","title":"Heading goes here","content":"<p>Tell your brand's story through text.<\/p>","button_separator":true,"button_text":"","button_url":"","button_style":"button--outlined"}},"template--14955015995435__1ca2168c-9147-439a-a4be-6fc1eb144328-1667569833974d1fdd-0":{"type":"media","settings":{}}},"block_order":["template--14955015995435__1ca2168c-9147-439a-a4be-6fc1eb144328-1667569833974d1fdd-1","template--14955015995435__1ca2168c-9147-439a-a4be-6fc1eb144328-1667569833974d1fdd-0"],"settings":{"padding_vertical_desktop":"","padding_vertical_mobile":"pt-0-mobile-small","color_scheme_text":"text-colors-default","color_scheme_background":"background-colors-default"}},"fa2bb16f-59ed-455d-adc2-c8c2aa7bd29f":{"type":"image-with-text","blocks":{"template--14955015995435__fa2bb16f-59ed-455d-adc2-c8c2aa7bd29f-1667569833974d1fdd-0":{"type":"media","settings":{}},"template--14955015995435__fa2bb16f-59ed-455d-adc2-c8c2aa7bd29f-1667569833974d1fdd-1":{"type":"text","settings":{"text_align_desktop":"text-center-desktop","text_align_mobile":"text-center","title":"Heading Goes Here","content":"<p>Tell Your Brand's Story Through Text.<\/p>","button_separator":true,"button_text":"Learn more","button_url":"shopify:\/\/collections","button_style":"button--outlined"}}},"block_order":["template--14955015995435__fa2bb16f-59ed-455d-adc2-c8c2aa7bd29f-1667569833974d1fdd-0","template--14955015995435__fa2bb16f-59ed-455d-adc2-c8c2aa7bd29f-1667569833974d1fdd-1"],"settings":{"padding_vertical_desktop":"pt-0-mobile-small-up pb-0-mobile-small-up","padding_vertical_mobile":"pt-0-mobile-small pb-0-mobile-small","color_scheme_text":"text-colors-default","color_scheme_background":"background-colors-default"}},"659a65bf-3115-47f3-af72-a53dd56039e2":{"type":"dual-tiles","blocks":{"template--16809880650043__659a65bf-3115-47f3-af72-a53dd56039e2-1667604434dda13274-0":{"type":"tile","settings":{"color_scheme_text":"text-colors-inverse","color_scheme_background":"background-colors-accent-1","video_desktop_external":"","video_mobile_external":"","content_position_horizontal":"text-center align-center","content_position_vertical":"justify-end","title":"mediterranean love","text_size":2.5,"button_style":"button--outlined-inverse","button_text":"Shop our collection","button_url":"shopify:\/\/collections\/swimwear","content_layout":"content--absolute","block_margin_left":0,"block_margin_right":0,"block_padding_top":0,"block_padding_bottom":0,"block_padding_left":0,"block_padding_right":0}},"template--16809880650043__659a65bf-3115-47f3-af72-a53dd56039e2-1667604434dda13274-1":{"type":"tile","settings":{"color_scheme_text":"text-colors-default","color_scheme_background":"background-colors-inverse","video_desktop_external":"","video_mobile_external":"","content_position_horizontal":"text-center justify-center","content_position_vertical":"align-center","title":"On sale items","text_size":2.5,"button_style":"button--outlined","button_text":"Shop sale","button_url":"","content_layout":"content--relative","block_margin_left":0,"block_margin_right":0,"block_padding_top":1.6,"block_padding_bottom":1.6,"block_padding_left":1.6,"block_padding_right":1.6}}},"block_order":["template--16809880650043__659a65bf-3115-47f3-af72-a53dd56039e2-1667604434dda13274-0","template--16809880650043__659a65bf-3115-47f3-af72-a53dd56039e2-1667604434dda13274-1"],"settings":{"section_width":"max-w-full","section_height":50,"layout":"section-dual-tiles--50-50","gap_between_tiles":0.2,"spacing_top_desktop":6,"spacing_bottom_desktop":6,"spacing_top_mobile":6,"spacing_bottom_mobile":6}},"03a45767-3819-40b4-a750-ab1add481edc":{"type":"dual-tiles","blocks":{"template--18086433161531__03a45767-3819-40b4-a750-ab1add481edc-1677165430713b18f7-0":{"type":"tile","settings":{"color_scheme_text":"text-colors-inverse","color_scheme_background":"background-colors-default","video_desktop_external":"","video_mobile_external":"","content_position_horizontal":"text-center align-center","content_position_vertical":"justify-end","title":"Dual content tiles heading","text_size":2.5,"button_style":"button--outlined-inverse","button_text":"Shop Now","button_url":"shopify:\/\/collections","content_layout":"content--absolute","block_margin_left":0,"block_margin_right":0,"block_padding_top":0,"block_padding_bottom":0,"block_padding_left":0,"block_padding_right":0}},"template--18086433161531__03a45767-3819-40b4-a750-ab1add481edc-1677165430713b18f7-1":{"type":"tile","settings":{"color_scheme_text":"text-colors-inverse","color_scheme_background":"background-colors-default","video_desktop_external":"","video_mobile_external":"","content_position_horizontal":"text-center align-center","content_position_vertical":"justify-end","title":"Another heading goes here","text_size":2.5,"button_style":"button--outlined-inverse","button_text":"Shop Now","button_url":"shopify:\/\/collections","content_layout":"content--absolute","block_margin_left":0,"block_margin_right":0,"block_padding_top":0,"block_padding_bottom":0,"block_padding_left":0,"block_padding_right":0}}},"block_order":["template--18086433161531__03a45767-3819-40b4-a750-ab1add481edc-1677165430713b18f7-0","template--18086433161531__03a45767-3819-40b4-a750-ab1add481edc-1677165430713b18f7-1"],"settings":{"section_width":"max-w-seminarrow","section_height":50,"layout":"section-dual-tiles--50-50","gap_between_tiles":6.4,"spacing_top_desktop":6,"spacing_bottom_desktop":6,"spacing_top_mobile":6,"spacing_bottom_mobile":6}},"ff1b88c1-7f9a-42ed-a737-5ce178874c08":{"type":"testimonials","blocks":{"template--16809880650043__ff1b88c1-7f9a-42ed-a737-5ce178874c08-1667844595b40c7541-0":{"type":"testimonial","settings":{"quote":"<p>“Example testimonial”<\/p>","author":"Amy R, 2023","link_title":"Buy product","link_url":""}}},"block_order":["template--16809880650043__ff1b88c1-7f9a-42ed-a737-5ce178874c08-1667844595b40c7541-0"],"settings":{"padding_vertical_desktop":"","padding_vertical_mobile":"","color_scheme_text":"text-colors-default","color_scheme_background":"background-colors-accent-1","layout":"image-right","gap_between_desktop":2,"gap_between_mobile":2,"title":"From the people"}},"b9e1f375-bbe3-49e0-b449-eff934bd3497":{"type":"blog-articles","settings":{"padding_vertical_desktop":"","padding_vertical_mobile":"pt-0-mobile","layout":"layout-1","gap_between_desktop":2,"gap_between_mobile":2,"color_scheme_text":"text-colors-default","color_scheme_background":"background-colors-default","heading":"Blog","button_style":"button--outlined","button_text":"Visit Blog","blog":""}},"90f0172d-db82-4963-95c4-6a1724783cd8":{"type":"trust-indicators","blocks":{"template--16809880650043__90f0172d-db82-4963-95c4-6a1724783cd8-16677286337545964d-0":{"type":"indicator","settings":{"color_scheme_text":"text-colors-default","color_scheme_background":"background-colors-default","title":"Column","link_title":"Learn more","link_url":""}},"template--16809880650043__90f0172d-db82-4963-95c4-6a1724783cd8-16677286337545964d-1":{"type":"indicator","settings":{"color_scheme_text":"text-colors-default","color_scheme_background":"background-colors-default","title":"Column","link_title":"Learn more","link_url":""}},"template--16809880650043__90f0172d-db82-4963-95c4-6a1724783cd8-16677286337545964d-2":{"type":"indicator","settings":{"color_scheme_text":"text-colors-default","color_scheme_background":"background-colors-default","title":"Column","link_title":"Learn more","link_url":""}}},"block_order":["template--16809880650043__90f0172d-db82-4963-95c4-6a1724783cd8-16677286337545964d-0","template--16809880650043__90f0172d-db82-4963-95c4-6a1724783cd8-16677286337545964d-1","template--16809880650043__90f0172d-db82-4963-95c4-6a1724783cd8-16677286337545964d-2"],"settings":{"slider_mobile":true,"layout":"layout-1","padding_vertical_desktop":"pt-0-desktop pb-0-desktop","padding_vertical_mobile":"pt-0-mobile pb-0-mobile"}}},"order":["1658995208ad05f95f","16e24524-2040-41a4-b5ca-3a425d62879b","90e984e6-6e27-4581-ad90-2ced240882b7","1658994245757c7b20","1ca2168c-9147-439a-a4be-6fc1eb144328","fa2bb16f-59ed-455d-adc2-c8c2aa7bd29f","659a65bf-3115-47f3-af72-a53dd56039e2","03a45767-3819-40b4-a750-ab1add481edc","ff1b88c1-7f9a-42ed-a737-5ce178874c08","b9e1f375-bbe3-49e0-b449-eff934bd3497","90f0172d-db82-4963-95c4-6a1724783cd8"]}