{"sections":{"main":{"type":"main-page","settings":{"show_page_title":true,"breadcrumbs":true,"info_title":"","info_content":"","color_scheme_text":"text-colors-default","color_scheme_background":"background-colors-default"}},"af8910ae-692e-41fc-b9c5-cc06b15e38a3":{"type":"image-with-text","blocks":{"template--14745416466509__af8910ae-692e-41fc-b9c5-cc06b15e38a3-text-1":{"type":"text","settings":{"text_align_desktop":"text-center-desktop","text_align_mobile":"text-center","title":"Coming soon...","content":"","button_separator":true,"button_text":"Button label","button_url":"","button_style":"button--outlined"}}},"block_order":["template--14745416466509__af8910ae-692e-41fc-b9c5-cc06b15e38a3-text-1"],"disabled":true,"settings":{"padding_vertical_desktop":"","padding_vertical_mobile":"pt-0-mobile-small","color_scheme_text":"text-colors-default","color_scheme_background":"background-colors-default"}}},"order":["main","af8910ae-692e-41fc-b9c5-cc06b15e38a3"]}