{"sections":{"18719b5d-be16-4c04-8f59-ea805476c80c":{"type":"image-with-text","blocks":{"template--14740435763277__18719b5d-be16-4c04-8f59-ea805476c80c-media-1":{"type":"media","disabled":true,"settings":{}},"template--14740435763277__18719b5d-be16-4c04-8f59-ea805476c80c-text-1":{"type":"text","settings":{"text_align_desktop":"text-center-desktop","text_align_mobile":"text-center","title":"Behind the scene","content":"<p>Explore the Hidden World of Behind-the-Scene Design: Where Innovation Meets Beauty<\/p>","button_separator":true,"button_text":"hello","button_url":"","button_style":"button--filled"}}},"block_order":["template--14740435763277__18719b5d-be16-4c04-8f59-ea805476c80c-media-1","template--14740435763277__18719b5d-be16-4c04-8f59-ea805476c80c-text-1"],"settings":{"padding_vertical_desktop":"","padding_vertical_mobile":"pt-0-mobile-small","color_scheme_text":"text-colors-secondary","color_scheme_background":"background-colors-default"}},"main":{"type":"main-page","disabled":true,"settings":{"show_page_title":true,"breadcrumbs":true,"info_title":"","info_content":"","color_scheme_text":"text-colors-default","color_scheme_background":"background-colors-default"}},"9e6e96ac-ac17-4682-8117-7eef1d7ddfc5":{"type":"dual-tiles","blocks":{"template--14741991227469__9e6e96ac-ac17-4682-8117-7eef1d7ddfc5-tile-1":{"type":"tile","settings":{"color_scheme_text":"text-colors-default","color_scheme_background":"background-colors-default","image_desktop":"shopify:\/\/shop_images\/Behind_The_Brand_Option.jpg","content_position_horizontal":"text-center align-center","content_position_vertical":"justify-center","title":"","text_size":1,"button_style":"button--filled","button_text":"","button_url":"","content_layout":"content--relative","block_margin_left":0,"block_margin_right":0,"block_padding_top":1.6,"block_padding_bottom":1.6,"block_padding_left":1.6,"block_padding_right":1.6}},"template--14741991227469__9e6e96ac-ac17-4682-8117-7eef1d7ddfc5-tile-2":{"type":"tile","settings":{"color_scheme_text":"text-colors-default","color_scheme_background":"background-colors-accent-2","image_desktop":"shopify:\/\/shop_images\/000047800031.jpg","content_position_horizontal":"text-center align-center","content_position_vertical":"justify-center","title":"","text_size":1,"button_style":"button--filled","button_text":"","button_url":"\/","content_layout":"content--relative","block_margin_left":0,"block_margin_right":0,"block_padding_top":1.6,"block_padding_bottom":1.6,"block_padding_left":1.6,"block_padding_right":1.6}}},"block_order":["template--14741991227469__9e6e96ac-ac17-4682-8117-7eef1d7ddfc5-tile-1","template--14741991227469__9e6e96ac-ac17-4682-8117-7eef1d7ddfc5-tile-2"],"settings":{"section_width":"max-w-page","section_height":50,"layout":"section-dual-tiles--50-50","gap_between_tiles":0,"spacing_top_desktop":0,"spacing_bottom_desktop":0,"spacing_top_mobile":0,"spacing_bottom_mobile":0}},"19d34d0c-08dc-4b30-9811-d0bfb4fb0025":{"type":"dual-tiles","blocks":{"54f81d5f-7ca5-4f4f-94aa-183249aaba72":{"type":"tile","settings":{"color_scheme_text":"text-colors-default","color_scheme_background":"background-colors-default","image_desktop":"shopify:\/\/shop_images\/Behind_The_Brand_Option.jpg","content_position_horizontal":"text-center align-center","content_position_vertical":"justify-center","title":"","text_size":1,"button_style":"button--filled","button_text":"","button_url":"","content_layout":"content--relative","block_margin_left":0,"block_margin_right":0,"block_padding_top":1.6,"block_padding_bottom":1.6,"block_padding_left":1.6,"block_padding_right":1.6}},"aca2e287-4fb7-4b67-8f9a-ddfae56c38e0":{"type":"tile","settings":{"color_scheme_text":"text-colors-default","color_scheme_background":"background-colors-accent-2","image_desktop":"shopify:\/\/shop_images\/000047800031.jpg","content_position_horizontal":"text-center align-center","content_position_vertical":"justify-center","title":"","text_size":1,"button_style":"button--filled","button_text":"","button_url":"\/","content_layout":"content--relative","block_margin_left":0,"block_margin_right":0,"block_padding_top":1.6,"block_padding_bottom":1.6,"block_padding_left":1.6,"block_padding_right":1.6}}},"block_order":["54f81d5f-7ca5-4f4f-94aa-183249aaba72","aca2e287-4fb7-4b67-8f9a-ddfae56c38e0"],"settings":{"section_width":"max-w-page","section_height":50,"layout":"section-dual-tiles--50-50","gap_between_tiles":0,"spacing_top_desktop":0,"spacing_bottom_desktop":0,"spacing_top_mobile":0,"spacing_bottom_mobile":0}},"43195b53-74c7-4fb5-80d6-5884b01f08a7":{"type":"image-with-text","blocks":{"template--14741991227469__43195b53-74c7-4fb5-80d6-5884b01f08a7-media-1":{"type":"media","settings":{}},"template--14741991227469__43195b53-74c7-4fb5-80d6-5884b01f08a7-text-1":{"type":"text","settings":{"text_align_desktop":"text-center-desktop","text_align_mobile":"text-center","title":"Heading goes here","content":"<p>Experience the beauty of design and the power of storytelling in our online shop.<\/p>","button_separator":true,"button_text":"Button label","button_url":"","button_style":"button--outlined"}}},"block_order":["template--14741991227469__43195b53-74c7-4fb5-80d6-5884b01f08a7-media-1","template--14741991227469__43195b53-74c7-4fb5-80d6-5884b01f08a7-text-1"],"settings":{"padding_vertical_desktop":"","padding_vertical_mobile":"pt-0-mobile-small","color_scheme_text":"text-colors-default","color_scheme_background":"background-colors-default"}},"dad0d09e-35a0-41e0-9b55-96671a7752fa":{"type":"dual-tiles","blocks":{"d89b3cd9-bd77-4140-946c-5ca133a6aa56":{"type":"tile","settings":{"color_scheme_text":"text-colors-default","color_scheme_background":"background-colors-default","image_desktop":"shopify:\/\/shop_images\/Behind_The_Brand_Option.jpg","content_position_horizontal":"text-center align-center","content_position_vertical":"justify-center","title":"","text_size":1,"button_style":"button--filled","button_text":"","button_url":"","content_layout":"content--relative","block_margin_left":0,"block_margin_right":0,"block_padding_top":1.6,"block_padding_bottom":1.6,"block_padding_left":1.6,"block_padding_right":1.6}},"0498318c-9941-4827-9d2f-793ba1e6bf71":{"type":"tile","settings":{"color_scheme_text":"text-colors-default","color_scheme_background":"background-colors-accent-2","image_desktop":"shopify:\/\/shop_images\/000047800031.jpg","content_position_horizontal":"text-center align-center","content_position_vertical":"justify-center","title":"","text_size":1,"button_style":"button--filled","button_text":"","button_url":"\/","content_layout":"content--relative","block_margin_left":0,"block_margin_right":0,"block_padding_top":1.6,"block_padding_bottom":1.6,"block_padding_left":1.6,"block_padding_right":1.6}}},"block_order":["d89b3cd9-bd77-4140-946c-5ca133a6aa56","0498318c-9941-4827-9d2f-793ba1e6bf71"],"settings":{"section_width":"max-w-page","section_height":50,"layout":"section-dual-tiles--50-50","gap_between_tiles":0,"spacing_top_desktop":0,"spacing_bottom_desktop":0,"spacing_top_mobile":0,"spacing_bottom_mobile":0}}},"order":["18719b5d-be16-4c04-8f59-ea805476c80c","main","9e6e96ac-ac17-4682-8117-7eef1d7ddfc5","19d34d0c-08dc-4b30-9811-d0bfb4fb0025","43195b53-74c7-4fb5-80d6-5884b01f08a7","dad0d09e-35a0-41e0-9b55-96671a7752fa"]}