{"sections":{"main":{"type":"main-page","disabled":true,"settings":{"show_page_title":true,"breadcrumbs":true,"info_title":"","info_content":"","color_scheme_text":"text-colors-default","color_scheme_background":"background-colors-default"}},"814188e5-a8a3-4d19-a3db-4935427871bb":{"type":"image-with-text","blocks":{"template--14743024730189__814188e5-a8a3-4d19-a3db-4935427871bb-text-1":{"type":"text","settings":{"text_align_desktop":"text-center-desktop","text_align_mobile":"text-center","title":"","content":"","button_separator":true,"button_text":"Button label","button_url":"","button_style":"button--outlined"}}},"block_order":["template--14743024730189__814188e5-a8a3-4d19-a3db-4935427871bb-text-1"],"settings":{"padding_vertical_desktop":"","padding_vertical_mobile":"pt-0-mobile-small","color_scheme_text":"text-colors-default","color_scheme_background":"background-colors-default"}},"81d2f50f-489e-4e15-a885-8d6958b59472":{"type":"full-bleed-banner","blocks":{"template--14745416171597__81d2f50f-489e-4e15-a885-8d6958b59472-subtitle-1":{"type":"subtitle","settings":{"subtitle":"Backstage","subtitle_url":""}},"template--14745416171597__81d2f50f-489e-4e15-a885-8d6958b59472-title-1":{"type":"title","settings":{"title":"Dubai Fashion Week"}},"template--14745416171597__81d2f50f-489e-4e15-a885-8d6958b59472-buttons-1":{"type":"buttons","settings":{"first_button_text":"","first_button_url":"","second_button_text":"","second_button_url":""}}},"block_order":["template--14745416171597__81d2f50f-489e-4e15-a885-8d6958b59472-subtitle-1","template--14745416171597__81d2f50f-489e-4e15-a885-8d6958b59472-title-1","template--14745416171597__81d2f50f-489e-4e15-a885-8d6958b59472-buttons-1"],"settings":{"full_width_banner_height":50,"color_scheme_text":"text-colors-inverse","color_scheme_background":"background-colors-accent-2","image_desktop":"shopify:\/\/shop_images\/000047800019.jpg","content_position_horizontal":"justify-center text-center","content_position_vertical":"align-end"}},"5d206369-9dce-488a-bcc1-3a242cdfba6e":{"type":"tab","blocks":{"template--14742025044045__5d206369-9dce-488a-bcc1-3a242cdfba6e-tab-1":{"type":"tab","settings":{"title":"","m_image":"shopify:\/\/shop_images\/IMG_3485.jpg"}},"3d87b17c-5284-43a4-b6e2-d7f75f9ae051":{"type":"tab","settings":{"title":"","m_image":"shopify:\/\/shop_images\/IMG_3497.jpg"}},"e9b18e18-188d-43be-a2b0-a8d3400552f7":{"type":"tab","settings":{"title":"","m_image":"shopify:\/\/shop_images\/IMG_3532.jpg"}},"056d6563-e37a-46d4-95e2-49745ad46238":{"type":"tab","settings":{"title":"","m_image":"shopify:\/\/shop_images\/IMG_3493.jpg"}},"eaadd892-7f2a-443a-bcc3-4bc0c6f04b8b":{"type":"tab","settings":{"title":"","m_image":"shopify:\/\/shop_images\/000047800022.jpg"}},"75aaa94f-3997-4877-8f3b-f92d89f1e096":{"type":"tab","settings":{"title":"","m_image":"shopify:\/\/shop_images\/000047800016_3f13135c-9d5f-47f8-8516-3f86b8497ae4.jpg"}},"b8f12f4a-79d8-45ea-b727-a0ad4189faf5":{"type":"tab","settings":{"title":"","m_image":"shopify:\/\/shop_images\/000047800024.jpg"}},"1f8da92e-e21e-4d59-8b1b-8250848296f8":{"type":"tab","settings":{"title":"","m_image":"shopify:\/\/shop_images\/000047800018.jpg"}},"464e9d71-f9d8-40ad-9843-106f98f6e1da":{"type":"tab","settings":{"title":"","m_image":"shopify:\/\/shop_images\/IMG_3616.jpg"}},"0242781b-1abb-4fb1-9e04-4e7fdf990bfe":{"type":"tab","settings":{"title":"","m_image":"shopify:\/\/shop_images\/IMG_3577.jpg"}},"2b3c733e-78eb-4c1c-998c-070eb067fb93":{"type":"tab","settings":{"title":"","m_image":"shopify:\/\/shop_images\/IMG_3571.jpg"}},"e1e929e7-20d2-4d82-8d92-1b3db34ec338":{"type":"tab","settings":{"title":"","m_image":"shopify:\/\/shop_images\/IMG_3582_a7e1b1ae-53e7-44fd-8d54-621041574eab.jpg"}},"ad184331-d444-4e9e-8881-f98778109a45":{"type":"tab","settings":{"title":"","m_image":"shopify:\/\/shop_images\/000047800013.jpg"}},"522f53bb-1e9c-47b9-b1d3-c2f2bb70abf4":{"type":"tab","settings":{"title":"","m_image":"shopify:\/\/shop_images\/000047800011.jpg"}},"fef720b1-4482-4bc5-9ecf-c56438f4d43f":{"type":"tab","settings":{"title":"","m_image":"shopify:\/\/shop_images\/000047800025.jpg"}},"4d91b98f-0546-4574-a457-8840b7f6dc57":{"type":"tab","settings":{"title":"","m_image":"shopify:\/\/shop_images\/000047800023_9c2d6594-b2f3-476a-bef4-5bdb4bab4823.jpg"}},"b48a2ee9-2027-4677-8e0b-949e413ec486":{"type":"tab","settings":{"title":"","m_image":"shopify:\/\/shop_images\/IMG_3653_259c467d-bb85-42e4-b139-7302439d738f.jpg"}},"1b9ea1a6-3501-457c-85a2-c453effc422d":{"type":"tab","settings":{"title":"","m_image":"shopify:\/\/shop_images\/IMG_3668_a24423a6-25b3-46b5-bc1d-42902679e1e7.jpg"}},"d608c82e-064e-4b42-a156-742e75879185":{"type":"tab","settings":{"title":"","m_image":"shopify:\/\/shop_images\/IMG_3683_10d26f54-fa0b-400d-a783-8e85e48f7256.jpg"}},"e15bb88a-d612-40f0-a472-0265d783ad24":{"type":"tab","settings":{"title":"","m_image":"shopify:\/\/shop_images\/IMG_3526_8fc31651-2f70-4499-8c89-da4e83669a89.jpg"}},"722f6f6c-983f-4403-9ac3-9dd17e2167cf":{"type":"tab","settings":{"title":"","m_image":"shopify:\/\/shop_images\/000047800012_81fb3a33-f7a2-40f0-a6b0-c0d9b8b34b7f.jpg"}},"a2c6288c-01de-4bba-af8b-5752cdaf0072":{"type":"tab","settings":{"title":"","m_image":"shopify:\/\/shop_images\/000047800015_3a29a73b-fc75-42d7-b011-ba118bff0301.jpg"}},"3fc0b884-7cef-4331-9e7c-a5d26ffede2c":{"type":"tab","settings":{"title":"","m_image":"shopify:\/\/shop_images\/000047800020_314fba78-4995-41e1-bcb7-3724d78c31c8.jpg"}},"064603be-7150-474e-a4b6-a2c6b1bd44fa":{"type":"tab","settings":{"title":"","m_image":"shopify:\/\/shop_images\/000047800017_1aab5ef6-c5ef-4390-8631-1cd0ae7b8e82.jpg"}}},"block_order":["template--14742025044045__5d206369-9dce-488a-bcc1-3a242cdfba6e-tab-1","3d87b17c-5284-43a4-b6e2-d7f75f9ae051","e9b18e18-188d-43be-a2b0-a8d3400552f7","056d6563-e37a-46d4-95e2-49745ad46238","eaadd892-7f2a-443a-bcc3-4bc0c6f04b8b","75aaa94f-3997-4877-8f3b-f92d89f1e096","b8f12f4a-79d8-45ea-b727-a0ad4189faf5","1f8da92e-e21e-4d59-8b1b-8250848296f8","464e9d71-f9d8-40ad-9843-106f98f6e1da","0242781b-1abb-4fb1-9e04-4e7fdf990bfe","2b3c733e-78eb-4c1c-998c-070eb067fb93","e1e929e7-20d2-4d82-8d92-1b3db34ec338","ad184331-d444-4e9e-8881-f98778109a45","522f53bb-1e9c-47b9-b1d3-c2f2bb70abf4","fef720b1-4482-4bc5-9ecf-c56438f4d43f","4d91b98f-0546-4574-a457-8840b7f6dc57","b48a2ee9-2027-4677-8e0b-949e413ec486","1b9ea1a6-3501-457c-85a2-c453effc422d","d608c82e-064e-4b42-a156-742e75879185","e15bb88a-d612-40f0-a472-0265d783ad24","722f6f6c-983f-4403-9ac3-9dd17e2167cf","a2c6288c-01de-4bba-af8b-5752cdaf0072","3fc0b884-7cef-4331-9e7c-a5d26ffede2c","064603be-7150-474e-a4b6-a2c6b1bd44fa"],"settings":{"full_width":true,"content_size":"medium","subheading":"Subheading","title":"Heading","first_tab_open":false,"background":"","background_gradient":"","text_color":"","heading_color":"","heading_gradient":""}}},"order":["main","814188e5-a8a3-4d19-a3db-4935427871bb","81d2f50f-489e-4e15-a885-8d6958b59472","5d206369-9dce-488a-bcc1-3a242cdfba6e"]}