{"sections":{"main":{"type":"main-page","disabled":true,"settings":{"show_page_title":true,"breadcrumbs":true,"info_title":"","info_content":"","color_scheme_text":"text-colors-default","color_scheme_background":"background-colors-default"}},"814188e5-a8a3-4d19-a3db-4935427871bb":{"type":"image-with-text","blocks":{"template--14743024730189__814188e5-a8a3-4d19-a3db-4935427871bb-text-1":{"type":"text","settings":{"text_align_desktop":"text-center-desktop","text_align_mobile":"text-center","title":"","content":"<h3>A Day Around Beirut Campaign<\/h3>","button_separator":true,"button_text":"Button label","button_url":"","button_style":"button--outlined"}}},"block_order":["template--14743024730189__814188e5-a8a3-4d19-a3db-4935427871bb-text-1"],"settings":{"padding_vertical_desktop":"","padding_vertical_mobile":"pt-0-mobile-small pb-0-mobile-small","color_scheme_text":"text-colors-default","color_scheme_background":"background-colors-default"}},"5d206369-9dce-488a-bcc1-3a242cdfba6e":{"type":"tab","blocks":{"522f53bb-1e9c-47b9-b1d3-c2f2bb70abf4":{"type":"tab","settings":{"title":"","m_image":"shopify:\/\/shop_images\/YS-FW22-Campaign8.jpg"}},"3d87b17c-5284-43a4-b6e2-d7f75f9ae051":{"type":"tab","settings":{"title":"","m_image":"shopify:\/\/shop_images\/YS-FW22-Campaign2.jpg"}},"75aaa94f-3997-4877-8f3b-f92d89f1e096":{"type":"tab","settings":{"title":"","m_image":"shopify:\/\/shop_images\/YS-FW22-Campaign4.jpg"}},"a2c6288c-01de-4bba-af8b-5752cdaf0072":{"type":"tab","settings":{"title":"","m_image":"shopify:\/\/shop_images\/YS-FW22-Campaign9.jpg"}},"eaadd892-7f2a-443a-bcc3-4bc0c6f04b8b":{"type":"tab","settings":{"title":"","m_image":"shopify:\/\/shop_images\/000036890026.jpg"}},"3fc0b884-7cef-4331-9e7c-a5d26ffede2c":{"type":"tab","settings":{"title":"","m_image":"shopify:\/\/shop_images\/000036890003.jpg"}},"template--14742025044045__5d206369-9dce-488a-bcc1-3a242cdfba6e-tab-1":{"type":"tab","settings":{"title":"","m_image":"shopify:\/\/shop_images\/YS-FW22-Campaign28.jpg"}},"de5ba515-b7c6-4078-9526-6d399d0698f5":{"type":"tab","settings":{"title":"","m_image":"shopify:\/\/shop_images\/000036890031.jpg"}}},"block_order":["522f53bb-1e9c-47b9-b1d3-c2f2bb70abf4","3d87b17c-5284-43a4-b6e2-d7f75f9ae051","75aaa94f-3997-4877-8f3b-f92d89f1e096","a2c6288c-01de-4bba-af8b-5752cdaf0072","eaadd892-7f2a-443a-bcc3-4bc0c6f04b8b","3fc0b884-7cef-4331-9e7c-a5d26ffede2c","template--14742025044045__5d206369-9dce-488a-bcc1-3a242cdfba6e-tab-1","de5ba515-b7c6-4078-9526-6d399d0698f5"],"settings":{"full_width":true,"content_size":"medium","subheading":"Subheading","title":"Heading","first_tab_open":false,"background":"","background_gradient":"","text_color":"","heading_color":"","heading_gradient":"","elements_per_row":4}},"6e938873-92a5-431f-9394-50b3fdc93ad9":{"type":"image-with-text","blocks":{"193eb334-f1a5-41de-b131-f19e78a0112e":{"type":"text","settings":{"text_align_desktop":"text-center-desktop","text_align_mobile":"text-center","title":"","content":"<p>Body text goes here<\/p>","button_separator":true,"button_text":"Button label","button_url":"","button_style":"button--outlined"}}},"block_order":["193eb334-f1a5-41de-b131-f19e78a0112e"],"settings":{"padding_vertical_desktop":"","padding_vertical_mobile":"pt-0-mobile-small","color_scheme_text":"text-colors-default","color_scheme_background":"background-colors-default"}},"c522b3a8-df79-4c09-becd-db38746b08ba":{"type":"tab","blocks":{"acd409f3-b634-4344-8396-bc7c8a73217a":{"type":"tab","settings":{"title":"","m_image":"shopify:\/\/shop_images\/YS-FW22-Campaign7.jpg"}},"74c91b45-e9c1-4912-9e3e-6531ca8bfa7d":{"type":"tab","settings":{"title":"","m_image":"shopify:\/\/shop_images\/YS-FW22-Campaign13.jpg"}},"8b73c9d4-36bc-4e74-be82-dd875e415116":{"type":"tab","settings":{"title":"","m_image":"shopify:\/\/shop_images\/YS-FW22-Campaign19.jpg"}},"d659b6b8-796d-4a37-9cf4-ce3bd50ae399":{"type":"tab","settings":{"title":"","m_image":"shopify:\/\/shop_images\/YS-FW22-Campaign23.jpg"}},"2aa8812f-e710-4476-aef6-491001faf6ca":{"type":"tab","settings":{"title":"","m_image":"shopify:\/\/shop_images\/000036890024_68fedc32-a8be-4b4b-9679-566874d0e778.jpg"}},"25a2cf9b-c1ff-4ea4-9fa9-6e9cdb87ade4":{"type":"tab","settings":{"title":"","m_image":"shopify:\/\/shop_images\/000036890036.jpg"}},"6767c333-32b7-4bcc-9079-6773198e2276":{"type":"tab","settings":{"title":"","m_image":"shopify:\/\/shop_images\/YS-FW22-Campaign26_b81584ed-e607-42c8-8868-5548b8d60ef6.jpg"}},"4f6651cb-a9c4-44ce-98ff-95f730541997":{"type":"tab","settings":{"title":"","m_image":"shopify:\/\/shop_images\/YS-FW22-Campaign22.jpg"}},"c10879c9-6aab-47f3-9fcb-1ac082e093f2":{"type":"tab","settings":{"title":"","m_image":"shopify:\/\/shop_images\/000036890019_08916bde-2fbe-4222-be13-710f03f71a02.jpg"}},"48f6e2b3-735f-4233-be49-74b94e3e5d98":{"type":"tab","settings":{"title":"","m_image":"shopify:\/\/shop_images\/000036890020_d0ae9a99-a70f-4689-b94c-bbaebd111a6f.jpg"}},"efa974db-6cd1-4f24-9c3c-58df3d632731":{"type":"tab","settings":{"title":"","m_image":"shopify:\/\/shop_images\/000036890032_3b7d1267-8931-4d4b-9edc-ac85fcda57e7.jpg"}},"d6e9183e-4485-46ae-b951-3d4fb6dc6877":{"type":"tab","settings":{"title":"","m_image":"shopify:\/\/shop_images\/000036890025_626f5340-9417-4f79-adfd-ad05b47b7438.jpg"}}},"block_order":["acd409f3-b634-4344-8396-bc7c8a73217a","74c91b45-e9c1-4912-9e3e-6531ca8bfa7d","8b73c9d4-36bc-4e74-be82-dd875e415116","d659b6b8-796d-4a37-9cf4-ce3bd50ae399","2aa8812f-e710-4476-aef6-491001faf6ca","25a2cf9b-c1ff-4ea4-9fa9-6e9cdb87ade4","6767c333-32b7-4bcc-9079-6773198e2276","4f6651cb-a9c4-44ce-98ff-95f730541997","c10879c9-6aab-47f3-9fcb-1ac082e093f2","48f6e2b3-735f-4233-be49-74b94e3e5d98","efa974db-6cd1-4f24-9c3c-58df3d632731","d6e9183e-4485-46ae-b951-3d4fb6dc6877"],"settings":{"full_width":true,"content_size":"medium","subheading":"Subheading","title":"Heading","first_tab_open":false,"background":"","background_gradient":"","text_color":"","heading_color":"","heading_gradient":"","elements_per_row":4}}},"order":["main","814188e5-a8a3-4d19-a3db-4935427871bb","5d206369-9dce-488a-bcc1-3a242cdfba6e","6e938873-92a5-431f-9394-50b3fdc93ad9","c522b3a8-df79-4c09-becd-db38746b08ba"]}