{"sections":{"main":{"type":"main-page","disabled":true,"settings":{"show_page_title":true,"breadcrumbs":true,"info_title":"","info_content":"","color_scheme_text":"text-colors-default","color_scheme_background":"background-colors-default"}},"5018353f-686e-4415-b1b3-9f10173f0cdb":{"type":"image-with-text","blocks":{"template--14744285282381__5018353f-686e-4415-b1b3-9f10173f0cdb-text-1":{"type":"text","settings":{"text_align_desktop":"text-center-desktop","text_align_mobile":"text-center","title":"","content":"<h3>YS JOURNAL<\/h3>","button_separator":true,"button_text":"Button label","button_url":"","button_style":"button--outlined"}}},"block_order":["template--14744285282381__5018353f-686e-4415-b1b3-9f10173f0cdb-text-1"],"settings":{"padding_vertical_desktop":"","padding_vertical_mobile":"pt-0-mobile-small pb-0-mobile-small","color_scheme_text":"text-colors-default","color_scheme_background":"background-colors-default"}},"3ac1560e-7f2d-4cf7-8132-843f5829ab08":{"type":"dual-tiles","blocks":{"template--14744285282381__3ac1560e-7f2d-4cf7-8132-843f5829ab08-tile-1":{"type":"tile","settings":{"color_scheme_text":"text-colors-default","color_scheme_background":"background-colors-accent-1","image_desktop":"shopify:\/\/shop_images\/70.heic","video_desktop_external":"","video_mobile_external":"","content_position_horizontal":"text-center align-center","content_position_vertical":"justify-center","title":"","text_size":1,"button_style":"button--filled","button_text":"","button_url":"","content_layout":"content--relative","block_margin_left":0,"block_margin_right":0,"block_padding_top":0,"block_padding_bottom":0,"block_padding_left":0,"block_padding_right":0}},"template--14744285282381__3ac1560e-7f2d-4cf7-8132-843f5829ab08-tile-2":{"type":"tile","settings":{"color_scheme_text":"text-colors-default","color_scheme_background":"background-colors-accent-2","image_desktop":"shopify:\/\/shop_images\/38.heic","video_desktop_external":"","video_mobile_external":"","content_position_horizontal":"text-center align-center","content_position_vertical":"justify-center","title":"","text_size":1,"button_style":"button--filled","button_text":"","button_url":"\/","content_layout":"content--relative","block_margin_left":0,"block_margin_right":0,"block_padding_top":0,"block_padding_bottom":0,"block_padding_left":0,"block_padding_right":0}}},"block_order":["template--14744285282381__3ac1560e-7f2d-4cf7-8132-843f5829ab08-tile-1","template--14744285282381__3ac1560e-7f2d-4cf7-8132-843f5829ab08-tile-2"],"settings":{"section_width":"max-w-page","section_height":40,"layout":"section-dual-tiles--50-50","gap_between_tiles":0.2,"spacing_top_desktop":1,"spacing_bottom_desktop":1,"spacing_top_mobile":1,"spacing_bottom_mobile":1}},"89d2440e-93c3-4f40-a270-aedcaf4e8655":{"type":"tab","blocks":{"template--14744285282381__89d2440e-93c3-4f40-a270-aedcaf4e8655-tab-1":{"type":"tab","settings":{"title":"","m_image":"shopify:\/\/shop_images\/20.heic"}},"0af0b8e5-ced2-460c-afa1-2dd006fdb849":{"type":"tab","settings":{"title":"","m_image":"shopify:\/\/shop_images\/26.heic"}},"f6400cfd-2214-4655-9f70-6a864d494cd5":{"type":"tab","settings":{"title":"","m_image":"shopify:\/\/shop_images\/42.heic"}},"292901ed-7d09-492b-885c-c34d39553c47":{"type":"tab","settings":{"title":"","m_image":"shopify:\/\/shop_images\/39.heic"}},"ebbf60d1-b488-49ef-a9d7-c1ee9cc38e30":{"type":"tab","settings":{"title":"","m_image":"shopify:\/\/shop_images\/9.heic"}},"dc16d9fb-538b-45b5-8cc3-1726c1e00b2b":{"type":"tab","settings":{"title":"","m_image":"shopify:\/\/shop_images\/IMG_2274.heic"}},"3c03b4f9-0f4b-4feb-b79f-6f4ad67a4117":{"type":"tab","settings":{"title":"","m_image":"shopify:\/\/shop_images\/69.heic"}},"68851381-4fca-4cee-8cd5-86d0919c5c26":{"type":"tab","settings":{"title":"","m_image":"shopify:\/\/shop_images\/24.heic"}}},"block_order":["template--14744285282381__89d2440e-93c3-4f40-a270-aedcaf4e8655-tab-1","0af0b8e5-ced2-460c-afa1-2dd006fdb849","f6400cfd-2214-4655-9f70-6a864d494cd5","292901ed-7d09-492b-885c-c34d39553c47","ebbf60d1-b488-49ef-a9d7-c1ee9cc38e30","dc16d9fb-538b-45b5-8cc3-1726c1e00b2b","3c03b4f9-0f4b-4feb-b79f-6f4ad67a4117","68851381-4fca-4cee-8cd5-86d0919c5c26"],"settings":{"full_width":true,"content_size":"medium","subheading":"Subheading","title":"Heading","first_tab_open":false,"background":"","background_gradient":"","text_color":"","heading_color":"","heading_gradient":"","elements_per_row":4}},"c606fcd2-3376-4889-bd59-6eeaffa97f32":{"type":"dual-tiles","blocks":{"ffeb40fe-3d61-42a8-a393-862843e2636e":{"type":"tile","settings":{"color_scheme_text":"text-colors-default","color_scheme_background":"background-colors-accent-1","image_desktop":"shopify:\/\/shop_images\/66.heic","video_desktop_external":"","video_mobile_external":"","content_position_horizontal":"text-center align-center","content_position_vertical":"justify-center","title":"","text_size":1,"button_style":"button--filled","button_text":"","button_url":"","content_layout":"content--relative","block_margin_left":0,"block_margin_right":0,"block_padding_top":0,"block_padding_bottom":0,"block_padding_left":0,"block_padding_right":0}},"3ff90f12-f64c-4023-87f4-e91301c61dba":{"type":"tile","settings":{"color_scheme_text":"text-colors-default","color_scheme_background":"background-colors-accent-2","image_desktop":"shopify:\/\/shop_images\/44.heic","video_desktop_external":"","video_mobile_external":"","content_position_horizontal":"text-center align-center","content_position_vertical":"justify-center","title":"","text_size":1,"button_style":"button--filled","button_text":"","button_url":"\/","content_layout":"content--relative","block_margin_left":0,"block_margin_right":0,"block_padding_top":0,"block_padding_bottom":0,"block_padding_left":0,"block_padding_right":0}}},"block_order":["ffeb40fe-3d61-42a8-a393-862843e2636e","3ff90f12-f64c-4023-87f4-e91301c61dba"],"settings":{"section_width":"max-w-page","section_height":70,"layout":"section-dual-tiles--50-50","gap_between_tiles":0.2,"spacing_top_desktop":1,"spacing_bottom_desktop":1,"spacing_top_mobile":1,"spacing_bottom_mobile":1}},"fd539eb7-d3d1-4bda-959c-77b576b63519":{"type":"tab","blocks":{"ff58a55c-520c-40a2-bb28-4215eb654514":{"type":"tab","settings":{"title":"","m_image":"shopify:\/\/shop_images\/IMG_6673.heic"}},"856b7cc5-c8a8-4ddd-a417-a98ae4748e85":{"type":"tab","settings":{"title":"","m_image":"shopify:\/\/shop_images\/64.heic"}},"aa643841-3449-4000-9084-a019d5e02749":{"type":"tab","settings":{"title":"","m_image":"shopify:\/\/shop_images\/IMG_7226.heic"}},"49f96139-7859-4427-ba13-8412ff4434e4":{"type":"tab","settings":{"title":"","m_image":"shopify:\/\/shop_images\/27.heic"}},"eec99c84-64d1-462c-97bc-e6dacc58fe7c":{"type":"tab","settings":{"title":"","m_image":"shopify:\/\/shop_images\/40.heic"}},"4a300485-b372-4a86-906c-a76660a0279f":{"type":"tab","settings":{"title":"","m_image":"shopify:\/\/shop_images\/32.heic"}},"6a044e67-3fbf-4d3e-a7e4-5a7bfff2b76c":{"type":"tab","settings":{"title":"","m_image":"shopify:\/\/shop_images\/61.heic"}},"23738614-451e-44f0-8ee4-7b94106c2c8a":{"type":"tab","settings":{"title":"","m_image":"shopify:\/\/shop_images\/7.heic"}}},"block_order":["ff58a55c-520c-40a2-bb28-4215eb654514","856b7cc5-c8a8-4ddd-a417-a98ae4748e85","aa643841-3449-4000-9084-a019d5e02749","49f96139-7859-4427-ba13-8412ff4434e4","eec99c84-64d1-462c-97bc-e6dacc58fe7c","4a300485-b372-4a86-906c-a76660a0279f","6a044e67-3fbf-4d3e-a7e4-5a7bfff2b76c","23738614-451e-44f0-8ee4-7b94106c2c8a"],"settings":{"full_width":true,"content_size":"medium","subheading":"Subheading","title":"Heading","first_tab_open":false,"background":"","background_gradient":"","text_color":"","heading_color":"","heading_gradient":"","elements_per_row":4}},"24132e9a-841e-4f81-bbe4-e74ee2e16d00":{"type":"dual-tiles","blocks":{"8856db8c-217f-43aa-9b00-a4a2d933efc2":{"type":"tile","settings":{"color_scheme_text":"text-colors-default","color_scheme_background":"background-colors-accent-1","image_desktop":"shopify:\/\/shop_images\/IMG_6192.heic","video_desktop_external":"","video_mobile_external":"","content_position_horizontal":"text-center align-center","content_position_vertical":"justify-center","title":"","text_size":1,"button_style":"button--filled","button_text":"","button_url":"","content_layout":"content--relative","block_margin_left":0,"block_margin_right":0,"block_padding_top":0,"block_padding_bottom":0,"block_padding_left":0,"block_padding_right":0}},"62b76a4d-1475-4616-a639-8734de41a0f5":{"type":"tile","settings":{"color_scheme_text":"text-colors-default","color_scheme_background":"background-colors-accent-2","image_desktop":"shopify:\/\/shop_images\/10.heic","video_desktop_external":"","video_mobile_external":"","content_position_horizontal":"text-center align-center","content_position_vertical":"justify-center","title":"","text_size":1,"button_style":"button--filled","button_text":"","button_url":"\/","content_layout":"content--relative","block_margin_left":0,"block_margin_right":0,"block_padding_top":0,"block_padding_bottom":0,"block_padding_left":0,"block_padding_right":0}}},"block_order":["8856db8c-217f-43aa-9b00-a4a2d933efc2","62b76a4d-1475-4616-a639-8734de41a0f5"],"settings":{"section_width":"max-w-page","section_height":70,"layout":"section-dual-tiles--50-50","gap_between_tiles":0.2,"spacing_top_desktop":1,"spacing_bottom_desktop":1,"spacing_top_mobile":1,"spacing_bottom_mobile":1}},"a7e8448e-6c77-4eb5-9436-0841ddcd4797":{"type":"tab","blocks":{"e9a1833c-0e82-47d5-beba-5b2607fd9c7e":{"type":"tab","settings":{"title":"","m_image":"shopify:\/\/shop_images\/30.heic"}},"8923b335-e624-4179-b0b1-4f57a297faf2":{"type":"tab","settings":{"title":"","m_image":"shopify:\/\/shop_images\/18.heic"}},"e922739e-4df8-4091-bca2-f7344521eef9":{"type":"tab","settings":{"title":"","m_image":"shopify:\/\/shop_images\/34.heic"}},"94af51e7-f67d-4c12-a397-043cefb46715":{"type":"tab","settings":{"title":"","m_image":"shopify:\/\/shop_images\/72.heic"}},"1cbf469f-b9bd-43c1-b124-d17f75a509ac":{"type":"tab","settings":{"title":"","m_image":"shopify:\/\/shop_images\/62.heic"}},"75b428f3-5dbf-4e12-a798-9538043e355e":{"type":"tab","settings":{"title":"","m_image":"shopify:\/\/shop_images\/32.heic"}},"f0307269-5e3b-4247-a5f5-982a1792353b":{"type":"tab","settings":{"title":"","m_image":"shopify:\/\/shop_images\/IMG_4462.heic"}},"27b4571b-24d8-4da9-b869-dbae5b22b12d":{"type":"tab","settings":{"title":"","m_image":"shopify:\/\/shop_images\/4_f286de16-e3d9-4762-9c5f-d3d4aacb02ef.heic"}}},"block_order":["e9a1833c-0e82-47d5-beba-5b2607fd9c7e","8923b335-e624-4179-b0b1-4f57a297faf2","e922739e-4df8-4091-bca2-f7344521eef9","94af51e7-f67d-4c12-a397-043cefb46715","1cbf469f-b9bd-43c1-b124-d17f75a509ac","75b428f3-5dbf-4e12-a798-9538043e355e","f0307269-5e3b-4247-a5f5-982a1792353b","27b4571b-24d8-4da9-b869-dbae5b22b12d"],"settings":{"full_width":true,"content_size":"medium","subheading":"Subheading","title":"Heading","first_tab_open":false,"background":"","background_gradient":"","text_color":"","heading_color":"","heading_gradient":"","elements_per_row":4}},"b22492ef-2f07-4fb7-b400-546e3277ac2b":{"type":"dual-tiles","blocks":{"7b6808ce-f57e-4fb6-b619-cceb6e9298dd":{"type":"tile","settings":{"color_scheme_text":"text-colors-default","color_scheme_background":"background-colors-accent-1","image_desktop":"shopify:\/\/shop_images\/63.heic","video_desktop_external":"","video_mobile_external":"","content_position_horizontal":"text-center align-center","content_position_vertical":"justify-center","title":"","text_size":1,"button_style":"button--filled","button_text":"","button_url":"","content_layout":"content--relative","block_margin_left":0,"block_margin_right":0,"block_padding_top":0,"block_padding_bottom":0,"block_padding_left":0,"block_padding_right":0}},"0aed40be-a6fb-451b-9505-6c7e6d347973":{"type":"tile","settings":{"color_scheme_text":"text-colors-default","color_scheme_background":"background-colors-accent-2","image_desktop":"shopify:\/\/shop_images\/19.heic","video_desktop_external":"","video_mobile_external":"","content_position_horizontal":"text-center align-center","content_position_vertical":"justify-center","title":"","text_size":1,"button_style":"button--filled","button_text":"","button_url":"\/","content_layout":"content--relative","block_margin_left":0,"block_margin_right":0,"block_padding_top":0,"block_padding_bottom":0,"block_padding_left":0,"block_padding_right":0}}},"block_order":["7b6808ce-f57e-4fb6-b619-cceb6e9298dd","0aed40be-a6fb-451b-9505-6c7e6d347973"],"settings":{"section_width":"max-w-page","section_height":70,"layout":"section-dual-tiles--50-50","gap_between_tiles":0.2,"spacing_top_desktop":1,"spacing_bottom_desktop":1,"spacing_top_mobile":1,"spacing_bottom_mobile":1}},"eea754d2-d28a-4b91-87fe-24721cb49cc3":{"type":"tab","blocks":{"6dcbf0ee-5026-4ac4-91b3-07ea86781b49":{"type":"tab","settings":{"title":"","m_image":"shopify:\/\/shop_images\/46.heic"}},"c64db0fb-2513-400c-a158-f11b6b0ff453":{"type":"tab","settings":{"title":"","m_image":"shopify:\/\/shop_images\/37.heic"}},"2a4d08ee-80b0-4d8d-b703-bf2e3bc773c0":{"type":"tab","settings":{"title":"","m_image":"shopify:\/\/shop_images\/23.heic"}},"6a8d54a8-8693-43c7-b1f8-dd778afd6267":{"type":"tab","settings":{"title":"","m_image":"shopify:\/\/shop_images\/67.heic"}},"7c9c276b-7775-48d1-a0ac-4581ba42b24e":{"type":"tab","settings":{"title":"","m_image":"shopify:\/\/shop_images\/41.heic"}},"f314742f-bb9d-4a96-9620-45fa6ed76b2d":{"type":"tab","settings":{"title":"","m_image":"shopify:\/\/shop_images\/74.heic"}},"f5f28bf3-2854-4021-b9cd-fc4a51fe9bf4":{"type":"tab","settings":{"title":"","m_image":"shopify:\/\/shop_images\/43.heic"}},"3001f585-e002-4b06-84ef-c9a6c9cab9d5":{"type":"tab","settings":{"title":"","m_image":"shopify:\/\/shop_images\/68.heic"}}},"block_order":["6dcbf0ee-5026-4ac4-91b3-07ea86781b49","c64db0fb-2513-400c-a158-f11b6b0ff453","2a4d08ee-80b0-4d8d-b703-bf2e3bc773c0","6a8d54a8-8693-43c7-b1f8-dd778afd6267","7c9c276b-7775-48d1-a0ac-4581ba42b24e","f314742f-bb9d-4a96-9620-45fa6ed76b2d","f5f28bf3-2854-4021-b9cd-fc4a51fe9bf4","3001f585-e002-4b06-84ef-c9a6c9cab9d5"],"settings":{"full_width":true,"content_size":"medium","subheading":"Subheading","title":"Heading","first_tab_open":false,"background":"","background_gradient":"","text_color":"","heading_color":"","heading_gradient":"","elements_per_row":4}},"1dce3780-ba4c-481c-b07e-507a7807f089":{"type":"dual-tiles","blocks":{"2b0ec41a-f8b6-4531-8a17-6da6555e18de":{"type":"tile","settings":{"color_scheme_text":"text-colors-default","color_scheme_background":"background-colors-accent-1","image_desktop":"shopify:\/\/shop_images\/45.heic","video_desktop_external":"","video_mobile_external":"","content_position_horizontal":"text-center align-center","content_position_vertical":"justify-center","title":"","text_size":1,"button_style":"button--filled","button_text":"","button_url":"","content_layout":"content--relative","block_margin_left":0,"block_margin_right":0,"block_padding_top":0,"block_padding_bottom":0,"block_padding_left":0,"block_padding_right":0}},"b67fef73-d4ae-4727-904d-4e18c4c5061b":{"type":"tile","settings":{"color_scheme_text":"text-colors-default","color_scheme_background":"background-colors-accent-2","image_desktop":"shopify:\/\/shop_images\/4_245b07fd-4596-488d-b981-9070eb345f3b.jpg","video_desktop_external":"","video_mobile_external":"","content_position_horizontal":"text-center align-center","content_position_vertical":"justify-center","title":"","text_size":1,"button_style":"button--filled","button_text":"","button_url":"\/","content_layout":"content--relative","block_margin_left":0,"block_margin_right":0,"block_padding_top":0,"block_padding_bottom":0,"block_padding_left":0,"block_padding_right":0}}},"block_order":["2b0ec41a-f8b6-4531-8a17-6da6555e18de","b67fef73-d4ae-4727-904d-4e18c4c5061b"],"settings":{"section_width":"max-w-page","section_height":40,"layout":"section-dual-tiles--50-50","gap_between_tiles":0.2,"spacing_top_desktop":1,"spacing_bottom_desktop":1,"spacing_top_mobile":1,"spacing_bottom_mobile":1}},"3b9869a0-f837-4f79-a1be-64713b2019a3":{"type":"dual-tiles","blocks":{"69925a37-b615-41b0-8294-6ad36d727277":{"type":"tile","settings":{"color_scheme_text":"text-colors-default","color_scheme_background":"background-colors-accent-1","image_desktop":"shopify:\/\/shop_images\/8.heic","video_desktop_external":"","video_mobile_external":"","content_position_horizontal":"text-center align-center","content_position_vertical":"justify-center","title":"","text_size":1,"button_style":"button--filled","button_text":"","button_url":"","content_layout":"content--relative","block_margin_left":0,"block_margin_right":0,"block_padding_top":0,"block_padding_bottom":0,"block_padding_left":0,"block_padding_right":0}},"bf6a895d-3c25-4b9a-ae0c-a3b57cb30f19":{"type":"tile","settings":{"color_scheme_text":"text-colors-default","color_scheme_background":"background-colors-accent-2","image_desktop":"shopify:\/\/shop_images\/35.heic","video_desktop_external":"","video_mobile_external":"","content_position_horizontal":"text-center align-center","content_position_vertical":"justify-center","title":"","text_size":1,"button_style":"button--filled","button_text":"","button_url":"\/","content_layout":"content--relative","block_margin_left":0,"block_margin_right":0,"block_padding_top":0,"block_padding_bottom":0,"block_padding_left":0,"block_padding_right":0}}},"block_order":["69925a37-b615-41b0-8294-6ad36d727277","bf6a895d-3c25-4b9a-ae0c-a3b57cb30f19"],"settings":{"section_width":"max-w-page","section_height":40,"layout":"section-dual-tiles--50-50","gap_between_tiles":0.2,"spacing_top_desktop":1,"spacing_bottom_desktop":1,"spacing_top_mobile":1,"spacing_bottom_mobile":1}},"036da7e0-737a-48a2-a7ac-ffa3cb837759":{"type":"tab","blocks":{"b5e8674d-9b96-43a2-a7b3-56e12661c5f9":{"type":"tab","settings":{"title":"","m_image":"shopify:\/\/shop_images\/21.heic"}},"308ca8b4-921e-4ea5-85ef-8c798ca718a3":{"type":"tab","settings":{"title":"","m_image":"shopify:\/\/shop_images\/47_44260623-1893-4382-968b-01bf413e8b4d.jpg"}},"559943f6-3f04-4343-8197-90063dce2c2a":{"type":"tab","settings":{"title":"","m_image":"shopify:\/\/shop_images\/36.heic"}},"84fe9f24-5147-4419-98a7-eeb9edd18949":{"type":"tab","settings":{"title":"","m_image":"shopify:\/\/shop_images\/YS-FW22-Campaign19_5945c286-f6ac-4069-988c-23ca0e4dc5b6.jpg"}},"b20ae5aa-438a-415e-83bf-95bc558ebf20":{"type":"tab","settings":{"title":"","m_image":"shopify:\/\/shop_images\/9f5ff88e-0e3a-47e0-9269-2ae8c0e9d029.jpg"}},"d74450c1-1e66-433a-b96b-cdbba29efcb0":{"type":"tab","settings":{"title":"","m_image":"shopify:\/\/shop_images\/11.heic"}},"212f257f-20ac-4a30-ace2-6c09a41671be":{"type":"tab","settings":{"title":"","m_image":"shopify:\/\/shop_images\/22_7aea7487-ba0d-4d5e-8458-1cdc8ed7cf2c.jpg"}},"427157e2-aeed-4eaf-9771-fe5340f0f49c":{"type":"tab","settings":{"title":"","m_image":"shopify:\/\/shop_images\/IMG_3862.jpg"}}},"block_order":["b5e8674d-9b96-43a2-a7b3-56e12661c5f9","308ca8b4-921e-4ea5-85ef-8c798ca718a3","559943f6-3f04-4343-8197-90063dce2c2a","84fe9f24-5147-4419-98a7-eeb9edd18949","b20ae5aa-438a-415e-83bf-95bc558ebf20","d74450c1-1e66-433a-b96b-cdbba29efcb0","212f257f-20ac-4a30-ace2-6c09a41671be","427157e2-aeed-4eaf-9771-fe5340f0f49c"],"settings":{"full_width":true,"content_size":"medium","subheading":"Subheading","title":"Heading","first_tab_open":false,"background":"","background_gradient":"","text_color":"","heading_color":"","heading_gradient":"","elements_per_row":4}},"22e23058-3b32-4c73-8a47-cfe504924f2e":{"type":"dual-tiles","blocks":{"4037927f-658a-4d24-af91-53367364c370":{"type":"tile","settings":{"color_scheme_text":"text-colors-default","color_scheme_background":"background-colors-accent-1","image_desktop":"shopify:\/\/shop_images\/6_0985799e-62d0-43b7-9e06-9da453b6166c.jpg","video_desktop_external":"","video_mobile_external":"","content_position_horizontal":"text-center align-center","content_position_vertical":"justify-center","title":"","text_size":1,"button_style":"button--filled","button_text":"","button_url":"","content_layout":"content--relative","block_margin_left":0,"block_margin_right":0,"block_padding_top":0,"block_padding_bottom":0,"block_padding_left":0,"block_padding_right":0}},"f57ccf01-9ed5-4be1-a1b0-cea862f2525f":{"type":"tile","settings":{"color_scheme_text":"text-colors-default","color_scheme_background":"background-colors-accent-2","image_desktop":"shopify:\/\/shop_images\/59.jpg","video_desktop_external":"","video_mobile_external":"","content_position_horizontal":"text-center align-center","content_position_vertical":"justify-center","title":"","text_size":1,"button_style":"button--filled","button_text":"","button_url":"\/","content_layout":"content--relative","block_margin_left":0,"block_margin_right":0,"block_padding_top":0,"block_padding_bottom":0,"block_padding_left":0,"block_padding_right":0}}},"block_order":["4037927f-658a-4d24-af91-53367364c370","f57ccf01-9ed5-4be1-a1b0-cea862f2525f"],"settings":{"section_width":"max-w-page","section_height":70,"layout":"section-dual-tiles--50-50","gap_between_tiles":0.2,"spacing_top_desktop":1,"spacing_bottom_desktop":1,"spacing_top_mobile":1,"spacing_bottom_mobile":1}}},"order":["main","5018353f-686e-4415-b1b3-9f10173f0cdb","3ac1560e-7f2d-4cf7-8132-843f5829ab08","89d2440e-93c3-4f40-a270-aedcaf4e8655","c606fcd2-3376-4889-bd59-6eeaffa97f32","fd539eb7-d3d1-4bda-959c-77b576b63519","24132e9a-841e-4f81-bbe4-e74ee2e16d00","a7e8448e-6c77-4eb5-9436-0841ddcd4797","b22492ef-2f07-4fb7-b400-546e3277ac2b","eea754d2-d28a-4b91-87fe-24721cb49cc3","1dce3780-ba4c-481c-b07e-507a7807f089","3b9869a0-f837-4f79-a1be-64713b2019a3","036da7e0-737a-48a2-a7ac-ffa3cb837759","22e23058-3b32-4c73-8a47-cfe504924f2e"]}