{"sections":{"8d49c509-fe4c-46b2-881d-239a1db61a5f":{"type":"tab-links","blocks":{"de20f37e-f166-43ab-b077-7148ec35a4b9":{"type":"tabs","settings":{"p_heaing":"Values","p_id":"shopify:\/\/pages\/values","isActive":true}},"d5a583ae-4e07-4051-aced-1ae662bcee91":{"type":"tabs","settings":{"p_heaing":"Lines","p_id":"shopify:\/\/pages\/lines","isActive":false}},"5f84d4b5-a9aa-498f-9c6b-f94d5c3ff5dc":{"type":"tabs","settings":{"p_heaing":"Team","p_id":"shopify:\/\/pages\/team","isActive":false}}},"block_order":["de20f37e-f166-43ab-b077-7148ec35a4b9","d5a583ae-4e07-4051-aced-1ae662bcee91","5f84d4b5-a9aa-498f-9c6b-f94d5c3ff5dc"],"settings":{}},"main":{"type":"main-page","disabled":true,"settings":{"show_page_title":true,"breadcrumbs":true,"info_title":"","info_content":"","color_scheme_text":"text-colors-default","color_scheme_background":"background-colors-default"}},"193bd40c-901c-46fc-9ebb-efb56ba7c54c":{"type":"full-bleed-banner","settings":{"full_width_banner_height":50,"spacing_top_desktop":6,"spacing_bottom_desktop":6,"spacing_top_mobile":6,"spacing_bottom_mobile":6,"color_scheme_text":"text-colors-inverse","color_scheme_background":"background-colors-accent-2","video_desktop":"shopify:\/\/files\/videos\/5-3.mp4","video_desktop_external":"","video_mobile_external":"","content_position_horizontal":"justify-center text-center","content_position_vertical":"align-end"}}},"order":["8d49c509-fe4c-46b2-881d-239a1db61a5f","main","193bd40c-901c-46fc-9ebb-efb56ba7c54c"]}