{"sections":{"93dd3061-a461-432b-9acb-cc9dcee7d149":{"type":"tab-links","blocks":{"132daeb7-ab3b-4685-b9b7-5ba19109992f":{"type":"tabs","settings":{"p_heaing":"Values","p_id":"shopify:\/\/pages\/values","isActive":false}},"130702de-e484-45ca-9dfe-5fb3d7e485a3":{"type":"tabs","settings":{"p_heaing":"Lines","p_id":"shopify:\/\/pages\/lines","isActive":true}},"98fc2f74-9f02-4663-9bb8-d11c4a667682":{"type":"tabs","settings":{"p_heaing":"Team","p_id":"shopify:\/\/pages\/team","isActive":false}}},"block_order":["132daeb7-ab3b-4685-b9b7-5ba19109992f","130702de-e484-45ca-9dfe-5fb3d7e485a3","98fc2f74-9f02-4663-9bb8-d11c4a667682"],"settings":{}},"main":{"type":"main-page","disabled":true,"settings":{"show_page_title":true,"breadcrumbs":true,"info_title":"","info_content":"","color_scheme_text":"text-colors-default","color_scheme_background":"background-colors-default"}},"7146b9f2-5e54-466e-bb2a-bd8ce0968728":{"type":"section-multi-video-row","blocks":{"template--14745416466509__7146b9f2-5e54-466e-bb2a-bd8ce0968728-tab-1":{"type":"tab","settings":{"video_url":"shopify:\/\/files\/videos\/1_8445cfa4-9a47-4348-b9d1-974b99908d9f.mp4","title":"Earthline","link_url":"shopify:\/\/collections\/earthline","bodyText":"Sustainable pieces fallowing the circular method to prolong the life of the garment"}},"72648d5b-fd66-4c37-b977-4609050e8c75":{"type":"tab","settings":{"video_url":"shopify:\/\/files\/videos\/2_bdcc2b5a-1e3c-41ea-8c54-a942a69d293d.mp4","title":"Moonline","link_url":"shopify:\/\/collections\/moonline","bodyText":"A curated wardrobe celebrating all hours of the day."}},"22147546-52a7-47d4-8616-3d3086f21033":{"type":"tab","settings":{"video_url":"shopify:\/\/files\/videos\/6_8613b061-07d3-4fed-a132-ac0bb34e26b2.mp4","title":"Sunline","link_url":"shopify:\/\/collections\/sunline","bodyText":"Artisanal pieces translating the intangible through innovative couture techniques."}},"ceab44fa-2fce-44ff-ae7c-a295035ce7b8":{"type":"tab","settings":{"video_url":"shopify:\/\/files\/videos\/3_6dc34c2f-2954-4378-a514-75ab6ba8ac8f.mp4","title":"Groundline","link_url":"shopify:\/\/collections\/groundline","bodyText":"A body of basics carrying the story of the collection, generating conversation through art on canvas."}},"47d8a9f1-fd60-4462-8540-f677258d189a":{"type":"tab","settings":{"video_url":"shopify:\/\/files\/videos\/5_29371bec-7d25-4f0a-9c11-0ed8dee58401.mp4","title":"Waterline","link_url":"shopify:\/\/collections\/waterline","bodyText":"Styling pieces binding the garments for modular fashion."}},"c3af3b5c-24f4-4421-a50c-31b57bb684d7":{"type":"tab","settings":{"video_url":"shopify:\/\/files\/videos\/4_5a95370e-d623-49e5-8b98-e4d61a60e0c7.mp4","title":"Joyline","link_url":"shopify:\/\/collections\/joyline","bodyText":"Limited edition pieces dedicated give back to people that suffer with mental health."}}},"block_order":["template--14745416466509__7146b9f2-5e54-466e-bb2a-bd8ce0968728-tab-1","72648d5b-fd66-4c37-b977-4609050e8c75","22147546-52a7-47d4-8616-3d3086f21033","ceab44fa-2fce-44ff-ae7c-a295035ce7b8","47d8a9f1-fd60-4462-8540-f677258d189a","c3af3b5c-24f4-4421-a50c-31b57bb684d7"],"settings":{"full_width":true,"content_size":"medium","subheading":"","title":"Heading","first_tab_open":false,"background":"","background_gradient":"","text_color":"","heading_color":"","heading_gradient":"","elements_per_row":6}},"af8910ae-692e-41fc-b9c5-cc06b15e38a3":{"type":"image-with-text","blocks":{"template--14745416466509__af8910ae-692e-41fc-b9c5-cc06b15e38a3-text-1":{"type":"text","settings":{"text_align_desktop":"text-center-desktop","text_align_mobile":"text-center","title":"Coming soon...","content":"","button_separator":true,"button_text":"Button label","button_url":"","button_style":"button--outlined"}}},"block_order":["template--14745416466509__af8910ae-692e-41fc-b9c5-cc06b15e38a3-text-1"],"disabled":true,"settings":{"padding_vertical_desktop":"","padding_vertical_mobile":"pt-0-mobile-small","color_scheme_text":"text-colors-default","color_scheme_background":"background-colors-default"}}},"order":["93dd3061-a461-432b-9acb-cc9dcee7d149","main","7146b9f2-5e54-466e-bb2a-bd8ce0968728","af8910ae-692e-41fc-b9c5-cc06b15e38a3"]}