{"sections":{"main":{"type":"hero-alt","blocks":{"7afbc083-9569-43ab-892c-b53616f7bbb7":{"type":"text","settings":{"subtitle":"Summer inspiration","title":"SS 2023 LOOKBOOK","content":"<p>Summer is here and it's time to hit the beach! Make a statement this season with our latest collection of bikinis.<\/p>"}},"3a3cdb7a-6cdf-4afb-8964-e4e108aed256":{"type":"media","settings":{"image":"shopify:\/\/shop_images\/hero-alt.jpg"}}},"block_order":["7afbc083-9569-43ab-892c-b53616f7bbb7","3a3cdb7a-6cdf-4afb-8964-e4e108aed256"],"settings":{"padding_vertical_desktop":"","padding_vertical_mobile":"","color_scheme_text":"text-colors-default","color_scheme_background":"background-colors-accent-2"}},"68e065c9-4642-4538-928b-c7ee4b7f8bc7":{"type":"spacing","settings":{"color_scheme_background":"background-colors-default","spacing_desktop":64,"spacing_mobile":0}},"1ed9272b-7d8d-4b87-83a8-82d276021ca1":{"type":"seo-content","settings":{"padding_vertical_desktop":"pt-0-desktop pb-0-desktop","padding_vertical_mobile":"pt-0-mobile pb-0-mobile","color_scheme_text":"text-colors-default","color_scheme_background":"background-colors-default","text_size":1,"title":"Explore the season","content":"<p>Our bikinis combine glamour and sustainability, giving you a look that will turn heads. With our luxuriously soft and sustainable fabrics, you can feel confident that you’re making an ethical choice while looking your best. Whether you’re hitting the beach or lounging by the pool, our bikinis are sure to make you feel your most confident and stylish self.<\/p>"}},"1fcf0910-4779-4642-8efe-51505101a13d":{"type":"spacing","settings":{"color_scheme_background":"background-colors-default","spacing_desktop":64,"spacing_mobile":0}},"6605bd81-e720-4dad-b72a-3aa177f1be20":{"type":"media-with-media","blocks":{"template--17099102323003__6605bd81-e720-4dad-b72a-3aa177f1be20-1669971339ea9f3973-0":{"type":"media","settings":{"color_scheme_text":"text-colors-inverse","color_scheme_background":"background-colors-default","image":"shopify:\/\/shop_images\/media-with-media-1.jpg","content_position_horizontal":"justify-start text-left","content_position_vertical":"align-end","title":"Rusty Diamond \nTriangle Range","button_text":"Explore","button_url":"shopify:\/\/collections\/new-in"}},"template--17099102323003__6605bd81-e720-4dad-b72a-3aa177f1be20-1669971339ea9f3973-1":{"type":"media","settings":{"color_scheme_text":"text-colors-inverse","color_scheme_background":"background-colors-default","image":"shopify:\/\/shop_images\/FAE_Hotel_Sages_-794-min.jpg","content_position_horizontal":"justify-start text-left","content_position_vertical":"align-end","title":"","button_text":"","button_url":""}}},"block_order":["template--17099102323003__6605bd81-e720-4dad-b72a-3aa177f1be20-1669971339ea9f3973-0","template--17099102323003__6605bd81-e720-4dad-b72a-3aa177f1be20-1669971339ea9f3973-1"],"settings":{"padding_vertical_desktop":"pt-0-desktop","padding_vertical_mobile":"pt-0-mobile","color_scheme_text":"text-colors-default","color_scheme_background":"background-colors-default"}},"75990bb0-e79c-4e66-adba-0f89050f1273":{"type":"spacing","settings":{"color_scheme_background":"background-colors-default","spacing_desktop":64,"spacing_mobile":0}},"9bc8269b-b57d-430f-b1f5-4c5a59b4fc49":{"type":"full-bleed-banner","blocks":{"749f12e6-ef5f-41a4-b45c-3a11058f5c83":{"type":"title","settings":{"title":"A taste of summer season"}},"6db22776-9301-4b71-a454-98aa5e8c499b":{"type":"buttons","settings":{"first_button_text":"Explore","first_button_url":"shopify:\/\/collections\/bali-dreams","second_button_text":"","second_button_url":""}}},"block_order":["749f12e6-ef5f-41a4-b45c-3a11058f5c83","6db22776-9301-4b71-a454-98aa5e8c499b"],"settings":{"full_width_banner_height":50,"color_scheme_text":"text-colors-inverse","color_scheme_background":"background-colors-accent-2","image_desktop":"shopify:\/\/shop_images\/FAE_Hotel_Sages_-307_2_-min.jpg","video_desktop_external":"","video_mobile_external":"","content_position_horizontal":"justify-center text-center","content_position_vertical":"align-end"}},"af51eb6c-4d49-435a-a72d-0aee7be6366e":{"type":"spacing","settings":{"color_scheme_background":"background-colors-default","spacing_desktop":64,"spacing_mobile":0}},"7c15d814-96d7-49fa-b2df-edc7237b6e7b":{"type":"shop-the-look","blocks":{"9d91b98c-cf0b-4507-8e91-3ba1866fb917":{"type":"slide","settings":{"product":"kendall-top-verde","dot_position_horizontal":61,"dot_position_vertical":44}},"bc8defd1-7763-4739-896a-028f06646e0c":{"type":"slide","settings":{"product":"vada-bottoms-verde","dot_position_horizontal":44,"dot_position_vertical":72}}},"block_order":["9d91b98c-cf0b-4507-8e91-3ba1866fb917","bc8defd1-7763-4739-896a-028f06646e0c"],"settings":{"padding_vertical_desktop":"pb-0-desktop","padding_vertical_mobile":"pb-0-mobile","color_scheme_text":"text-colors-default","color_scheme_background":"background-colors-default","reverse_positions":false,"title":"Beach day essentials","image_desktop":"shopify:\/\/shop_images\/FAE_Hotel_Sages_-834_2_-min.jpg"}},"9e8ef4b9-1ef2-44f7-8fde-14c2372ab886":{"type":"spacing","settings":{"color_scheme_background":"background-colors-default","spacing_desktop":64,"spacing_mobile":0}},"e478feef-558b-4d2f-9d01-00ff0e2654c5":{"type":"featured-products","settings":{"padding_vertical_desktop":"","padding_vertical_mobile":"","layout":"layout-1","gap_between_desktop":2,"gap_between_mobile":2,"color_scheme_text":"text-colors-default","color_scheme_background":"background-colors-default","title":"SS 2023","button_text":"view all","button_url":"shopify:\/\/collections\/new-in","button_style":"button--filled"}},"47e353e2-ed40-4932-b4ce-d74ac18a729e":{"type":"spacing","settings":{"color_scheme_background":"background-colors-default","spacing_desktop":64,"spacing_mobile":0}},"1296f85e-ec36-4aaa-99cb-f54a54020465":{"type":"media-with-media","blocks":{"template--17099102323003__1296f85e-ec36-4aaa-99cb-f54a54020465-167025459450e8f788-0":{"type":"media","settings":{"color_scheme_text":"text-colors-inverse","color_scheme_background":"background-colors-default","image":"shopify:\/\/shop_images\/media-with-media-1_e9c00517-51a0-4ed3-bfa5-4cacb97a812c.jpg","content_position_horizontal":"justify-start text-left","content_position_vertical":"align-end","title":"","button_text":"","button_url":""}},"template--17099102323003__1296f85e-ec36-4aaa-99cb-f54a54020465-167025459450e8f788-1":{"type":"media","settings":{"color_scheme_text":"text-colors-inverse","color_scheme_background":"background-colors-default","image":"shopify:\/\/shop_images\/media-with-media-2_bb963d6d-478f-4fce-b385-110473b7860e.jpg","content_position_horizontal":"justify-start text-left","content_position_vertical":"align-start","title":"mirage in the mediterranean","button_text":"Explore","button_url":"shopify:\/\/collections\/bottoms"}}},"block_order":["template--17099102323003__1296f85e-ec36-4aaa-99cb-f54a54020465-167025459450e8f788-0","template--17099102323003__1296f85e-ec36-4aaa-99cb-f54a54020465-167025459450e8f788-1"],"settings":{"padding_vertical_desktop":"pt-0-desktop pb-0-desktop","padding_vertical_mobile":"pt-0-mobile pb-0-mobile","color_scheme_text":"text-colors-default","color_scheme_background":"background-colors-default"}},"771679f1-b240-4ecf-b405-28c14bd1ffb0":{"type":"spacing","settings":{"color_scheme_background":"background-colors-default","spacing_desktop":64,"spacing_mobile":0}},"75d39dee-50ea-4269-af68-3282901b5ff4":{"type":"featured-products","disabled":true,"settings":{"padding_vertical_desktop":"","padding_vertical_mobile":"","layout":"layout-1","gap_between_desktop":2,"gap_between_mobile":2,"color_scheme_text":"text-colors-default","color_scheme_background":"background-colors-default","title":"SS 2022","button_text":"view all","button_url":"\/","button_style":"button--filled"}},"587ebcd7-3a24-4d75-be29-b72dee86d632":{"type":"featured-collections","blocks":{"a7080391-91b5-4a36-9cf8-ecb2068ce751":{"type":"collection-slide","settings":{"color_scheme_text":"text-colors-inverse","collection":"new-in","image":"shopify:\/\/shop_images\/FAE_Hotel_Sages_-63_1_-min.jpg","title":""}},"6bfea618-bfb2-499e-b567-96722391020f":{"type":"collection-slide","settings":{"color_scheme_text":"text-colors-inverse","collection":"tops","image":"shopify:\/\/shop_images\/FAE_Hotel_Sages_-114_1_-min.jpg","title":""}},"e86ba6d4-ffb1-4cb0-8c84-11b363b34f71":{"type":"collection-slide","settings":{"color_scheme_text":"text-colors-inverse","collection":"bottoms","image":"shopify:\/\/shop_images\/FAE_Hotel_Sages_-116_2_-min.jpg","title":""}},"8748126b-d4a6-43a8-83a2-52063971dcbc":{"type":"collection-slide","settings":{"color_scheme_text":"text-colors-inverse","collection":"one-pieces","image":"shopify:\/\/shop_images\/FAE_-21.jpg","title":""}},"39a2f5e3-8c70-474a-889e-134d672a1a42":{"type":"collection-slide","settings":{"color_scheme_text":"text-colors-inverse","collection":"cover-ups","image":"shopify:\/\/shop_images\/FAE_-26-min_1235a128-bd45-45ef-9750-8648473eeb2f.jpg","title":""}}},"block_order":["a7080391-91b5-4a36-9cf8-ecb2068ce751","6bfea618-bfb2-499e-b567-96722391020f","e86ba6d4-ffb1-4cb0-8c84-11b363b34f71","8748126b-d4a6-43a8-83a2-52063971dcbc","39a2f5e3-8c70-474a-889e-134d672a1a42"],"settings":{"padding_vertical_desktop":"","padding_vertical_mobile":"","layout":"layout-1","gap_between_desktop":2,"gap_between_mobile":2,"color_scheme_text":"text-colors-default","color_scheme_background":"background-colors-default","title":"Our collections","button_style":"button--filled","button_text":"","button_url":""}},"b1802faf-421c-47b6-87d1-cb31cd4972fe":{"type":"trust-indicators","blocks":{"template--17099102323003__b1802faf-421c-47b6-87d1-cb31cd4972fe-167025562930bf2efa-0":{"type":"indicator","settings":{"color_scheme_text":"text-colors-default","color_scheme_background":"background-colors-default","title":"Fast and Secure Global Shipping","link_title":"Learn more","link_url":"\/"}},"template--17099102323003__b1802faf-421c-47b6-87d1-cb31cd4972fe-167025562930bf2efa-1":{"type":"indicator","settings":{"color_scheme_text":"text-colors-default","color_scheme_background":"background-colors-default","title":"30 Days return policy","link_title":"Learn more","link_url":"\/"}},"template--17099102323003__b1802faf-421c-47b6-87d1-cb31cd4972fe-167025562930bf2efa-2":{"type":"indicator","settings":{"color_scheme_text":"text-colors-default","color_scheme_background":"background-colors-default","title":"100% Secure payments","link_title":"Learn more","link_url":"\/"}}},"block_order":["template--17099102323003__b1802faf-421c-47b6-87d1-cb31cd4972fe-167025562930bf2efa-0","template--17099102323003__b1802faf-421c-47b6-87d1-cb31cd4972fe-167025562930bf2efa-1","template--17099102323003__b1802faf-421c-47b6-87d1-cb31cd4972fe-167025562930bf2efa-2"],"settings":{"slider_mobile":true,"layout":"layout-1","padding_vertical_desktop":"","padding_vertical_mobile":""}}},"order":["main","68e065c9-4642-4538-928b-c7ee4b7f8bc7","1ed9272b-7d8d-4b87-83a8-82d276021ca1","1fcf0910-4779-4642-8efe-51505101a13d","6605bd81-e720-4dad-b72a-3aa177f1be20","75990bb0-e79c-4e66-adba-0f89050f1273","9bc8269b-b57d-430f-b1f5-4c5a59b4fc49","af51eb6c-4d49-435a-a72d-0aee7be6366e","7c15d814-96d7-49fa-b2df-edc7237b6e7b","9e8ef4b9-1ef2-44f7-8fde-14c2372ab886","e478feef-558b-4d2f-9d01-00ff0e2654c5","47e353e2-ed40-4932-b4ce-d74ac18a729e","1296f85e-ec36-4aaa-99cb-f54a54020465","771679f1-b240-4ecf-b405-28c14bd1ffb0","75d39dee-50ea-4269-af68-3282901b5ff4","587ebcd7-3a24-4d75-be29-b72dee86d632","b1802faf-421c-47b6-87d1-cb31cd4972fe"]}