{"sections":{"18719b5d-be16-4c04-8f59-ea805476c80c":{"type":"image-with-text","blocks":{"template--14740435763277__18719b5d-be16-4c04-8f59-ea805476c80c-media-1":{"type":"media","disabled":true,"settings":{}},"template--14740435763277__18719b5d-be16-4c04-8f59-ea805476c80c-text-1":{"type":"text","settings":{"text_align_desktop":"text-center-desktop","text_align_mobile":"text-center","title":"Core","content":"<p><a href=\"\/pages\/values\" title=\"Values\"><strong>Values<\/strong><\/a><strong>              <\/strong><\/p><p><strong>  <\/strong><a href=\"\/pages\/lines\" title=\"Lines\"><strong>Lines  <\/strong><\/a><strong>        <\/strong><\/p><p><strong> <\/strong><a href=\"\/pages\/team\" title=\"Team\"><strong>Team <\/strong><\/a><strong>        <\/strong><\/p><p><\/p><p><\/p>","button_separator":true,"button_text":"hello","button_url":"","button_style":"button--filled"}}},"block_order":["template--14740435763277__18719b5d-be16-4c04-8f59-ea805476c80c-media-1","template--14740435763277__18719b5d-be16-4c04-8f59-ea805476c80c-text-1"],"settings":{"padding_vertical_desktop":"","padding_vertical_mobile":"pt-0-mobile-small","color_scheme_text":"text-colors-default","color_scheme_background":"background-colors-default"}},"main":{"type":"main-page","disabled":true,"settings":{"show_page_title":true,"breadcrumbs":true,"info_title":"","info_content":"","color_scheme_text":"text-colors-default","color_scheme_background":"background-colors-default"}},"b7a313de-cab0-4760-b444-ac747af629b9":{"type":"testimonials","blocks":{"template--14740435763277__b7a313de-cab0-4760-b444-ac747af629b9-testimonial-1":{"type":"testimonial","settings":{"image":"shopify:\/\/shop_images\/000047800015.jpg","quote":"<p>“I absolutely love the quality of my Leo Bikini Bottoms.”<\/p>","author":"Jane Doe, 2022","link_title":"Buy Leo Bikini Bottoms","link_url":"\/"}},"template--14740435763277__b7a313de-cab0-4760-b444-ac747af629b9-testimonial-2":{"type":"testimonial","settings":{"quote":"<p>“I absolutely love the quality of my Leo Bikini Bottoms.”<\/p>","author":"Jane Doe, 2022","link_title":"Buy Leo Bikini Bottoms","link_url":"\/"}}},"block_order":["template--14740435763277__b7a313de-cab0-4760-b444-ac747af629b9-testimonial-1","template--14740435763277__b7a313de-cab0-4760-b444-ac747af629b9-testimonial-2"],"settings":{"padding_vertical_desktop":"","padding_vertical_mobile":"","color_scheme_text":"text-colors-default","color_scheme_background":"background-colors-accent-1","layout":"image-right","gap_between_desktop":2,"gap_between_mobile":2,"title":"From the people"}}},"order":["18719b5d-be16-4c04-8f59-ea805476c80c","main","b7a313de-cab0-4760-b444-ac747af629b9"]}