{"sections":{"main":{"type":"main-page","disabled":true,"settings":{"show_page_title":true,"breadcrumbs":true,"info_title":"","info_content":"","color_scheme_text":"text-colors-default","color_scheme_background":"background-colors-default"}},"43195b53-74c7-4fb5-80d6-5884b01f08a7":{"type":"image-with-text","blocks":{"template--14741991227469__43195b53-74c7-4fb5-80d6-5884b01f08a7-media-1":{"type":"media","settings":{"image_desktop":"shopify:\/\/shop_images\/000061520017.jpg"}},"template--14741991227469__43195b53-74c7-4fb5-80d6-5884b01f08a7-text-1":{"type":"text","settings":{"text_align_desktop":"text-center-desktop","text_align_mobile":"text-center","title":"FLOWERS IN THE FOUNTAIN CAMPAIGN","content":"<p>Yassmin Saleh is thrilled to<br\/>unveil its latest campaign, a captivating short series that breaks traditional<br\/>norms. Titled “Flowers In The Foutain” the series introduces a diverse cast of<br\/>women from one family, representing the vibrant tapestry of our society. <\/p><p><\/p>","button_separator":true,"button_text":"Button label","button_url":"","button_style":"button--outlined"}}},"block_order":["template--14741991227469__43195b53-74c7-4fb5-80d6-5884b01f08a7-media-1","template--14741991227469__43195b53-74c7-4fb5-80d6-5884b01f08a7-text-1"],"settings":{"padding_vertical_desktop":"","padding_vertical_mobile":"pt-0-mobile-small","color_scheme_text":"text-colors-default","color_scheme_background":"background-colors-default"}},"9e6e96ac-ac17-4682-8117-7eef1d7ddfc5":{"type":"dual-tiles","blocks":{"template--14741991227469__9e6e96ac-ac17-4682-8117-7eef1d7ddfc5-tile-1":{"type":"tile","settings":{"color_scheme_text":"text-colors-default","color_scheme_background":"background-colors-default","image_desktop":"shopify:\/\/shop_images\/000061520008.jpg","video_desktop_external":"","video_mobile_external":"","content_position_horizontal":"text-center align-center","content_position_vertical":"justify-center","title":"","text_size":1,"button_style":"button--filled","button_text":"","button_url":"","content_layout":"content--relative","block_margin_left":0,"block_margin_right":0,"block_padding_top":0,"block_padding_bottom":0,"block_padding_left":0,"block_padding_right":0}},"template--14741991227469__9e6e96ac-ac17-4682-8117-7eef1d7ddfc5-tile-2":{"type":"tile","settings":{"color_scheme_text":"text-colors-default","color_scheme_background":"background-colors-accent-2","image_desktop":"shopify:\/\/shop_images\/000061520024.jpg","video_desktop_external":"","video_mobile_external":"","content_position_horizontal":"text-center align-center","content_position_vertical":"justify-center","title":"","text_size":1,"button_style":"button--filled","button_text":"","button_url":"\/","content_layout":"content--relative","block_margin_left":0,"block_margin_right":0,"block_padding_top":0,"block_padding_bottom":0,"block_padding_left":0,"block_padding_right":0}}},"block_order":["template--14741991227469__9e6e96ac-ac17-4682-8117-7eef1d7ddfc5-tile-1","template--14741991227469__9e6e96ac-ac17-4682-8117-7eef1d7ddfc5-tile-2"],"settings":{"section_width":"max-w-page","section_height":65,"layout":"section-dual-tiles--30-70","gap_between_tiles":0,"spacing_top_desktop":0,"spacing_bottom_desktop":0,"spacing_top_mobile":0,"spacing_bottom_mobile":0}},"fd2e57e3-761a-4922-b74f-ccbba8ae2f73":{"type":"trust-indicators","blocks":{"template--14745416433741__fd2e57e3-761a-4922-b74f-ccbba8ae2f73-indicator-1":{"type":"indicator","settings":{"color_scheme_text":"text-colors-default","color_scheme_background":"background-colors-default","title":"Inspired by bold archetypes from Lebanse sciety, each portrait is a cele-bration ofcomplexity and vulnerability as it turns into power, and feeds into the union betweenwomen.","link_title":"","link_url":"\/"}}},"block_order":["template--14745416433741__fd2e57e3-761a-4922-b74f-ccbba8ae2f73-indicator-1"],"settings":{"slider_mobile":true,"layout":"layout-1","padding_vertical_desktop":"","padding_vertical_mobile":""}},"19d34d0c-08dc-4b30-9811-d0bfb4fb0025":{"type":"dual-tiles","blocks":{"54f81d5f-7ca5-4f4f-94aa-183249aaba72":{"type":"tile","settings":{"color_scheme_text":"text-colors-default","color_scheme_background":"background-colors-default","image_desktop":"shopify:\/\/shop_images\/000061520019.jpg","video_desktop_external":"","video_mobile_external":"","content_position_horizontal":"text-center align-center","content_position_vertical":"justify-center","title":"","text_size":1,"button_style":"button--filled","button_text":"","button_url":"","content_layout":"content--relative","block_margin_left":0,"block_margin_right":0,"block_padding_top":1.6,"block_padding_bottom":1.6,"block_padding_left":1.6,"block_padding_right":1.6}},"aca2e287-4fb7-4b67-8f9a-ddfae56c38e0":{"type":"tile","settings":{"color_scheme_text":"text-colors-default","color_scheme_background":"background-colors-accent-2","image_desktop":"shopify:\/\/shop_images\/000061520007.jpg","video_desktop_external":"","video_mobile_external":"","content_position_horizontal":"text-center align-center","content_position_vertical":"justify-center","title":"","text_size":1,"button_style":"button--filled","button_text":"","button_url":"\/","content_layout":"content--relative","block_margin_left":0,"block_margin_right":0,"block_padding_top":1.6,"block_padding_bottom":1.6,"block_padding_left":1.6,"block_padding_right":1.6}}},"block_order":["54f81d5f-7ca5-4f4f-94aa-183249aaba72","aca2e287-4fb7-4b67-8f9a-ddfae56c38e0"],"settings":{"section_width":"max-w-page","section_height":50,"layout":"section-dual-tiles--70-30","gap_between_tiles":0,"spacing_top_desktop":0,"spacing_bottom_desktop":0,"spacing_top_mobile":0,"spacing_bottom_mobile":0}},"75380e8f-7e85-40d9-bdf3-282f6bf89435":{"type":"trust-indicators","blocks":{"a920ca63-c15f-4815-be63-a63e7bca22d8":{"type":"indicator","settings":{"color_scheme_text":"text-colors-default","color_scheme_background":"background-colors-default","title":"By blending fashion, family, and conversations, the series aims to spark understanding,empathy, and unity among viewers. Through storytelling, we celebrate diversity andaddress important topics with humor. Our goalis to inspire conversations and bringpeople closer together.","link_title":"","link_url":"\/"}}},"block_order":["a920ca63-c15f-4815-be63-a63e7bca22d8"],"settings":{"slider_mobile":true,"layout":"layout-1","padding_vertical_desktop":"","padding_vertical_mobile":""}},"37fcc4d5-3857-41d5-af3b-d13d63fe1cad":{"type":"tab","blocks":{"template--14744285020237__37fcc4d5-3857-41d5-af3b-d13d63fe1cad-tab-1":{"type":"tab","settings":{"title":"","m_image":"shopify:\/\/shop_images\/000061520015.jpg"}},"67bb0e40-367e-4fd4-a273-231a1c2562e5":{"type":"tab","settings":{"title":"","m_image":"shopify:\/\/shop_images\/000061520014.jpg"}},"153fb063-d786-4436-852f-682dfca8c8ef":{"type":"tab","settings":{"title":"","m_image":"shopify:\/\/shop_images\/000061520010.jpg"}},"b1e44b71-2bba-43a9-9e1d-807f60857cdf":{"type":"tab","settings":{"title":"","m_image":"shopify:\/\/shop_images\/000061520020.jpg"}},"ce1b368b-7ca7-412a-a4eb-7683598cfe05":{"type":"tab","settings":{"title":"","m_image":"shopify:\/\/shop_images\/000061520009.jpg"}},"30fc4b76-e110-4ba8-a0f8-61106a33071d":{"type":"tab","settings":{"title":"","m_image":"shopify:\/\/shop_images\/000061520018.jpg"}},"d3627cb4-d6f9-4244-9336-28c5a9bee332":{"type":"tab","settings":{"title":"","m_image":"shopify:\/\/shop_images\/000061520001.jpg"}},"3b1a2b0d-d6ae-42b7-b50e-36bc62680dbb":{"type":"tab","settings":{"title":"","m_image":"shopify:\/\/shop_images\/000061520016.jpg"}}},"block_order":["template--14744285020237__37fcc4d5-3857-41d5-af3b-d13d63fe1cad-tab-1","67bb0e40-367e-4fd4-a273-231a1c2562e5","153fb063-d786-4436-852f-682dfca8c8ef","b1e44b71-2bba-43a9-9e1d-807f60857cdf","ce1b368b-7ca7-412a-a4eb-7683598cfe05","30fc4b76-e110-4ba8-a0f8-61106a33071d","d3627cb4-d6f9-4244-9336-28c5a9bee332","3b1a2b0d-d6ae-42b7-b50e-36bc62680dbb"],"settings":{"full_width":true,"content_size":"medium","subheading":"Subheading","title":"Heading","first_tab_open":false,"background":"","background_gradient":"","text_color":"","heading_color":"","heading_gradient":"","elements_per_row":4}},"c8e7303e-7ddb-4739-a8b2-b90466524db9":{"type":"trust-indicators","blocks":{"d95cc391-48c0-4166-a8ca-636c274ce4c9":{"type":"indicator","settings":{"color_scheme_text":"text-colors-default","color_scheme_background":"background-colors-default","title":"The short series, captured through the lens of director Ramzi Hibri launched on Sunday9th of Julyexclusively on Yassmin Saleh’s social media channels","link_title":"","link_url":"\/"}},"a813953d-df04-4549-8f2a-ee08a4e96bf9":{"type":"indicator","settings":{"color_scheme_text":"text-colors-default","color_scheme_background":"background-colors-default","title":"Join the conversation and embrace the unique stories of these remarkable women.","link_title":"","link_url":"\/"}}},"block_order":["d95cc391-48c0-4166-a8ca-636c274ce4c9","a813953d-df04-4549-8f2a-ee08a4e96bf9"],"settings":{"slider_mobile":true,"layout":"layout-1","padding_vertical_desktop":"","padding_vertical_mobile":""}}},"order":["main","43195b53-74c7-4fb5-80d6-5884b01f08a7","9e6e96ac-ac17-4682-8117-7eef1d7ddfc5","fd2e57e3-761a-4922-b74f-ccbba8ae2f73","19d34d0c-08dc-4b30-9811-d0bfb4fb0025","75380e8f-7e85-40d9-bdf3-282f6bf89435","37fcc4d5-3857-41d5-af3b-d13d63fe1cad","c8e7303e-7ddb-4739-a8b2-b90466524db9"]}