{"sections":{"18719b5d-be16-4c04-8f59-ea805476c80c":{"type":"image-with-text","blocks":{"template--14740435763277__18719b5d-be16-4c04-8f59-ea805476c80c-media-1":{"type":"media","disabled":true,"settings":{}},"template--14740435763277__18719b5d-be16-4c04-8f59-ea805476c80c-text-1":{"type":"text","settings":{"text_align_desktop":"text-center-desktop","text_align_mobile":"text-center","title":"","content":"<h3>BEHIND THE PERU GOWN<\/h3>","button_separator":true,"button_text":"","button_url":"","button_style":"button--filled"}}},"block_order":["template--14740435763277__18719b5d-be16-4c04-8f59-ea805476c80c-media-1","template--14740435763277__18719b5d-be16-4c04-8f59-ea805476c80c-text-1"],"settings":{"padding_vertical_desktop":"","padding_vertical_mobile":"pt-0-mobile-small pb-0-mobile-small","color_scheme_text":"text-colors-default","color_scheme_background":"background-colors-default"}},"main":{"type":"main-page","disabled":true,"settings":{"show_page_title":true,"breadcrumbs":true,"info_title":"","info_content":"","color_scheme_text":"text-colors-default","color_scheme_background":"background-colors-default"}},"d89fa290-ca68-434c-8c7a-d20dda8ec674":{"type":"dual-tiles","blocks":{"template--14744943788109__d89fa290-ca68-434c-8c7a-d20dda8ec674-tile-1":{"type":"tile","settings":{"color_scheme_text":"text-colors-default","color_scheme_background":"background-colors-accent-1","video_desktop":"shopify:\/\/files\/videos\/ROTATEVIDEO2.MOV","video_desktop_external":"","video_mobile_external":"","content_position_horizontal":"text-center align-center","content_position_vertical":"justify-center","title":"","text_size":1,"button_style":"button--filled","button_text":"","button_url":"","content_layout":"content--relative","block_margin_left":0,"block_margin_right":0,"block_padding_top":0,"block_padding_bottom":0,"block_padding_left":0,"block_padding_right":0}},"template--14744943788109__d89fa290-ca68-434c-8c7a-d20dda8ec674-tile-2":{"type":"tile","settings":{"color_scheme_text":"text-colors-default","color_scheme_background":"background-colors-accent-2","video_desktop":"shopify:\/\/files\/videos\/RotateVideo0.MOV","video_desktop_external":"","video_mobile_external":"","content_position_horizontal":"text-center align-center","content_position_vertical":"justify-center","title":"","text_size":1,"button_style":"button--filled","button_text":"","button_url":"\/","content_layout":"content--relative","block_margin_left":0,"block_margin_right":0,"block_padding_top":0,"block_padding_bottom":0,"block_padding_left":0,"block_padding_right":0}}},"block_order":["template--14744943788109__d89fa290-ca68-434c-8c7a-d20dda8ec674-tile-1","template--14744943788109__d89fa290-ca68-434c-8c7a-d20dda8ec674-tile-2"],"settings":{"section_width":"max-w-page","section_height":70,"layout":"section-dual-tiles--50-50","gap_between_tiles":0.2,"spacing_top_desktop":1,"spacing_bottom_desktop":1,"spacing_top_mobile":1,"spacing_bottom_mobile":1}},"f6c33fe8-6e39-4946-97f6-6649455f80b7":{"type":"trust-indicators","blocks":{"template--14744943788109__f6c33fe8-6e39-4946-97f6-6649455f80b7-indicator-1":{"type":"indicator","settings":{"color_scheme_text":"text-colors-default","color_scheme_background":"background-colors-default","title":"The best part releasing a collection is showing youthe thought process and craftsmanship behind each piece.I wanted to create a piece that binds classical techniquesalong with bold and contrasting colors and shapes.","link_title":"","link_url":"\/"}}},"block_order":["template--14744943788109__f6c33fe8-6e39-4946-97f6-6649455f80b7-indicator-1"],"settings":{"slider_mobile":true,"layout":"layout-1","padding_vertical_desktop":"pt-0-desktop pb-0-desktop","padding_vertical_mobile":"pt-0-mobile pb-0-mobile"}},"6e53678a-3cdd-4f6e-9e77-352d62a9f307":{"type":"tab","blocks":{"template--14744943788109__6e53678a-3cdd-4f6e-9e77-352d62a9f307-tab-1":{"type":"tab","settings":{"title":"","m_image":"shopify:\/\/shop_images\/5.heic"}},"3f9a664f-fb56-44be-acce-13612420defe":{"type":"tab","settings":{"title":"","m_image":"shopify:\/\/shop_images\/FINAL.heic"}},"466f6a84-7e38-41c8-a000-83a38f3530cc":{"type":"tab","settings":{"title":"","m_image":"shopify:\/\/shop_images\/1.heic"}},"06b0ae86-025c-4463-86cb-4cf19297e982":{"type":"tab","settings":{"title":"","m_image":"shopify:\/\/shop_images\/4.heic"}}},"block_order":["template--14744943788109__6e53678a-3cdd-4f6e-9e77-352d62a9f307-tab-1","3f9a664f-fb56-44be-acce-13612420defe","466f6a84-7e38-41c8-a000-83a38f3530cc","06b0ae86-025c-4463-86cb-4cf19297e982"],"settings":{"full_width":true,"content_size":"medium","subheading":"Subheading","title":"Heading","first_tab_open":false,"background":"","background_gradient":"","text_color":"","heading_color":"","heading_gradient":"","elements_per_row":4}},"ebbd0a79-18fc-4bcb-93a1-b4c551d344be":{"type":"trust-indicators","blocks":{"c74d4f10-724c-47eb-ae4d-9cd7f30c4546":{"type":"indicator","settings":{"color_scheme_text":"text-colors-default","color_scheme_background":"background-colors-default","title":"The Mountain Gown embodies the summit of allemotions combined, that adrenaline rush after the highs and the lows, thatperfect moment where everything feels right.Inspired by the Winikunka mountain of Peru, and the colorsof the beautifully flying fishing net, the 27 shades of tulle are selected andready for sampling.","link_title":"","link_url":"\/"}}},"block_order":["c74d4f10-724c-47eb-ae4d-9cd7f30c4546"],"settings":{"slider_mobile":true,"layout":"layout-1","padding_vertical_desktop":"pt-0-desktop pb-0-desktop","padding_vertical_mobile":"pt-0-mobile pb-0-mobile"}},"0299b58c-e98e-4657-b11a-cdded2696f17":{"type":"dual-tiles","blocks":{"c24829e8-70b6-4151-9afb-959e1e894cf1":{"type":"tile","settings":{"color_scheme_text":"text-colors-default","color_scheme_background":"background-colors-accent-1","video_desktop":"shopify:\/\/files\/videos\/ROTATEVIDEO.MOV","video_desktop_external":"","video_mobile_external":"","content_position_horizontal":"text-center align-center","content_position_vertical":"justify-center","title":"","text_size":1,"button_style":"button--filled","button_text":"","button_url":"","content_layout":"content--relative","block_margin_left":0,"block_margin_right":0,"block_padding_top":0,"block_padding_bottom":0,"block_padding_left":0,"block_padding_right":0}},"4fd811d7-6e17-4e79-b11e-89fc259725ce":{"type":"tile","settings":{"color_scheme_text":"text-colors-default","color_scheme_background":"background-colors-accent-2","video_desktop":"shopify:\/\/files\/videos\/Rotatevideo3.MOV","video_desktop_external":"","video_mobile_external":"","content_position_horizontal":"text-center align-center","content_position_vertical":"justify-center","title":"","text_size":1,"button_style":"button--filled","button_text":"","button_url":"\/","content_layout":"content--relative","block_margin_left":0,"block_margin_right":0,"block_padding_top":0,"block_padding_bottom":0,"block_padding_left":0,"block_padding_right":0}}},"block_order":["c24829e8-70b6-4151-9afb-959e1e894cf1","4fd811d7-6e17-4e79-b11e-89fc259725ce"],"settings":{"section_width":"max-w-page","section_height":70,"layout":"section-dual-tiles--50-50","gap_between_tiles":0.2,"spacing_top_desktop":1,"spacing_bottom_desktop":1,"spacing_top_mobile":1,"spacing_bottom_mobile":1}},"0794a2b9-8ae9-4bf5-aa8c-9e4cbf3e598d":{"type":"trust-indicators","blocks":{"fa5732f6-28b9-4ba2-a715-572f7a4c9f1b":{"type":"indicator","settings":{"color_scheme_text":"text-colors-default","color_scheme_background":"background-colors-default","title":"We then cut strips of each color one by one and createruffles. The next step is carefully placing the ruffles to create twoinverted mountain at the bustier and skirt.The pieces all come together to create a strapless gownfilled with colors.","link_title":"","link_url":"\/"}}},"block_order":["fa5732f6-28b9-4ba2-a715-572f7a4c9f1b"],"settings":{"slider_mobile":true,"layout":"layout-1","padding_vertical_desktop":"pt-0-desktop pb-0-desktop","padding_vertical_mobile":"pt-0-mobile pb-0-mobile"}},"b4134975-fa72-4c9f-bf2b-8d8564404610":{"type":"custom-grid-image","settings":{"image1":"shopify:\/\/shop_images\/YS-SS23-59.jpg","image2":"shopify:\/\/shop_images\/YS-SS23-60.jpg","image3":"shopify:\/\/shop_images\/YS-SS23-58.jpg","title":"Title","content5":"","link_text1":"","link_url":""}}},"order":["18719b5d-be16-4c04-8f59-ea805476c80c","main","d89fa290-ca68-434c-8c7a-d20dda8ec674","f6c33fe8-6e39-4946-97f6-6649455f80b7","6e53678a-3cdd-4f6e-9e77-352d62a9f307","ebbd0a79-18fc-4bcb-93a1-b4c551d344be","0299b58c-e98e-4657-b11a-cdded2696f17","0794a2b9-8ae9-4bf5-aa8c-9e4cbf3e598d","b4134975-fa72-4c9f-bf2b-8d8564404610"]}