{"sections":{"main":{"type":"main-page","settings":{"show_page_title":true,"breadcrumbs":true,"info_title":"Opening hours","info_content":"<p>Monday to Friday 9am to 9pm (GMT)<br\/>Saturday 10am to 6pm<br\/>Sunday 10am to 4pm<\/p>","color_scheme_text":"text-colors-default","color_scheme_background":"background-colors-default"}},"form":{"type":"form-contact","settings":{"color_scheme_text":"text-colors-default","color_scheme_background":"background-colors-default"}},"map":{"type":"map","settings":{"api_key":"","address_query":"","zoom_level":10}}},"order":["main","form","map"]}