{"sections":{"18719b5d-be16-4c04-8f59-ea805476c80c":{"type":"image-with-text","blocks":{"template--14740435763277__18719b5d-be16-4c04-8f59-ea805476c80c-media-1":{"type":"media","disabled":true,"settings":{}},"template--14740435763277__18719b5d-be16-4c04-8f59-ea805476c80c-text-1":{"type":"text","settings":{"text_align_desktop":"text-center-desktop","text_align_mobile":"text-center","title":"A look into our Atelier\/Showroom","content":"<p>Explore the Hidden World of Behind-the-Scene Design: Where Innovation Meets Beauty<\/p>","button_separator":true,"button_text":"hello","button_url":"","button_style":"button--filled"}}},"block_order":["template--14740435763277__18719b5d-be16-4c04-8f59-ea805476c80c-media-1","template--14740435763277__18719b5d-be16-4c04-8f59-ea805476c80c-text-1"],"settings":{"padding_vertical_desktop":"","padding_vertical_mobile":"pt-0-mobile-small","color_scheme_text":"text-colors-default","color_scheme_background":"background-colors-default"}},"main":{"type":"main-page","disabled":true,"settings":{"show_page_title":true,"breadcrumbs":true,"info_title":"","info_content":"","color_scheme_text":"text-colors-default","color_scheme_background":"background-colors-default"}},"9e6e96ac-ac17-4682-8117-7eef1d7ddfc5":{"type":"dual-tiles","blocks":{"template--14741991227469__9e6e96ac-ac17-4682-8117-7eef1d7ddfc5-tile-1":{"type":"tile","settings":{"color_scheme_text":"text-colors-default","color_scheme_background":"background-colors-default","image_desktop":"shopify:\/\/shop_images\/000047800033_ec10e7c1-8ab8-4c61-8957-11245027b3f5.jpg","video_desktop_external":"","video_mobile_external":"","content_position_horizontal":"text-center align-center","content_position_vertical":"justify-center","title":"","text_size":1,"button_style":"button--filled","button_text":"","button_url":"","content_layout":"content--relative","block_margin_left":0,"block_margin_right":0,"block_padding_top":1.6,"block_padding_bottom":1.6,"block_padding_left":1.6,"block_padding_right":1.6}},"template--14741991227469__9e6e96ac-ac17-4682-8117-7eef1d7ddfc5-tile-2":{"type":"tile","settings":{"color_scheme_text":"text-colors-default","color_scheme_background":"background-colors-accent-2","image_desktop":"shopify:\/\/shop_images\/000020020033.jpg","video_desktop_external":"","video_mobile_external":"","content_position_horizontal":"text-center align-center","content_position_vertical":"justify-center","title":"","text_size":1,"button_style":"button--filled","button_text":"","button_url":"\/","content_layout":"content--relative","block_margin_left":0,"block_margin_right":0,"block_padding_top":1.6,"block_padding_bottom":1.6,"block_padding_left":1.6,"block_padding_right":1.6}}},"block_order":["template--14741991227469__9e6e96ac-ac17-4682-8117-7eef1d7ddfc5-tile-1","template--14741991227469__9e6e96ac-ac17-4682-8117-7eef1d7ddfc5-tile-2"],"settings":{"section_width":"max-w-full","section_height":50,"layout":"section-dual-tiles--30-70","gap_between_tiles":0,"spacing_top_desktop":0,"spacing_bottom_desktop":0,"spacing_top_mobile":0,"spacing_bottom_mobile":0}},"43195b53-74c7-4fb5-80d6-5884b01f08a7":{"type":"image-with-text","blocks":{"template--14741991227469__43195b53-74c7-4fb5-80d6-5884b01f08a7-media-1":{"type":"media","settings":{"image_desktop":"shopify:\/\/shop_images\/000047800028_3a546435-f01a-4463-b5ba-02b461565aa0.jpg"}},"template--14741991227469__43195b53-74c7-4fb5-80d6-5884b01f08a7-text-1":{"type":"text","settings":{"text_align_desktop":"text-center-desktop","text_align_mobile":"text-center","title":"","content":"<p>Experience the beauty of design and the power of storytelling in our online shop.<\/p>","button_separator":false,"button_text":"View all","button_url":"shopify:\/\/collections\/all","button_style":"button--outlined"}}},"block_order":["template--14741991227469__43195b53-74c7-4fb5-80d6-5884b01f08a7-media-1","template--14741991227469__43195b53-74c7-4fb5-80d6-5884b01f08a7-text-1"],"settings":{"padding_vertical_desktop":"","padding_vertical_mobile":"pt-0-mobile-small pb-0-mobile-small","color_scheme_text":"text-colors-default","color_scheme_background":"background-colors-default"}},"ef325610-dfbd-4fcf-b0d8-3d4e58c8f05d":{"type":"custom-grid-image","settings":{"image1":"shopify:\/\/shop_images\/000047800031_f5544477-1899-4827-9b76-187bbae335c9.jpg","image2":"shopify:\/\/shop_images\/000047810018.jpg","image3":"shopify:\/\/shop_images\/000047800032_f149fc57-80ed-4f92-a9b8-2d6862853fe7.jpg","title":"Title","content5":"","link_text1":"","link_url":""}}},"order":["18719b5d-be16-4c04-8f59-ea805476c80c","main","9e6e96ac-ac17-4682-8117-7eef1d7ddfc5","43195b53-74c7-4fb5-80d6-5884b01f08a7","ef325610-dfbd-4fcf-b0d8-3d4e58c8f05d"]}