{"sections":{"13ea888d-a259-4c18-aae3-410ee00db039":{"type":"tab-links","blocks":{"6cea6001-8de0-4752-8037-97fee0f402e2":{"type":"tabs","settings":{"p_heaing":"Values","p_id":"shopify:\/\/pages\/values","isActive":false}},"5467aee4-8cbf-4d5f-b9a6-be1e95214935":{"type":"tabs","settings":{"p_heaing":"Lines","p_id":"shopify:\/\/pages\/lines","isActive":false}},"6df39abb-d58e-491f-8ba0-ceb21b47efcd":{"type":"tabs","settings":{"p_heaing":"Team","p_id":"shopify:\/\/pages\/team","isActive":true}}},"block_order":["6cea6001-8de0-4752-8037-97fee0f402e2","5467aee4-8cbf-4d5f-b9a6-be1e95214935","6df39abb-d58e-491f-8ba0-ceb21b47efcd"],"settings":{}},"main":{"type":"main-page","disabled":true,"settings":{"show_page_title":true,"breadcrumbs":true,"info_title":"","info_content":"","color_scheme_text":"text-colors-default","color_scheme_background":"background-colors-default"}},"5d206369-9dce-488a-bcc1-3a242cdfba6e":{"type":"tab","blocks":{"75981216-d822-4034-a18f-30138a9c4df6":{"type":"tab","settings":{"title":"Farah and Yassmin","m_image":"shopify:\/\/shop_images\/000015300033.jpg"}},"1c493d2e-3e80-4efc-8eb7-b6379a20cf07":{"type":"tab","settings":{"title":"Isabella (Design Manager)","m_image":"shopify:\/\/shop_images\/000047810019.jpg"}},"21d8ecdd-99b5-4886-b43c-e7cb70caa72e":{"type":"tab","settings":{"title":"Rami (Tailor)","m_image":"shopify:\/\/shop_images\/000047810008.jpg"}},"40d42bba-1e7a-46b9-9718-e485d3106ff0":{"type":"tab","settings":{"title":"Oussama (Runner)","m_image":"shopify:\/\/shop_images\/000047810031.jpg"}},"a0dc5c10-ba13-4fe1-8e6b-f4d8d5181781":{"type":"tab","settings":{"title":"Ahmad (Pattern Maker)","m_image":"shopify:\/\/shop_images\/000047810027.jpg"}},"0437761a-1db9-4bfb-8986-5094d602d64a":{"type":"tab","settings":{"title":"Yassmin (Co-Founder & Creative Director)","m_image":"shopify:\/\/shop_images\/000015300035.jpg"}},"aa347eda-0576-4451-8af4-f487ac470eb1":{"type":"tab","settings":{"title":"Abu-Omar (TAILOR)","m_image":"shopify:\/\/shop_images\/000047810003.jpg"}},"23b2ab53-6ade-4bf0-b420-820fa6f31be9":{"type":"tab","settings":{"title":"Oussama (Runner)","m_image":"shopify:\/\/shop_images\/000047810033.jpg"}},"9b37b3b8-38bc-4acf-879e-0fd4ff7f743f":{"type":"tab","settings":{"title":"Sahar (Petite Main)","m_image":"shopify:\/\/shop_images\/000015300025_9d1d8c0c-ccaa-4c10-9efd-7d400c5146af.jpg"}},"ea6b8a4e-1150-4208-a46b-3a44c1f235f5":{"type":"tab","settings":{"title":"Pateel -(intern)","m_image":"shopify:\/\/shop_images\/000047810036.jpg"}},"template--14742025044045__5d206369-9dce-488a-bcc1-3a242cdfba6e-tab-1":{"type":"tab","settings":{"title":"Rami (Tailor)","m_image":"shopify:\/\/shop_images\/000047810009.jpg"}},"f3577d65-a207-414d-aed3-d33e4ef51502":{"type":"tab","settings":{"title":"Farah  (Co-Founder & Managing Partner)","m_image":"shopify:\/\/shop_images\/000015300030_-_Copy.jpg"}},"f3ebd371-fb2e-47ad-b99b-49400b635231":{"type":"tab","settings":{"title":"Pateel -(intern)","m_image":"shopify:\/\/shop_images\/000047810037.jpg"}},"2380bde5-a67a-4322-b458-c1253635afb3":{"type":"tab","settings":{"title":"Isabella (Design Manager)","m_image":"shopify:\/\/shop_images\/000047810020.jpg"}},"48ca8d1b-0e3e-4b3d-b651-f7a7b2fc88a1":{"type":"tab","settings":{"title":"Abu-Omar (TAILOR)","m_image":"shopify:\/\/shop_images\/000047810006.jpg"}},"c8765009-621b-4f22-a02f-f3fb78446b8e":{"type":"tab","settings":{"title":"Ahmad (Pattern Maker)","m_image":"shopify:\/\/shop_images\/000047810023.jpg"}}},"block_order":["75981216-d822-4034-a18f-30138a9c4df6","1c493d2e-3e80-4efc-8eb7-b6379a20cf07","21d8ecdd-99b5-4886-b43c-e7cb70caa72e","40d42bba-1e7a-46b9-9718-e485d3106ff0","a0dc5c10-ba13-4fe1-8e6b-f4d8d5181781","0437761a-1db9-4bfb-8986-5094d602d64a","aa347eda-0576-4451-8af4-f487ac470eb1","23b2ab53-6ade-4bf0-b420-820fa6f31be9","9b37b3b8-38bc-4acf-879e-0fd4ff7f743f","ea6b8a4e-1150-4208-a46b-3a44c1f235f5","template--14742025044045__5d206369-9dce-488a-bcc1-3a242cdfba6e-tab-1","f3577d65-a207-414d-aed3-d33e4ef51502","f3ebd371-fb2e-47ad-b99b-49400b635231","2380bde5-a67a-4322-b458-c1253635afb3","48ca8d1b-0e3e-4b3d-b651-f7a7b2fc88a1","c8765009-621b-4f22-a02f-f3fb78446b8e"],"custom_css":[".container .text-center {font-size: 14px !important;}"],"settings":{"full_width":true,"content_size":"medium","subheading":"Subheading","title":"Heading","first_tab_open":false,"background":"","background_gradient":"","text_color":"","heading_color":"","heading_gradient":""}},"7831463d-586b-46f8-a0ee-d87676b3245c":{"type":"dual-tiles","blocks":{"template--14744285184077__7831463d-586b-46f8-a0ee-d87676b3245c-tile-1":{"type":"tile","settings":{"color_scheme_text":"text-colors-default","color_scheme_background":"background-colors-accent-1","image_desktop":"shopify:\/\/shop_images\/000020020001.jpg","video_desktop_external":"","video_mobile_external":"","content_position_horizontal":"text-center align-center","content_position_vertical":"justify-center","title":"","text_size":1,"button_style":"button--filled","button_text":"","button_url":"","content_layout":"content--relative","block_margin_left":0,"block_margin_right":0,"block_padding_top":0,"block_padding_bottom":0,"block_padding_left":0,"block_padding_right":0}},"template--14744285184077__7831463d-586b-46f8-a0ee-d87676b3245c-tile-2":{"type":"tile","settings":{"color_scheme_text":"text-colors-default","color_scheme_background":"background-colors-accent-2","image_desktop":"shopify:\/\/shop_images\/000036890001.jpg","video_desktop_external":"","video_mobile_external":"","content_position_horizontal":"text-center align-center","content_position_vertical":"justify-center","title":"","text_size":1,"button_style":"button--filled","button_text":"","button_url":"\/","content_layout":"content--relative","block_margin_left":0,"block_margin_right":0,"block_padding_top":0,"block_padding_bottom":0,"block_padding_left":0,"block_padding_right":0}}},"block_order":["template--14744285184077__7831463d-586b-46f8-a0ee-d87676b3245c-tile-1","template--14744285184077__7831463d-586b-46f8-a0ee-d87676b3245c-tile-2"],"settings":{"section_width":"max-w-page","section_height":40,"layout":"section-dual-tiles--50-50","gap_between_tiles":0,"spacing_top_desktop":0,"spacing_bottom_desktop":0,"spacing_top_mobile":0,"spacing_bottom_mobile":0}},"d2f6d52d-2f7f-4efa-ac6f-e7ae163a807d":{"type":"dual-tiles","blocks":{"54af84a6-e337-41c4-9490-fe4ba5caafb7":{"type":"tile","settings":{"color_scheme_text":"text-colors-default","color_scheme_background":"background-colors-accent-1","image_desktop":"shopify:\/\/shop_images\/000061510037.jpg","video_desktop_external":"","video_mobile_external":"","content_position_horizontal":"text-center align-center","content_position_vertical":"justify-center","title":"","text_size":1,"button_style":"button--filled","button_text":"","button_url":"","content_layout":"content--relative","block_margin_left":0,"block_margin_right":0,"block_padding_top":0,"block_padding_bottom":0,"block_padding_left":0,"block_padding_right":0}},"577a76cc-1c83-43d9-9f7b-f993527775eb":{"type":"tile","settings":{"color_scheme_text":"text-colors-default","color_scheme_background":"background-colors-accent-2","image_desktop":"shopify:\/\/shop_images\/000015300026.jpg","video_desktop_external":"","video_mobile_external":"","content_position_horizontal":"text-center align-center","content_position_vertical":"justify-center","title":"","text_size":1,"button_style":"button--filled","button_text":"","button_url":"\/","content_layout":"content--relative","block_margin_left":0,"block_margin_right":0,"block_padding_top":0,"block_padding_bottom":0,"block_padding_left":0,"block_padding_right":0}}},"block_order":["54af84a6-e337-41c4-9490-fe4ba5caafb7","577a76cc-1c83-43d9-9f7b-f993527775eb"],"settings":{"section_width":"max-w-page","section_height":40,"layout":"section-dual-tiles--50-50","gap_between_tiles":0,"spacing_top_desktop":0,"spacing_bottom_desktop":0,"spacing_top_mobile":0,"spacing_bottom_mobile":0}},"e44defff-38d3-463c-8981-99d75f752a41":{"type":"dual-tiles","blocks":{"eefa282c-fc04-4cff-8802-1c04850190be":{"type":"tile","settings":{"color_scheme_text":"text-colors-default","color_scheme_background":"background-colors-accent-1","image_desktop":"shopify:\/\/shop_images\/motaz.jpg","video_desktop_external":"","video_mobile_external":"","content_position_horizontal":"text-center align-center","content_position_vertical":"justify-center","title":"","text_size":1,"button_style":"button--filled","button_text":"","button_url":"","content_layout":"content--relative","block_margin_left":0,"block_margin_right":0,"block_padding_top":0,"block_padding_bottom":0,"block_padding_left":0,"block_padding_right":0}},"7f7b9834-eb0b-49ae-a379-abddb0bbc213":{"type":"tile","settings":{"color_scheme_text":"text-colors-default","color_scheme_background":"background-colors-accent-2","image_desktop":"shopify:\/\/shop_images\/000015300028.jpg","video_desktop_external":"","video_mobile_external":"","content_position_horizontal":"text-center align-center","content_position_vertical":"justify-center","title":"","text_size":1,"button_style":"button--filled","button_text":"","button_url":"\/","content_layout":"content--relative","block_margin_left":0,"block_margin_right":0,"block_padding_top":0,"block_padding_bottom":0,"block_padding_left":0,"block_padding_right":0}}},"block_order":["eefa282c-fc04-4cff-8802-1c04850190be","7f7b9834-eb0b-49ae-a379-abddb0bbc213"],"settings":{"section_width":"max-w-page","section_height":40,"layout":"section-dual-tiles--50-50","gap_between_tiles":0,"spacing_top_desktop":0,"spacing_bottom_desktop":0,"spacing_top_mobile":0,"spacing_bottom_mobile":0}},"2c0a40b9-85b5-493b-a215-d002cd4b7f9a":{"type":"dual-tiles","blocks":{"63614dd4-5a8a-4e33-942e-00c7ca5bde9a":{"type":"tile","settings":{"color_scheme_text":"text-colors-default","color_scheme_background":"background-colors-accent-1","image_desktop":"shopify:\/\/shop_images\/mahmoud.jpg","video_desktop_external":"","video_mobile_external":"","content_position_horizontal":"text-center align-center","content_position_vertical":"justify-center","title":"","text_size":1,"button_style":"button--filled","button_text":"","button_url":"","content_layout":"content--relative","block_margin_left":0,"block_margin_right":0,"block_padding_top":0,"block_padding_bottom":0,"block_padding_left":0,"block_padding_right":0}},"ad0655ff-553e-4a87-9070-e21aef26f064":{"type":"tile","settings":{"color_scheme_text":"text-colors-default","color_scheme_background":"background-colors-accent-2","image_desktop":"shopify:\/\/shop_images\/000047810014.jpg","video_desktop_external":"","video_mobile_external":"","content_position_horizontal":"text-center align-center","content_position_vertical":"justify-center","title":"","text_size":1,"button_style":"button--filled","button_text":"","button_url":"\/","content_layout":"content--relative","block_margin_left":0,"block_margin_right":0,"block_padding_top":0,"block_padding_bottom":0,"block_padding_left":0,"block_padding_right":0}}},"block_order":["63614dd4-5a8a-4e33-942e-00c7ca5bde9a","ad0655ff-553e-4a87-9070-e21aef26f064"],"settings":{"section_width":"max-w-page","section_height":50,"layout":"section-dual-tiles--50-50","gap_between_tiles":0,"spacing_top_desktop":0,"spacing_bottom_desktop":0,"spacing_top_mobile":0,"spacing_bottom_mobile":0}}},"order":["13ea888d-a259-4c18-aae3-410ee00db039","main","5d206369-9dce-488a-bcc1-3a242cdfba6e","7831463d-586b-46f8-a0ee-d87676b3245c","d2f6d52d-2f7f-4efa-ac6f-e7ae163a807d","e44defff-38d3-463c-8981-99d75f752a41","2c0a40b9-85b5-493b-a215-d002cd4b7f9a"]}