{"sections":{"18719b5d-be16-4c04-8f59-ea805476c80c":{"type":"image-with-text","blocks":{"template--14740435763277__18719b5d-be16-4c04-8f59-ea805476c80c-media-1":{"type":"media","disabled":true,"settings":{}},"template--14740435763277__18719b5d-be16-4c04-8f59-ea805476c80c-text-1":{"type":"text","settings":{"text_align_desktop":"text-center-desktop","text_align_mobile":"text-center","title":"Behind the scene","content":"<p>Step into the Fashion Universe and Explore the Hidden Gems of Design Delight!<\/p>","button_separator":true,"button_text":"","button_url":"","button_style":"button--filled"}}},"block_order":["template--14740435763277__18719b5d-be16-4c04-8f59-ea805476c80c-media-1","template--14740435763277__18719b5d-be16-4c04-8f59-ea805476c80c-text-1"],"settings":{"padding_vertical_desktop":"","padding_vertical_mobile":"pt-0-mobile-small","color_scheme_text":"text-colors-secondary","color_scheme_background":"background-colors-default"}},"main":{"type":"main-page","disabled":true,"settings":{"show_page_title":true,"breadcrumbs":true,"info_title":"","info_content":"","color_scheme_text":"text-colors-default","color_scheme_background":"background-colors-default"}},"35dc4131-3ef1-4122-aecc-30a96c2cb600":{"type":"blog-articles","settings":{"padding_vertical_desktop":"","padding_vertical_mobile":"","layout":"layout-1","gap_between_desktop":2,"gap_between_mobile":2,"color_scheme_text":"color-text-primary","color_scheme_background":"color-background-primary","heading":"Blog","button_style":"button--filled","button_text":"Visit Blog","blog":""}},"168040ef-0f35-40af-99ef-19dbcf5bef0c":{"type":"dual-tiles","blocks":{"template--14741940305997__168040ef-0f35-40af-99ef-19dbcf5bef0c-tile-1":{"type":"tile","settings":{"color_scheme_text":"text-colors-default","color_scheme_background":"background-colors-accent-1","image_desktop":"shopify:\/\/shop_images\/000047800015.jpg","video_desktop_external":"","image_mobile":"shopify:\/\/shop_images\/IMG_3529.jpg","video_mobile":"shopify:\/\/files\/videos\/RPReplay_Final1678713755.mov","video_mobile_external":"","content_position_horizontal":"text-center align-center","content_position_vertical":"justify-center","title":"","text_size":1,"button_style":"button--filled","button_text":"","button_url":"","content_layout":"content--relative","block_margin_left":0,"block_margin_right":0,"block_padding_top":1.6,"block_padding_bottom":1.6,"block_padding_left":1.6,"block_padding_right":1.6}},"template--14741940305997__168040ef-0f35-40af-99ef-19dbcf5bef0c-tile-2":{"type":"tile","settings":{"color_scheme_text":"text-colors-default","color_scheme_background":"background-colors-accent-2","image_desktop":"shopify:\/\/shop_images\/IMG_3529.jpg","video_desktop_external":"","video_mobile_external":"","content_position_horizontal":"text-center align-center","content_position_vertical":"justify-center","title":"","text_size":1,"button_style":"button--text","button_text":"","button_url":"\/","content_layout":"content--relative","block_margin_left":0,"block_margin_right":0,"block_padding_top":1.6,"block_padding_bottom":1.6,"block_padding_left":1.6,"block_padding_right":1.6}}},"block_order":["template--14741940305997__168040ef-0f35-40af-99ef-19dbcf5bef0c-tile-1","template--14741940305997__168040ef-0f35-40af-99ef-19dbcf5bef0c-tile-2"],"settings":{"section_width":"max-w-page","section_height":30,"layout":"section-dual-tiles--50-50","gap_between_tiles":0,"spacing_top_desktop":0,"spacing_bottom_desktop":0,"spacing_top_mobile":0,"spacing_bottom_mobile":0}},"49111536-6208-4270-9f98-26d71a4c6743":{"type":"dual-tiles","blocks":{"78b6e559-2ea7-4790-9188-461b81787560":{"type":"tile","settings":{"color_scheme_text":"text-colors-default","color_scheme_background":"background-colors-accent-2","image_desktop":"shopify:\/\/shop_images\/000047800012.jpg","video_desktop_external":"","video_mobile_external":"","content_position_horizontal":"text-center align-center","content_position_vertical":"justify-center","title":"","text_size":1,"button_style":"button--text","button_text":"","button_url":"\/","content_layout":"content--relative","block_margin_left":0,"block_margin_right":0,"block_padding_top":1.6,"block_padding_bottom":1.6,"block_padding_left":1.6,"block_padding_right":1.6}},"b8f785e6-eb68-42a5-8672-ea67a389d28b":{"type":"tile","settings":{"color_scheme_text":"text-colors-default","color_scheme_background":"background-colors-default","image_desktop":"shopify:\/\/shop_images\/000047800020.jpg","video_desktop_external":"","video_mobile_external":"","content_position_horizontal":"text-center align-center","content_position_vertical":"justify-center","title":"","text_size":1,"button_style":"button--filled","button_text":"","button_url":"","content_layout":"content--relative","block_margin_left":0,"block_margin_right":0,"block_padding_top":1.6,"block_padding_bottom":1.6,"block_padding_left":1.6,"block_padding_right":1.6}}},"block_order":["78b6e559-2ea7-4790-9188-461b81787560","b8f785e6-eb68-42a5-8672-ea67a389d28b"],"settings":{"section_width":"max-w-page","section_height":30,"layout":"section-dual-tiles--30-70","gap_between_tiles":0,"spacing_top_desktop":0,"spacing_bottom_desktop":0,"spacing_top_mobile":0,"spacing_bottom_mobile":0}},"596fb691-abf9-4926-817d-c9be09ba0b71":{"type":"image-with-text","blocks":{"template--14741940305997__596fb691-abf9-4926-817d-c9be09ba0b71-media-1":{"type":"media","settings":{}}},"block_order":["template--14741940305997__596fb691-abf9-4926-817d-c9be09ba0b71-media-1"],"settings":{"padding_vertical_desktop":"","padding_vertical_mobile":"pt-0-mobile-small","color_scheme_text":"text-colors-default","color_scheme_background":"background-colors-default"}}},"order":["18719b5d-be16-4c04-8f59-ea805476c80c","main","35dc4131-3ef1-4122-aecc-30a96c2cb600","168040ef-0f35-40af-99ef-19dbcf5bef0c","49111536-6208-4270-9f98-26d71a4c6743","596fb691-abf9-4926-817d-c9be09ba0b71"]}