{"sections":{"main":{"type":"main-page","disabled":true,"settings":{"show_page_title":true,"breadcrumbs":true,"info_title":"","info_content":"","color_scheme_text":"text-colors-default","color_scheme_background":"background-colors-default"}},"814188e5-a8a3-4d19-a3db-4935427871bb":{"type":"image-with-text","blocks":{"template--14743024730189__814188e5-a8a3-4d19-a3db-4935427871bb-text-1":{"type":"text","settings":{"text_align_desktop":"text-center-desktop","text_align_mobile":"text-center","title":"","content":"<h2>Bridal Collection<\/h2>","button_separator":true,"button_text":"Button label","button_url":"","button_style":"button--outlined"}}},"block_order":["template--14743024730189__814188e5-a8a3-4d19-a3db-4935427871bb-text-1"],"settings":{"padding_vertical_desktop":"","padding_vertical_mobile":"pt-0-mobile-small pb-0-mobile-small","color_scheme_text":"text-colors-default","color_scheme_background":"background-colors-default"}},"5a1954fd-709e-470b-ab8c-5c3e0a226d84":{"type":"full-width-banner","settings":{"full_width_banner_height":50,"banner_layout":"section-full-width-banner--full","spacing_top_desktop":0,"spacing_bottom_desktop":1,"spacing_top_mobile":0,"spacing_bottom_mobile":6,"color_scheme_text":"text-colors-inverse","color_scheme_background":"background-colors-accent-2","image_desktop":"shopify:\/\/shop_images\/DSC02843_057628ff-18e1-4d69-8d39-2ce2f7117eb1.jpg","video_desktop_external":"","video_mobile_external":"","content_position_horizontal":"align-center text-center","content_position_vertical":"justify-end","content_padding_top":9.6,"content_padding_bottom":9.6,"content_padding_left":32,"content_padding_right":32}},"e2d1e4a4-35cf-4dfe-b89b-dabdfc35f46e":{"type":"tab","blocks":{"8e4f6073-41c0-42af-ae03-60b2d2cded72":{"type":"tab","settings":{"title":"","m_image":"shopify:\/\/shop_images\/DSC03655.jpg"}},"743d92bb-b7f2-4b95-89dd-fdba15b3996a":{"type":"tab","settings":{"title":"","m_image":"shopify:\/\/shop_images\/DSC04400.jpg"}},"3a81a849-2f8c-4472-8f76-0fbff0bfffdb":{"type":"tab","settings":{"title":"","m_image":"shopify:\/\/shop_images\/DSC04566.jpg"}},"c7268ec2-05e0-4654-ba61-d277a9b00c5f":{"type":"tab","settings":{"title":"","m_image":"shopify:\/\/shop_images\/DSC04556.jpg"}}},"block_order":["8e4f6073-41c0-42af-ae03-60b2d2cded72","743d92bb-b7f2-4b95-89dd-fdba15b3996a","3a81a849-2f8c-4472-8f76-0fbff0bfffdb","c7268ec2-05e0-4654-ba61-d277a9b00c5f"],"settings":{"full_width":true,"content_size":"medium","subheading":"Subheading","title":"Heading","first_tab_open":false,"background":"","background_gradient":"","text_color":"","heading_color":"","heading_gradient":"","elements_per_row":4}},"27ff70d4-1b64-41e6-9e40-7c9146abab89":{"type":"dual-tiles","blocks":{"template--14744497029197__27ff70d4-1b64-41e6-9e40-7c9146abab89-tile-1":{"type":"tile","settings":{"color_scheme_text":"text-colors-default","color_scheme_background":"background-colors-accent-1","image_desktop":"shopify:\/\/shop_images\/DSC04535.jpg","video_desktop_external":"","video_mobile_external":"","content_position_horizontal":"text-center align-center","content_position_vertical":"justify-center","title":"","text_size":1,"button_style":"button--filled","button_text":"","button_url":"","content_layout":"content--relative","block_margin_left":0,"block_margin_right":0,"block_padding_top":0,"block_padding_bottom":0,"block_padding_left":0,"block_padding_right":0}},"template--14744497029197__27ff70d4-1b64-41e6-9e40-7c9146abab89-tile-2":{"type":"tile","settings":{"color_scheme_text":"text-colors-default","color_scheme_background":"background-colors-accent-2","image_desktop":"shopify:\/\/shop_images\/DSC03710.jpg","video_desktop_external":"","video_mobile_external":"","content_position_horizontal":"text-center align-center","content_position_vertical":"justify-center","title":"","text_size":1,"button_style":"button--filled","button_text":"","button_url":"\/","content_layout":"content--relative","block_margin_left":0,"block_margin_right":0,"block_padding_top":0,"block_padding_bottom":0,"block_padding_left":0,"block_padding_right":0}}},"block_order":["template--14744497029197__27ff70d4-1b64-41e6-9e40-7c9146abab89-tile-1","template--14744497029197__27ff70d4-1b64-41e6-9e40-7c9146abab89-tile-2"],"settings":{"section_width":"max-w-page","section_height":70,"layout":"section-dual-tiles--50-50","gap_between_tiles":0.2,"spacing_top_desktop":1,"spacing_bottom_desktop":1,"spacing_top_mobile":1,"spacing_bottom_mobile":1}},"5d206369-9dce-488a-bcc1-3a242cdfba6e":{"type":"tab","blocks":{"template--14742025044045__5d206369-9dce-488a-bcc1-3a242cdfba6e-tab-1":{"type":"tab","settings":{"title":"","m_image":"shopify:\/\/shop_images\/DSC04165.jpg"}},"3d87b17c-5284-43a4-b6e2-d7f75f9ae051":{"type":"tab","settings":{"title":"","m_image":"shopify:\/\/shop_images\/DSC04584.jpg"}},"e9b18e18-188d-43be-a2b0-a8d3400552f7":{"type":"tab","settings":{"title":"","m_image":"shopify:\/\/shop_images\/DSC04547.jpg"}},"056d6563-e37a-46d4-95e2-49745ad46238":{"type":"tab","settings":{"title":"","m_image":"shopify:\/\/shop_images\/DSC03650.jpg"}},"5199136a-6c1b-4904-ba0b-fdaea58834a2":{"type":"tab","settings":{"title":"","m_image":"shopify:\/\/shop_images\/DSC03930.jpg"}},"1f9b2315-6d3c-4699-a432-cb90677c0107":{"type":"tab","settings":{"title":"","m_image":"shopify:\/\/shop_images\/DSC03771.jpg"}},"ba414f99-4458-4b18-9578-e406d7f80cb1":{"type":"tab","settings":{"title":"","m_image":"shopify:\/\/shop_images\/DSC03561.jpg"}},"a8f2a263-c6f4-4ede-a24b-0e5d18283c0c":{"type":"tab","settings":{"title":"","m_image":"shopify:\/\/shop_images\/DSC03612jpg.jpg"}}},"block_order":["template--14742025044045__5d206369-9dce-488a-bcc1-3a242cdfba6e-tab-1","3d87b17c-5284-43a4-b6e2-d7f75f9ae051","e9b18e18-188d-43be-a2b0-a8d3400552f7","056d6563-e37a-46d4-95e2-49745ad46238","5199136a-6c1b-4904-ba0b-fdaea58834a2","1f9b2315-6d3c-4699-a432-cb90677c0107","ba414f99-4458-4b18-9578-e406d7f80cb1","a8f2a263-c6f4-4ede-a24b-0e5d18283c0c"],"settings":{"full_width":true,"content_size":"medium","subheading":"Subheading","title":"Heading","first_tab_open":false,"background":"","background_gradient":"","text_color":"","heading_color":"","heading_gradient":"","elements_per_row":4}},"b56b7940-4cfa-4bbb-8d7d-0fdf523e63bc":{"type":"dual-tiles","blocks":{"37a910a7-08ee-434b-83d8-41f86a81ac7c":{"type":"tile","settings":{"color_scheme_text":"text-colors-default","color_scheme_background":"background-colors-accent-1","image_desktop":"shopify:\/\/shop_images\/DSC04078.jpg","video_desktop_external":"","video_mobile_external":"","content_position_horizontal":"text-center align-center","content_position_vertical":"justify-center","title":"","text_size":1,"button_style":"button--filled","button_text":"","button_url":"","content_layout":"content--relative","block_margin_left":0,"block_margin_right":0,"block_padding_top":0,"block_padding_bottom":0,"block_padding_left":0,"block_padding_right":0}},"65733c20-74d4-4331-8fb8-a6b49bb2e017":{"type":"tile","settings":{"color_scheme_text":"text-colors-default","color_scheme_background":"background-colors-accent-2","image_desktop":"shopify:\/\/shop_images\/DSC03966.jpg","video_desktop_external":"","video_mobile_external":"","content_position_horizontal":"text-center align-center","content_position_vertical":"justify-center","title":"","text_size":1,"button_style":"button--filled","button_text":"","button_url":"\/","content_layout":"content--relative","block_margin_left":0,"block_margin_right":0,"block_padding_top":0,"block_padding_bottom":0,"block_padding_left":0,"block_padding_right":0}}},"block_order":["37a910a7-08ee-434b-83d8-41f86a81ac7c","65733c20-74d4-4331-8fb8-a6b49bb2e017"],"settings":{"section_width":"max-w-page","section_height":70,"layout":"section-dual-tiles--50-50","gap_between_tiles":0.2,"spacing_top_desktop":1,"spacing_bottom_desktop":1,"spacing_top_mobile":1,"spacing_bottom_mobile":1}},"2510cd25-11e1-4598-a381-c034dfeb2206":{"type":"tab","blocks":{"42a46f0f-5537-45a4-9190-eeb24038ada1":{"type":"tab","settings":{"title":"","m_image":"shopify:\/\/shop_images\/DSC03519.jpg"}},"62460c15-3327-4f48-b91e-9479e2a40972":{"type":"tab","settings":{"title":"","m_image":"shopify:\/\/shop_images\/DSC03355.jpg"}},"31e13267-84b2-4d78-9855-52e26f895af0":{"type":"tab","settings":{"title":"","m_image":"shopify:\/\/shop_images\/DSC03432.jpg"}},"6ece2c95-1224-4c2b-b215-af3245ff3850":{"type":"tab","settings":{"title":"","m_image":"shopify:\/\/shop_images\/DSC03486.jpg"}}},"block_order":["42a46f0f-5537-45a4-9190-eeb24038ada1","62460c15-3327-4f48-b91e-9479e2a40972","31e13267-84b2-4d78-9855-52e26f895af0","6ece2c95-1224-4c2b-b215-af3245ff3850"],"settings":{"full_width":true,"content_size":"medium","subheading":"Subheading","title":"Heading","first_tab_open":false,"background":"","background_gradient":"","text_color":"","heading_color":"","heading_gradient":"","elements_per_row":4}},"e1f96fc5-3d29-4710-94be-a66ca33501ef":{"type":"dual-tiles","blocks":{"1161a2bf-ce58-4bec-87c5-98ef479f5bd7":{"type":"tile","settings":{"color_scheme_text":"text-colors-default","color_scheme_background":"background-colors-accent-1","image_desktop":"shopify:\/\/shop_images\/DSC03419.jpg","video_desktop_external":"","video_mobile_external":"","content_position_horizontal":"text-center align-center","content_position_vertical":"justify-center","title":"","text_size":1,"button_style":"button--filled","button_text":"","button_url":"","content_layout":"content--relative","block_margin_left":0,"block_margin_right":0,"block_padding_top":0,"block_padding_bottom":0,"block_padding_left":0,"block_padding_right":0}},"64cb813d-a814-4f33-b2b8-7dd1a3d5548e":{"type":"tile","settings":{"color_scheme_text":"text-colors-default","color_scheme_background":"background-colors-accent-2","image_desktop":"shopify:\/\/shop_images\/DSC03626.jpg","video_desktop_external":"","video_mobile_external":"","content_position_horizontal":"text-center align-center","content_position_vertical":"justify-center","title":"","text_size":1,"button_style":"button--filled","button_text":"","button_url":"\/","content_layout":"content--relative","block_margin_left":0,"block_margin_right":0,"block_padding_top":0,"block_padding_bottom":0,"block_padding_left":0,"block_padding_right":0}}},"block_order":["1161a2bf-ce58-4bec-87c5-98ef479f5bd7","64cb813d-a814-4f33-b2b8-7dd1a3d5548e"],"settings":{"section_width":"max-w-page","section_height":70,"layout":"section-dual-tiles--50-50","gap_between_tiles":0.2,"spacing_top_desktop":1,"spacing_bottom_desktop":1,"spacing_top_mobile":1,"spacing_bottom_mobile":1}},"86d98263-d012-4a6c-9f53-2c0346933eaf":{"type":"dual-tiles","blocks":{"96e0d92f-5fc2-489f-b038-d5cb89769eb3":{"type":"tile","settings":{"color_scheme_text":"text-colors-default","color_scheme_background":"background-colors-accent-1","image_desktop":"shopify:\/\/shop_images\/DSC03118.jpg","video_desktop_external":"","video_mobile_external":"","content_position_horizontal":"text-center align-center","content_position_vertical":"justify-center","title":"","text_size":1,"button_style":"button--filled","button_text":"","button_url":"","content_layout":"content--relative","block_margin_left":0,"block_margin_right":0,"block_padding_top":0,"block_padding_bottom":0,"block_padding_left":0,"block_padding_right":0}},"7e2101d9-8278-4bde-acf5-7b7ee5927a10":{"type":"tile","settings":{"color_scheme_text":"text-colors-default","color_scheme_background":"background-colors-accent-2","image_desktop":"shopify:\/\/shop_images\/DSC03161.jpg","video_desktop_external":"","video_mobile_external":"","content_position_horizontal":"text-center align-center","content_position_vertical":"justify-center","title":"","text_size":1,"button_style":"button--filled","button_text":"","button_url":"\/","content_layout":"content--relative","block_margin_left":0,"block_margin_right":0,"block_padding_top":0,"block_padding_bottom":0,"block_padding_left":0,"block_padding_right":0}}},"block_order":["96e0d92f-5fc2-489f-b038-d5cb89769eb3","7e2101d9-8278-4bde-acf5-7b7ee5927a10"],"settings":{"section_width":"max-w-page","section_height":70,"layout":"section-dual-tiles--50-50","gap_between_tiles":0.2,"spacing_top_desktop":1,"spacing_bottom_desktop":1,"spacing_top_mobile":1,"spacing_bottom_mobile":1}},"1a890da9-b3df-42f6-9959-8e965146e44f":{"type":"tab","blocks":{"5b47d4e4-75a0-4cd2-8f1c-fe5316e96c3f":{"type":"tab","settings":{"title":"","m_image":"shopify:\/\/shop_images\/DSC03308.jpg"}},"4e9d8324-218a-4370-8bde-639fa5eb9d26":{"type":"tab","settings":{"title":"","m_image":"shopify:\/\/shop_images\/DSC03212.jpg"}},"cdaecb3f-a0d9-4654-a620-1033999adaa7":{"type":"tab","settings":{"title":"","m_image":"shopify:\/\/shop_images\/DSC03088.jpg"}},"10effb89-c7e5-4cdb-8f52-111ef63a8fa3":{"type":"tab","settings":{"title":"","m_image":"shopify:\/\/shop_images\/DSC02836.jpg"}}},"block_order":["5b47d4e4-75a0-4cd2-8f1c-fe5316e96c3f","4e9d8324-218a-4370-8bde-639fa5eb9d26","cdaecb3f-a0d9-4654-a620-1033999adaa7","10effb89-c7e5-4cdb-8f52-111ef63a8fa3"],"settings":{"full_width":true,"content_size":"medium","subheading":"Subheading","title":"Heading","first_tab_open":false,"background":"","background_gradient":"","text_color":"","heading_color":"","heading_gradient":"","elements_per_row":4}},"fda294d3-8b60-41e0-8386-843e8f38c3d4":{"type":"dual-tiles","blocks":{"27a7bd80-35f1-4f67-b8d8-880b6fa8c569":{"type":"tile","settings":{"color_scheme_text":"text-colors-default","color_scheme_background":"background-colors-accent-1","image_desktop":"shopify:\/\/shop_images\/DSC02969.jpg","video_desktop_external":"","video_mobile_external":"","content_position_horizontal":"text-center align-center","content_position_vertical":"justify-center","title":"","text_size":1,"button_style":"button--filled","button_text":"","button_url":"","content_layout":"content--relative","block_margin_left":0,"block_margin_right":0,"block_padding_top":0,"block_padding_bottom":0,"block_padding_left":0,"block_padding_right":0}},"d73ba4b8-22df-4170-a654-ea76d2b86751":{"type":"tile","settings":{"color_scheme_text":"text-colors-default","color_scheme_background":"background-colors-accent-2","image_desktop":"shopify:\/\/shop_images\/DSC03015.jpg","video_desktop_external":"","video_mobile_external":"","content_position_horizontal":"text-center align-center","content_position_vertical":"justify-center","title":"","text_size":1,"button_style":"button--filled","button_text":"","button_url":"\/","content_layout":"content--relative","block_margin_left":0,"block_margin_right":0,"block_padding_top":0,"block_padding_bottom":0,"block_padding_left":0,"block_padding_right":0}}},"block_order":["27a7bd80-35f1-4f67-b8d8-880b6fa8c569","d73ba4b8-22df-4170-a654-ea76d2b86751"],"settings":{"section_width":"max-w-page","section_height":70,"layout":"section-dual-tiles--50-50","gap_between_tiles":0.2,"spacing_top_desktop":1,"spacing_bottom_desktop":1,"spacing_top_mobile":1,"spacing_bottom_mobile":1}},"72a5fdab-5ccc-436d-a418-0d6e879b60da":{"type":"tab","blocks":{"22c8b61d-cc4b-4d52-8272-b3f0dde293de":{"type":"tab","settings":{"title":"","m_image":"shopify:\/\/shop_images\/DSC02930.jpg"}},"6d34e845-c3ce-4e39-b301-071352b98906":{"type":"tab","settings":{"title":"","m_image":"shopify:\/\/shop_images\/DSC02924.jpg"}},"144d2c21-d996-4820-941b-8e122b305877":{"type":"tab","settings":{"title":"","m_image":"shopify:\/\/shop_images\/DSC02700.jpg"}},"7ed24976-fc22-4ba2-b2a5-3d41e4720989":{"type":"tab","settings":{"title":"","m_image":"shopify:\/\/shop_images\/DSC02653.jpg"}},"4b79c28f-6dfb-4c42-bf91-afc02828e321":{"type":"tab","settings":{"title":"","m_image":"shopify:\/\/shop_images\/DSC02677.jpg"}},"48d977b6-5007-476f-a7a9-38f0aa61e85b":{"type":"tab","settings":{"title":"","m_image":"shopify:\/\/shop_images\/DSC02472.jpg"}},"4ae8fd6d-d16d-439e-bd1f-df2407199bc6":{"type":"tab","settings":{"title":"","m_image":"shopify:\/\/shop_images\/DSC02544.jpg"}},"24287a33-c93e-4e4d-9ba5-8ed47869451e":{"type":"tab","settings":{"title":"","m_image":"shopify:\/\/shop_images\/DSC02634.jpg"}}},"block_order":["22c8b61d-cc4b-4d52-8272-b3f0dde293de","6d34e845-c3ce-4e39-b301-071352b98906","144d2c21-d996-4820-941b-8e122b305877","7ed24976-fc22-4ba2-b2a5-3d41e4720989","4b79c28f-6dfb-4c42-bf91-afc02828e321","48d977b6-5007-476f-a7a9-38f0aa61e85b","4ae8fd6d-d16d-439e-bd1f-df2407199bc6","24287a33-c93e-4e4d-9ba5-8ed47869451e"],"settings":{"full_width":true,"content_size":"medium","subheading":"Subheading","title":"Heading","first_tab_open":false,"background":"","background_gradient":"","text_color":"","heading_color":"","heading_gradient":"","elements_per_row":4}},"7a80acee-30d4-4990-a8da-8ec329164eff":{"type":"dual-tiles","blocks":{"429e2657-7981-4eda-92ac-7d2581b7662d":{"type":"tile","settings":{"color_scheme_text":"text-colors-default","color_scheme_background":"background-colors-accent-1","image_desktop":"shopify:\/\/shop_images\/DSC02344jpg.jpg","video_desktop_external":"","video_mobile_external":"","content_position_horizontal":"text-center align-center","content_position_vertical":"justify-center","title":"","text_size":1,"button_style":"button--filled","button_text":"","button_url":"","content_layout":"content--relative","block_margin_left":0,"block_margin_right":0,"block_padding_top":0,"block_padding_bottom":0,"block_padding_left":0,"block_padding_right":0}},"f74a1bf3-c1fd-4bce-a474-1c65db451cf7":{"type":"tile","settings":{"color_scheme_text":"text-colors-default","color_scheme_background":"background-colors-accent-2","image_desktop":"shopify:\/\/shop_images\/DSC02301.jpg","video_desktop_external":"","video_mobile_external":"","content_position_horizontal":"text-center align-center","content_position_vertical":"justify-center","title":"","text_size":1,"button_style":"button--filled","button_text":"","button_url":"\/","content_layout":"content--relative","block_margin_left":0,"block_margin_right":0,"block_padding_top":0,"block_padding_bottom":0,"block_padding_left":0,"block_padding_right":0}}},"block_order":["429e2657-7981-4eda-92ac-7d2581b7662d","f74a1bf3-c1fd-4bce-a474-1c65db451cf7"],"settings":{"section_width":"max-w-page","section_height":70,"layout":"section-dual-tiles--50-50","gap_between_tiles":0.2,"spacing_top_desktop":1,"spacing_bottom_desktop":1,"spacing_top_mobile":1,"spacing_bottom_mobile":1}},"88ca58dd-4629-421e-b122-9b0b5949e46e":{"type":"dual-tiles","blocks":{"43ec90bf-baa9-42d3-9aad-899e317e72cd":{"type":"tile","settings":{"color_scheme_text":"text-colors-default","color_scheme_background":"background-colors-accent-1","image_desktop":"shopify:\/\/shop_images\/DSC02274.jpg","video_desktop_external":"","video_mobile_external":"","content_position_horizontal":"text-center align-center","content_position_vertical":"justify-center","title":"","text_size":1,"button_style":"button--filled","button_text":"","button_url":"","content_layout":"content--relative","block_margin_left":0,"block_margin_right":0,"block_padding_top":0,"block_padding_bottom":0,"block_padding_left":0,"block_padding_right":0}},"b6cbb6e1-7b0b-4e01-9599-e0f0345c4679":{"type":"tile","settings":{"color_scheme_text":"text-colors-default","color_scheme_background":"background-colors-accent-2","image_desktop":"shopify:\/\/shop_images\/DSC02295.jpg","video_desktop_external":"","video_mobile_external":"","content_position_horizontal":"text-center align-center","content_position_vertical":"justify-center","title":"","text_size":1,"button_style":"button--filled","button_text":"","button_url":"\/","content_layout":"content--relative","block_margin_left":0,"block_margin_right":0,"block_padding_top":0,"block_padding_bottom":0,"block_padding_left":0,"block_padding_right":0}}},"block_order":["43ec90bf-baa9-42d3-9aad-899e317e72cd","b6cbb6e1-7b0b-4e01-9599-e0f0345c4679"],"settings":{"section_width":"max-w-page","section_height":70,"layout":"section-dual-tiles--50-50","gap_between_tiles":0.2,"spacing_top_desktop":1,"spacing_bottom_desktop":1,"spacing_top_mobile":1,"spacing_bottom_mobile":1}},"cf2f08e5-dc5d-4868-84cf-a89bb4ecd56e":{"type":"dual-tiles","blocks":{"2f3016e2-7723-4d4d-97b7-7d77644b0af3":{"type":"tile","settings":{"color_scheme_text":"text-colors-default","color_scheme_background":"background-colors-accent-1","image_desktop":"shopify:\/\/shop_images\/DSC02790.jpg","video_desktop_external":"","video_mobile_external":"","content_position_horizontal":"text-center align-center","content_position_vertical":"justify-center","title":"","text_size":1,"button_style":"button--filled","button_text":"","button_url":"","content_layout":"content--relative","block_margin_left":0,"block_margin_right":0,"block_padding_top":0,"block_padding_bottom":0,"block_padding_left":0,"block_padding_right":0}},"d698321c-98f1-4e03-b7ab-b3c8f6b5a534":{"type":"tile","settings":{"color_scheme_text":"text-colors-default","color_scheme_background":"background-colors-accent-2","image_desktop":"shopify:\/\/shop_images\/DSC03385.jpg","video_desktop_external":"","video_mobile_external":"","content_position_horizontal":"text-center align-center","content_position_vertical":"justify-center","title":"","text_size":1,"button_style":"button--filled","button_text":"","button_url":"\/","content_layout":"content--relative","block_margin_left":0,"block_margin_right":0,"block_padding_top":0,"block_padding_bottom":0,"block_padding_left":0,"block_padding_right":0}}},"block_order":["2f3016e2-7723-4d4d-97b7-7d77644b0af3","d698321c-98f1-4e03-b7ab-b3c8f6b5a534"],"settings":{"section_width":"max-w-page","section_height":70,"layout":"section-dual-tiles--50-50","gap_between_tiles":0.2,"spacing_top_desktop":1,"spacing_bottom_desktop":1,"spacing_top_mobile":1,"spacing_bottom_mobile":1}}},"order":["main","814188e5-a8a3-4d19-a3db-4935427871bb","5a1954fd-709e-470b-ab8c-5c3e0a226d84","e2d1e4a4-35cf-4dfe-b89b-dabdfc35f46e","27ff70d4-1b64-41e6-9e40-7c9146abab89","5d206369-9dce-488a-bcc1-3a242cdfba6e","b56b7940-4cfa-4bbb-8d7d-0fdf523e63bc","2510cd25-11e1-4598-a381-c034dfeb2206","e1f96fc5-3d29-4710-94be-a66ca33501ef","86d98263-d012-4a6c-9f53-2c0346933eaf","1a890da9-b3df-42f6-9959-8e965146e44f","fda294d3-8b60-41e0-8386-843e8f38c3d4","72a5fdab-5ccc-436d-a418-0d6e879b60da","7a80acee-30d4-4990-a8da-8ec329164eff","88ca58dd-4629-421e-b122-9b0b5949e46e","cf2f08e5-dc5d-4868-84cf-a89bb4ecd56e"]}