{"sections":{"c560ca8c-1f7d-41aa-8eec-b8a20e0af7f0":{"type":"spacing","settings":{"color_scheme_background":"background-colors-default","spacing_desktop":40,"spacing_mobile":20}},"main":{"type":"main-product","blocks":{"6dcccc13-e9c1-4a89-ac36-005fd7c27968":{"type":"custom_liquid","settings":{"custom_liquid":"<style>\n.bridal-preorder__popup {\nposition: fixed;\nwidth: 75vw;\nbackground: #fff;\nbox-shadow: 0px 5px 35px #00000060;\ntop: 50%;\nleft: 50%;\ntransform: translate(-50%, -50%);\nz-index: 3;\nbox-sizing: border-box;\npadding: 56px 48px;\ndisplay: none;\n}\n.bridal-popup_order_form {\nwidth: 50%;\nheight: 100%;\ndisplay: flex;\ngap: 50px;\nflex-direction: column;\nalign-items: center;\nfloat: right;\npadding: 24px;\n}\n.bridal-popup_order_form textarea {\nwidth: 100%;\nborder: 1px solid #e0d5d0; \npadding: 8px 16px;\nmax-height: 350px;\n}\n.bridal-popup_order_form button {\nwidth: 100%;\npadding: 8px;\ntext-transform: uppercase;\nborder: none;\ncolor: #fff;\nbackground: #8E7B70;\n}\n.bridal-popup_order_form input {\nwidth: 100%;\npadding: 8px 24px;\nborder: 1px solid #e0d5d0;\n}\n.bridal-popup__text{\nwidth: 50%;\nfloat: left;\npadding: 24px;\n}\n.bridal-popup__text h3 {\nmargin-top: 24px;\n}\n.bridal-popup__text p {\nmargin-top: 24px;\n}\n.closeBridalForm {\ncursor: pointer;\nheight: 30px;\nwidth: 30px;\nposition: absolute;\ntop: 20px;\nright: 20px;\npadding: 0;\ndisplay: block;\n}\n.closeBridalForm svg {\nfill: #8E7B70;\nmargin-top: -6px;\n<\/style>\n<div class=\"bridal-preorder__popup\">\n<div class=\"bridal-popup__text\">\n<h1>\nPreorder bridal Now\n<\/h1>\n<h3>\nLorem ipsum dolor sit amet, consectetur adipiscing elit. Sed quis euismod lectus. Nulla mattis vel ipsum ut sollicitudin.\n<\/h3>\n<p>\nClass aptent taciti sociosqu ad litora torquent per conubia nostra, per inceptos himenaeos. Phasellus facilisis est a massa rutrum, sit amet luctus nisl condimentum. Etiam faucibus, sem in hendrerit commodo, tellus magna malesuada risus, nec hendrerit diam mi in ex.\n<\/p>\n<\/div>\n<div class=\"bridal-popup_order_form\">\n<link rel=\"stylesheet\" href=\"{{- 'form-contact.css' | asset_url -}}\" media=\"print\" onload=\"this.media='all'\">\n<noscript>\n  {{- 'form-contact.css' | asset_url | stylesheet_tag -}}\n<\/noscript>\n\n<section class=\"form-contact {{ section.settings.color_scheme_text }} {{ section.settings.color_scheme_background }}\">\n  <div class=\"container container--small\">\n    {%- form 'contact', id: 'ContactForm' -%}\n      {%- if form.posted_successfully? -%}\n        <h3 class=\"h4\" tabindex=\"-1\" autofocus>{{- 'contact.form.success' | t -}}<\/h3><!-- \/.h4 -->\n      {%- elsif form.errors -%}\n        <div class=\"color-red\">\n          {{- form.errors | default_errors -}}\n        <\/div><!-- \/.color-red -->\n      {%- endif -%}\n\n      <div class=\"form-row form-row--double\">\n        {%-\n          liquid\n          assign label = 'contact.form.name' | t\n          assign placeholder = 'contact.form.name' | t\n          capture attr\n            echo 'autocomplete=\"name\"'\n          endcapture\n          if form.name\n            assign value = form.name\n          elsif customer\n            assign value = customer.name\n          else\n            assign value = ''\n          endif\n          render 'text-input', id: 'ContactForm-name', label: label, name: 'contact[Name]', placeholder: placeholder, attr: attr, value: value\n        -%}\n\n        {%-\n          liquid\n          assign label = 'contact.form.email' | t | append: ' <span class=\"color-red\" aria-hidden=\"true\">*<\/span>'\n          assign placeholder = 'contact.form.email' | t\n          capture attr\n            echo 'autocomplete=\"email\"'\n            echo 'spellcheck=\"false\"'\n            echo 'autocapitalize=\"off\"'\n            echo 'aria-required=\"true\"'\n          endcapture\n          if form.email\n            assign value = form.email\n          elsif customer\n            assign value = customer.email\n          else\n            assign value = ''\n          endif\n          if form.errors contains 'email'\n            assign error = form.errors.translated_fields['email'] | capitalize | append: ' ' | append: form.errors.messages['email']\n            assign has_error = true\n          endif\n          render 'text-input', id: 'ContactForm-email', type: 'email', label: label, name: 'contact[email]', placeholder: placeholder, attr: attr, value: value, has_error: has_error, message: error\n        -%}\n      <\/div><!-- \/.form-row form-row--double -->\n\n      <div class=\"form-row\">\n        {%-\n          liquid\n          assign label = 'contact.form.message' | t\n          assign placeholder = 'contact.form.message' | t\n          assign name = 'contact.form.message' | t\n          render 'textarea-input', id: 'ContactForm-body', label: label, name: name, placeholder: placeholder, body: form.body\n        -%}\n      <\/div><!-- \/.form-row -->\n\n      <div class=\"form-row form-row--actions\">\n        {%- assign value = 'contact.form.submit' | t -%}\n        {%- render 'button', type: 'submit', style: 'solid', value: value, class: 'button' -%}\n        {%- assign value = nil -%}\n      <\/div><!-- \/.form-row -->\n    {%- endform -%}\n  <\/div><!-- \/.container container--small -->\n<\/section><!-- \/.form-contact -->\n<\/div>\n<div class=\"closeBridalForm\">\n<svg viewBox=\"0 0 384 512\"><path d=\"M342.6 150.6c12.5-12.5 12.5-32.8 0-45.3s-32.8-12.5-45.3 0L192 210.7 86.6 105.4c-12.5-12.5-32.8-12.5-45.3 0s-12.5 32.8 0 45.3L146.7 256 41.4 361.4c-12.5 12.5-12.5 32.8 0 45.3s32.8 12.5 45.3 0L192 301.3 297.4 406.6c12.5 12.5 32.8 12.5 45.3 0s12.5-32.8 0-45.3L237.3 256 342.6 150.6z\"\/>\n<\/svg>\n<\/div>\n<\/div>"}},"1e0c79e9-7de0-4eee-b9c5-f27132635fb8":{"type":"title","settings":{}},"8effeb43-55b7-4ec4-ab9b-68bcd89b865b":{"type":"price","settings":{}},"1e939cd6-0958-4135-a9e5-c50faef01437":{"type":"variant_picker","settings":{"title":"Variant picker","custom_liquid":"","variant_picker_layout":"product-selector--default","variant_picker_type":"dropdowns","size_guide_page":"size-guide"}},"1e939cd6-0955-4135-a9e5-c50faef01437":{"type":"purchase_options","settings":{}},"8604a6ff-ad0b-44dd-8068-1de4e062f8e8":{"type":"buy_buttons","disabled":true,"settings":{"show_quantity":true,"quantity_type":"seperate","show_dynamic_checkout":false}},"f09b3900-6d22-4556-91ab-4f540bdd7502":{"type":"custom_liquid","settings":{"custom_liquid":"<style>\n.bridal-product-order__button {\nborder: none;\nwidth: 100%;\npadding: 8px;\nbackground: #8E7B70;\ncolor: white;\ntext-transform: uppercase;\nfont-weight: 500;\nletter-spacing: 1px;\n.bridal-product-order__button:hover{\nborder: 5px solid #8E7B70;\nbackground: none;\n\n<\/style>\n<button class=\"bridal-product-order__button\">Pre order now<\/button>"}},"e6d841d6-2f71-40b3-956a-912df13f9f6e":{"type":"inventory_notice","settings":{"inventory_threshold":27}},"b2dabe12-2158-4ba6-bc54-9baae453acf5":{"type":"text","settings":{"text":"Free delivery and shipping","text_style":"body","link_to_resource":"none"}},"1ad0121e-439d-45c0-b45d-4f080836ade5":{"type":"text","settings":{"text":"Secure online payment","text_style":"body","link_to_resource":"none"}},"7be6b89c-da83-4ff2-9b85-44fb28cbfa27":{"type":"pickup-availability","settings":{}},"a946993b-3c21-48e0-91c3-0e001ee620f0":{"type":"custom_liquid","disabled":true,"settings":{"custom_liquid":"<div class=\"accordion\" id=\"accordionExample\">\n  <div class=\"accordion-item\">\n    <h2 class=\"accordion-header\" id=\"headingOne\">\n      <button class=\"accordion-button\" type=\"button\" data-bs-toggle=\"collapse\" data-bs-target=\"#collapseOne\" aria-expanded=\"true\" aria-controls=\"collapseOne\">\n        Description\n      <\/button>\n    <\/h2>\n    <div id=\"collapseOne\" class=\"accordion-collapse collapse show\" aria-labelledby=\"headingOne\" data-bs-parent=\"#accordionExample\">\n      <div class=\"accordion-body\">\n        <strong>This is the first item's accordion body.<\/strong> It is shown by default, until the collapse plugin adds the appropriate classes that we use to style each element. These classes control the overall appearance, as well as the showing and hiding via CSS transitions. You can modify any of this with custom CSS or overriding our default variables. It's also worth noting that just about any HTML can go within the <code>.accordion-body<\/code>, though the transition does limit overflow.\n      <\/div>\n    <\/div>\n  <\/div>\n  <div class=\"accordion-item\">\n    <h2 class=\"accordion-header\" id=\"headingTwo\">\n      <button class=\"accordion-button collapsed\" type=\"button\" data-bs-toggle=\"collapse\" data-bs-target=\"#collapseTwo\" aria-expanded=\"false\" aria-controls=\"collapseTwo\">\n        Delivery & Returns\n      <\/button>\n    <\/h2>\n    <div id=\"collapseTwo\" class=\"accordion-collapse collapse\" aria-labelledby=\"headingTwo\" data-bs-parent=\"#accordionExample\">\n      <div class=\"accordion-body\">\n        <strong>This is the second item's accordion body.<\/strong> It is hidden by default, until the collapse plugin adds the appropriate classes that we use to style each element. These classes control the overall appearance, as well as the showing and hiding via CSS transitions. You can modify any of this with custom CSS or overriding our default variables. It's also worth noting that just about any HTML can go within the <code>.accordion-body<\/code>, though the transition does limit overflow.\n      <\/div>\n    <\/div>\n  <\/div>\n  <div class=\"accordion-item\">\n    <h2 class=\"accordion-header\" id=\"headingThree\">\n      <button class=\"accordion-button collapsed\" type=\"button\" data-bs-toggle=\"collapse\" data-bs-target=\"#collapseThree\" aria-expanded=\"false\" aria-controls=\"collapseThree\">\n        Stylist tip\n      <\/button>\n    <\/h2>\n    <div id=\"collapseThree\" class=\"accordion-collapse collapse\" aria-labelledby=\"headingThree\" data-bs-parent=\"#accordionExample\">\n      <div class=\"accordion-body\">\n        <strong>This is the third item's accordion body.<\/strong> It is hidden by default, until the collapse plugin adds the appropriate classes that we use to style each element. These classes control the overall appearance, as well as the showing and hiding via CSS transitions. You can modify any of this with custom CSS or overriding our default variables. It's also worth noting that just about any HTML can go within the <code>.accordion-body<\/code>, though the transition does limit overflow.\n      <\/div>\n    <\/div>\n  <\/div>\n  <div class=\"accordion-item\">\n    <h2 class=\"accordion-header\" id=\"heading_4\">\n      <button class=\"accordion-button collapsed\" type=\"button\" data-bs-toggle=\"collapse\" data-bs-target=\"#collapse_4\" aria-expanded=\"false\" aria-controls=\"collapse_4\">\n        Contact Us\n      <\/button>\n    <\/h2>\n    <div id=\"collapse_4\" class=\"accordion-collapse collapse\" aria-labelledby=\"heading_4\" data-bs-parent=\"#accordionExample\">\n      <div class=\"accordion-body\">\n        <strong>This is the third item's accordion body.<\/strong> It is hidden by default, until the collapse plugin adds the appropriate classes that we use to style each element. These classes control the overall appearance, as well as the showing and hiding via CSS transitions. You can modify any of this with custom CSS or overriding our default variables. It's also worth noting that just about any HTML can go within the <code>.accordion-body<\/code>, though the transition does limit overflow.\n      <\/div>\n    <\/div>\n  <\/div>\n<\/div>"}},"1a63a1db-be48-48d9-b89d-fa4c94e6bb3b":{"type":"Custom_Tab","settings":{"tab_t1":"Description","tab_d1":"","tab_t2":"","tab_d2":"<p>Delivery & Returns<\/p>","tab_t3":"","tab_d3":"<p>Stylist tip<\/p>","tab_t4":"","tab_d4":"","tab_t5":"Contact Us","tab_d5":"shopify:\/\/pages\/contact-us"}},"8a8100de-4f8a-4a02-ad7d-3c2b0600c542":{"type":"custom_liquid","settings":{"custom_liquid":"<script>\nconst bridalPreorderBtn = document.querySelector(\".bridal-product-order__button\");\nconst bridalFormBlock = \ndocument.querySelector(\".bridal-preorder__popup\");\nconst closeForm = \ndocument.querySelector(\".closeBridalForm\");\n\nbridalPreorderBtn.addEventListener('click', openBridalForm);\n\ncloseForm.addEventListener('click', closeBridalForm);\n\nfunction openBridalForm(){\nbridalFormBlock.style.display = \"block\";\n}\nfunction closeBridalForm(){\nbridalFormBlock.style.display = \"none\";\n}\n\n\n\n\n<\/script>"}}},"block_order":["6dcccc13-e9c1-4a89-ac36-005fd7c27968","1e0c79e9-7de0-4eee-b9c5-f27132635fb8","8effeb43-55b7-4ec4-ab9b-68bcd89b865b","1e939cd6-0958-4135-a9e5-c50faef01437","1e939cd6-0955-4135-a9e5-c50faef01437","8604a6ff-ad0b-44dd-8068-1de4e062f8e8","f09b3900-6d22-4556-91ab-4f540bdd7502","e6d841d6-2f71-40b3-956a-912df13f9f6e","b2dabe12-2158-4ba6-bc54-9baae453acf5","1ad0121e-439d-45c0-b45d-4f080836ade5","7be6b89c-da83-4ff2-9b85-44fb28cbfa27","a946993b-3c21-48e0-91c3-0e001ee620f0","1a63a1db-be48-48d9-b89d-fa4c94e6bb3b","8a8100de-4f8a-4a02-ad7d-3c2b0600c542"],"custom_css":[".accordion .accordion-item .accordion-header .accordion-button,.accordion .accordion-item p {font-family: \"Romie-Regular\"; font-size: 14px;}",".shopify-payment-button__button {background: #000; display: flex; justify-content: center; align-items: center; cursor: pointer;}",".shopify-payment-button__button:hover {color: #000 !important; background: #fff !important;}"],"settings":{"padding_vertical_desktop":"pt-0-desktop pb-0-desktop","padding_vertical_mobile":"pt-0-mobile pb-0-mobile","breadcrumbs_color_scheme_text":"text-colors-default","tags_color_scheme_text":"text-colors-inverse","slider_media_adaptive_ratio":false,"show_tags_on_mobile":true,"enable_actions_bar":true,"horizontal_alignment":"text-left","image_vertical_alignment":"flex-start","product_media_layout":"product__media-layout--partial"}},"977cac03-4044-4567-8907-fa55103a47eb":{"type":"complete-the-set","blocks":{"fec25a48-cc42-4f7d-bbf5-215567a945e9":{"type":"popup-drawer","settings":{"button_text":"Description","button_type":"drawer","button_url":"shopify:\/\/products\/birdie-bottoms-nero","drawer_richtext":"<p>[description]<\/p>","drawer_page":""}},"4f41f466-653b-4675-91c2-051a7830a3cc":{"type":"popup-drawer","settings":{"button_text":"Delivery & Returns","button_type":"drawer","button_url":"shopify:\/\/policies\/shipping-policy","drawer_richtext":"<p>Shipping and returns can be inserted here.<\/p>","drawer_page":""}},"f9d768f7-b69b-4425-b3d7-33216740b2dd":{"type":"popup-drawer","settings":{"button_text":"Stylist tip","button_type":"drawer","button_url":"","drawer_richtext":"<p>Stylist tips can be entered here.<\/p>","drawer_page":""}},"94d964a1-0d79-4544-8288-24863da87e2d":{"type":"popup-drawer","settings":{"button_text":"Model Measurments","button_type":"link","button_url":"","drawer_richtext":"<p>Model measurements can be inserted here.<\/p>","drawer_page":""}},"ab4932da-0d31-4117-a170-3d12f59976ca":{"type":"popup-drawer","settings":{"button_text":"Contact us","button_type":"link","button_url":"shopify:\/\/pages\/contact-us","drawer_richtext":"","drawer_page":""}}},"block_order":["fec25a48-cc42-4f7d-bbf5-215567a945e9","4f41f466-653b-4675-91c2-051a7830a3cc","f9d768f7-b69b-4425-b3d7-33216740b2dd","94d964a1-0d79-4544-8288-24863da87e2d","ab4932da-0d31-4117-a170-3d12f59976ca"],"disabled":true,"settings":{"padding_vertical_desktop":"","padding_vertical_mobile":"","color_scheme_text":"text-colors-default","color_scheme_background":"background-colors-default","title":"Complete the set","content_type":"products","flip_desktop":false,"flip_mobile":true}},"aa404fbc-0296-4f69-b8d8-a06a104ebc2b":{"type":"shop-the-look","blocks":{"template--17709035520315__aa404fbc-0296-4f69-b8d8-a06a104ebc2b-16749119417dc0d162-0":{"type":"slide","settings":{"product":"abundance-dress-lavender","dot_position_horizontal":36,"dot_position_vertical":45}},"e7aedfcc-e45c-43f5-9cb2-98e88d70e5b4":{"type":"slide","settings":{"product":"arabian-jackets-outerwear-khaki","dot_position_horizontal":50,"dot_position_vertical":50}}},"block_order":["template--17709035520315__aa404fbc-0296-4f69-b8d8-a06a104ebc2b-16749119417dc0d162-0","e7aedfcc-e45c-43f5-9cb2-98e88d70e5b4"],"disabled":true,"settings":{"padding_vertical_desktop":"","padding_vertical_mobile":"","color_scheme_text":"text-colors-default","color_scheme_background":"background-colors-default","reverse_positions":true,"title":"Shop the look","image_desktop":"shopify:\/\/shop_images\/YS-51715-MLT-F23-4.jpg"}},"recommendations":{"type":"product-recommendations","settings":{"padding_vertical_desktop":"","padding_vertical_mobile":"","layout":"layout-1","gap_between_desktop":2,"gap_between_mobile":2,"color_scheme_text":"text-colors-default","color_scheme_background":"background-colors-default","title":"You may also like","max_products":8,"show_unavailable_products":false}},"recently_viewed":{"type":"recently-viewed-products","settings":{"padding_vertical_desktop":"pt-0-desktop","padding_vertical_mobile":"pt-0-mobile","color_scheme_text":"text-colors-default","color_scheme_background":"background-colors-accent-1","title":"Recently viewed","button_text":"","button_url":"","max_products":8,"show_unavailable_products":false}},"166904322806a89075":{"type":"apps","settings":{}}},"order":["c560ca8c-1f7d-41aa-8eec-b8a20e0af7f0","main","977cac03-4044-4567-8907-fa55103a47eb","aa404fbc-0296-4f69-b8d8-a06a104ebc2b","recommendations","recently_viewed","166904322806a89075"]}