{"sections":{"c560ca8c-1f7d-41aa-8eec-b8a20e0af7f0":{"type":"spacing","settings":{"color_scheme_background":"background-colors-default","spacing_desktop":40,"spacing_mobile":20}},"main":{"type":"main-product","blocks":{"1e0c79e9-7de0-4eee-b9c5-f27132635fb8":{"type":"title","settings":{}},"8effeb43-55b7-4ec4-ab9b-68bcd89b865b":{"type":"price","settings":{}},"1e939cd6-0958-4135-a9e5-c50faef01437":{"type":"variant_picker","settings":{"title":"Variant picker","custom_liquid":"","variant_picker_layout":"product-selector--default","variant_picker_type":"dropdowns","size_guide_page":"size-guide"}},"1e939cd6-0955-4135-a9e5-c50faef01437":{"type":"purchase_options","settings":{}},"8604a6ff-ad0b-44dd-8068-1de4e062f8e8":{"type":"buy_buttons","settings":{"show_quantity":true,"quantity_type":"seperate","show_dynamic_checkout":true}},"e6d841d6-2f71-40b3-956a-912df13f9f6e":{"type":"inventory_notice","settings":{"inventory_threshold":27}},"b2dabe12-2158-4ba6-bc54-9baae453acf5":{"type":"text","settings":{"text":"Free delivery and shipping","text_style":"body","link_to_resource":"none"}},"1ad0121e-439d-45c0-b45d-4f080836ade5":{"type":"text","settings":{"text":"Secure online payment","text_style":"body","link_to_resource":"none"}},"7be6b89c-da83-4ff2-9b85-44fb28cbfa27":{"type":"pickup-availability","settings":{}},"a946993b-3c21-48e0-91c3-0e001ee620f0":{"type":"custom_liquid","disabled":true,"settings":{"custom_liquid":"<div class=\"accordion\" id=\"accordionExample\">\n  <div class=\"accordion-item\">\n    <h2 class=\"accordion-header\" id=\"headingOne\">\n      <button class=\"accordion-button\" type=\"button\" data-bs-toggle=\"collapse\" data-bs-target=\"#collapseOne\" aria-expanded=\"true\" aria-controls=\"collapseOne\">\n        Description\n      <\/button>\n    <\/h2>\n    <div id=\"collapseOne\" class=\"accordion-collapse collapse show\" aria-labelledby=\"headingOne\" data-bs-parent=\"#accordionExample\">\n      <div class=\"accordion-body\">\n        <strong>This is the first item's accordion body.<\/strong> It is shown by default, until the collapse plugin adds the appropriate classes that we use to style each element. These classes control the overall appearance, as well as the showing and hiding via CSS transitions. You can modify any of this with custom CSS or overriding our default variables. It's also worth noting that just about any HTML can go within the <code>.accordion-body<\/code>, though the transition does limit overflow.\n      <\/div>\n    <\/div>\n  <\/div>\n  <div class=\"accordion-item\">\n    <h2 class=\"accordion-header\" id=\"headingTwo\">\n      <button class=\"accordion-button collapsed\" type=\"button\" data-bs-toggle=\"collapse\" data-bs-target=\"#collapseTwo\" aria-expanded=\"false\" aria-controls=\"collapseTwo\">\n        Delivery & Returns\n      <\/button>\n    <\/h2>\n    <div id=\"collapseTwo\" class=\"accordion-collapse collapse\" aria-labelledby=\"headingTwo\" data-bs-parent=\"#accordionExample\">\n      <div class=\"accordion-body\">\n        <strong>This is the second item's accordion body.<\/strong> It is hidden by default, until the collapse plugin adds the appropriate classes that we use to style each element. These classes control the overall appearance, as well as the showing and hiding via CSS transitions. You can modify any of this with custom CSS or overriding our default variables. It's also worth noting that just about any HTML can go within the <code>.accordion-body<\/code>, though the transition does limit overflow.\n      <\/div>\n    <\/div>\n  <\/div>\n  <div class=\"accordion-item\">\n    <h2 class=\"accordion-header\" id=\"headingThree\">\n      <button class=\"accordion-button collapsed\" type=\"button\" data-bs-toggle=\"collapse\" data-bs-target=\"#collapseThree\" aria-expanded=\"false\" aria-controls=\"collapseThree\">\n        Stylist tip\n      <\/button>\n    <\/h2>\n    <div id=\"collapseThree\" class=\"accordion-collapse collapse\" aria-labelledby=\"headingThree\" data-bs-parent=\"#accordionExample\">\n      <div class=\"accordion-body\">\n        <strong>This is the third item's accordion body.<\/strong> It is hidden by default, until the collapse plugin adds the appropriate classes that we use to style each element. These classes control the overall appearance, as well as the showing and hiding via CSS transitions. You can modify any of this with custom CSS or overriding our default variables. It's also worth noting that just about any HTML can go within the <code>.accordion-body<\/code>, though the transition does limit overflow.\n      <\/div>\n    <\/div>\n  <\/div>\n  <div class=\"accordion-item\">\n    <h2 class=\"accordion-header\" id=\"heading_4\">\n      <button class=\"accordion-button collapsed\" type=\"button\" data-bs-toggle=\"collapse\" data-bs-target=\"#collapse_4\" aria-expanded=\"false\" aria-controls=\"collapse_4\">\n        Contact Us\n      <\/button>\n    <\/h2>\n    <div id=\"collapse_4\" class=\"accordion-collapse collapse\" aria-labelledby=\"heading_4\" data-bs-parent=\"#accordionExample\">\n      <div class=\"accordion-body\">\n        <strong>This is the third item's accordion body.<\/strong> It is hidden by default, until the collapse plugin adds the appropriate classes that we use to style each element. These classes control the overall appearance, as well as the showing and hiding via CSS transitions. You can modify any of this with custom CSS or overriding our default variables. It's also worth noting that just about any HTML can go within the <code>.accordion-body<\/code>, though the transition does limit overflow.\n      <\/div>\n    <\/div>\n  <\/div>\n<\/div>"}},"1a63a1db-be48-48d9-b89d-fa4c94e6bb3b":{"type":"Custom_Tab","settings":{"tab_t1":"Description","tab_d1":"","tab_t2":"","tab_d2":"<p>Delivery & Returns<\/p>","tab_t3":"","tab_d3":"<p>Stylist tip<\/p>","tab_t4":"","tab_d4":"","tab_t5":"Contact Us","tab_d5":"shopify:\/\/pages\/contact-us"}}},"block_order":["1e0c79e9-7de0-4eee-b9c5-f27132635fb8","8effeb43-55b7-4ec4-ab9b-68bcd89b865b","1e939cd6-0958-4135-a9e5-c50faef01437","1e939cd6-0955-4135-a9e5-c50faef01437","8604a6ff-ad0b-44dd-8068-1de4e062f8e8","e6d841d6-2f71-40b3-956a-912df13f9f6e","b2dabe12-2158-4ba6-bc54-9baae453acf5","1ad0121e-439d-45c0-b45d-4f080836ade5","7be6b89c-da83-4ff2-9b85-44fb28cbfa27","a946993b-3c21-48e0-91c3-0e001ee620f0","1a63a1db-be48-48d9-b89d-fa4c94e6bb3b"],"custom_css":[".accordion .accordion-item .accordion-header .accordion-button,.accordion .accordion-item p {font-family: \"Romie-Regular\"; font-size: 14px;}",".shopify-payment-button__button {background: #000; display: flex; justify-content: center; align-items: center; cursor: pointer;}",".shopify-payment-button__button:hover {color: #000 !important; background: #fff !important;}"],"settings":{"padding_vertical_desktop":"pt-0-desktop pb-0-desktop","padding_vertical_mobile":"pt-0-mobile pb-0-mobile","breadcrumbs_color_scheme_text":"text-colors-default","tags_color_scheme_text":"text-colors-inverse","slider_media_adaptive_ratio":false,"show_tags_on_mobile":true,"enable_actions_bar":true,"horizontal_alignment":"text-left","image_vertical_alignment":"flex-start","product_media_layout":"product__media-layout--partial"}},"977cac03-4044-4567-8907-fa55103a47eb":{"type":"complete-the-set","blocks":{"fec25a48-cc42-4f7d-bbf5-215567a945e9":{"type":"popup-drawer","settings":{"button_text":"Description","button_type":"drawer","button_url":"shopify:\/\/products\/birdie-bottoms-nero","drawer_richtext":"<p>[description]<\/p>","drawer_page":""}},"4f41f466-653b-4675-91c2-051a7830a3cc":{"type":"popup-drawer","settings":{"button_text":"Delivery & Returns","button_type":"drawer","button_url":"shopify:\/\/policies\/shipping-policy","drawer_richtext":"<p>Shipping and returns can be inserted here.<\/p>","drawer_page":""}},"f9d768f7-b69b-4425-b3d7-33216740b2dd":{"type":"popup-drawer","settings":{"button_text":"Stylist tip","button_type":"drawer","button_url":"","drawer_richtext":"<p>Stylist tips can be entered here.<\/p>","drawer_page":""}},"94d964a1-0d79-4544-8288-24863da87e2d":{"type":"popup-drawer","settings":{"button_text":"Model Measurments","button_type":"link","button_url":"","drawer_richtext":"<p>Model measurements can be inserted here.<\/p>","drawer_page":""}},"ab4932da-0d31-4117-a170-3d12f59976ca":{"type":"popup-drawer","settings":{"button_text":"Contact us","button_type":"link","button_url":"shopify:\/\/pages\/contact-us","drawer_richtext":"","drawer_page":""}}},"block_order":["fec25a48-cc42-4f7d-bbf5-215567a945e9","4f41f466-653b-4675-91c2-051a7830a3cc","f9d768f7-b69b-4425-b3d7-33216740b2dd","94d964a1-0d79-4544-8288-24863da87e2d","ab4932da-0d31-4117-a170-3d12f59976ca"],"disabled":true,"settings":{"padding_vertical_desktop":"","padding_vertical_mobile":"","color_scheme_text":"text-colors-default","color_scheme_background":"background-colors-default","title":"Complete the set","content_type":"products","flip_desktop":false,"flip_mobile":true}},"aa404fbc-0296-4f69-b8d8-a06a104ebc2b":{"type":"shop-the-look","blocks":{"template--17709035520315__aa404fbc-0296-4f69-b8d8-a06a104ebc2b-16749119417dc0d162-0":{"type":"slide","settings":{"product":"abundance-dress-lavender","dot_position_horizontal":36,"dot_position_vertical":45}},"e7aedfcc-e45c-43f5-9cb2-98e88d70e5b4":{"type":"slide","settings":{"product":"arabian-jackets-outerwear-khaki","dot_position_horizontal":50,"dot_position_vertical":50}}},"block_order":["template--17709035520315__aa404fbc-0296-4f69-b8d8-a06a104ebc2b-16749119417dc0d162-0","e7aedfcc-e45c-43f5-9cb2-98e88d70e5b4"],"disabled":true,"settings":{"padding_vertical_desktop":"","padding_vertical_mobile":"","color_scheme_text":"text-colors-default","color_scheme_background":"background-colors-default","reverse_positions":true,"title":"Shop the look","image_desktop":"shopify:\/\/shop_images\/YS-51715-MLT-F23-4.jpg"}},"recommendations":{"type":"product-recommendations","settings":{"padding_vertical_desktop":"","padding_vertical_mobile":"","layout":"layout-1","gap_between_desktop":2,"gap_between_mobile":2,"color_scheme_text":"text-colors-default","color_scheme_background":"background-colors-default","title":"You may also like","max_products":8,"show_unavailable_products":false}},"recently_viewed":{"type":"recently-viewed-products","settings":{"padding_vertical_desktop":"pt-0-desktop","padding_vertical_mobile":"pt-0-mobile","color_scheme_text":"text-colors-default","color_scheme_background":"background-colors-accent-1","title":"Recently viewed","button_text":"","button_url":"","max_products":8,"show_unavailable_products":false}},"166904322806a89075":{"type":"apps","settings":{}}},"order":["c560ca8c-1f7d-41aa-8eec-b8a20e0af7f0","main","977cac03-4044-4567-8907-fa55103a47eb","aa404fbc-0296-4f69-b8d8-a06a104ebc2b","recommendations","recently_viewed","166904322806a89075"]}