{"sections":{"main":{"type":"main-product","blocks":{"1e0c79e9-7de0-4eee-b9c5-f27132635fb8":{"type":"title","settings":{}},"8effeb43-55b7-4ec4-ab9b-68bcd89b865b":{"type":"price","settings":{}},"1e939cd6-0958-4135-a9e5-c50faef01437":{"type":"variant_picker","settings":{"title":"Variant picker","variant_picker_type":"buttons","size_guide_page":"size-guide"}},"1e939cd6-0955-4135-a9e5-c50faef01437":{"type":"purchase_options","settings":{}},"8604a6ff-ad0b-44dd-8068-1de4e062f8e8":{"type":"buy_buttons","settings":{"show_quantity":true,"quantity_type":"inline","show_dynamic_checkout":true}},"b2dabe12-2158-4ba6-bc54-9baae453acf5":{"type":"text","settings":{"text":"Free delivery and shipping","text_style":"body","link_to_resource":"none"}},"1ad0121e-439d-45c0-b45d-4f080836ade5":{"type":"text","settings":{"text":"Secure online payment","text_style":"body","link_to_resource":"none"}},"7be6b89c-da83-4ff2-9b85-44fb28cbfa27":{"type":"pickup-availability","settings":{}}},"block_order":["1e0c79e9-7de0-4eee-b9c5-f27132635fb8","8effeb43-55b7-4ec4-ab9b-68bcd89b865b","1e939cd6-0958-4135-a9e5-c50faef01437","1e939cd6-0955-4135-a9e5-c50faef01437","8604a6ff-ad0b-44dd-8068-1de4e062f8e8","b2dabe12-2158-4ba6-bc54-9baae453acf5","1ad0121e-439d-45c0-b45d-4f080836ade5","7be6b89c-da83-4ff2-9b85-44fb28cbfa27"],"settings":{"breadcrumbs_color_scheme_text":"text-colors-default","tags_color_scheme_text":"text-colors-inverse","slider_media_adaptive_ratio":false,"show_tags_on_mobile":true,"enable_actions_bar":true}},"977cac03-4044-4567-8907-fa55103a47eb":{"type":"complete-the-set","blocks":{"fec25a48-cc42-4f7d-bbf5-215567a945e9":{"type":"popup-drawer","settings":{"button_text":"Description","button_type":"drawer","button_url":"","drawer_richtext":"<p>[description]<\/p>","drawer_page":""}},"4f41f466-653b-4675-91c2-051a7830a3cc":{"type":"popup-drawer","settings":{"button_text":"Delivery & Returns","button_type":"drawer","button_url":"","drawer_richtext":"<p>With the convenience of digital gift certificates, you can easily surprise someone with a special gift. All digital gift certificates are delivered by mail and can be printed or forwarded. This is a great way to show someone you care, celebrate a special occasion, or simply say thank you. With gift card delivery, you can show your appreciation in a thoughtful and convenient way.<\/p>","drawer_page":""}},"ab4932da-0d31-4117-a170-3d12f59976ca":{"type":"popup-drawer","settings":{"button_text":"Contact Us","button_type":"drawer","button_url":"","drawer_richtext":"<p>If you have any questions you can always reach us at hello@sahara.com<\/p><p>Or fill out our contact form <a href=\"https:\/\/sahara-theme.myshopify.com\/pages\/contact-us?_pos=1&_psq=contac&_ss=e&_v=1.0\" target=\"_blank\" title=\"https:\/\/sahara-theme.myshopify.com\/pages\/contact-us?_pos=1&_psq=contac&_ss=e&_v=1.0\">here<\/a>. <br\/><\/p>","drawer_page":""}},"94d964a1-0d79-4544-8288-24863da87e2d":{"type":"popup-drawer","disabled":true,"settings":{"button_text":"Model Measurments","button_type":"link","button_url":"shopify:\/\/collections","drawer_richtext":"<p>Bust: 89cm l U Bust: 73cm l Hips: 77cm | L Hips: 88cmModel wears size<strong>SMALL<\/strong> top and bottom<\/p>","drawer_page":""}}},"block_order":["fec25a48-cc42-4f7d-bbf5-215567a945e9","4f41f466-653b-4675-91c2-051a7830a3cc","ab4932da-0d31-4117-a170-3d12f59976ca","94d964a1-0d79-4544-8288-24863da87e2d"],"settings":{"padding_vertical_desktop":"pt-0-desktop","padding_vertical_mobile":"","color_scheme_text":"text-colors-default","color_scheme_background":"background-colors-default","title":"","content_type":"image","flip_desktop":false,"flip_mobile":true}},"recommendations":{"type":"product-recommendations","settings":{"padding_vertical_desktop":"","padding_vertical_mobile":"","color_scheme_text":"text-colors-default","color_scheme_background":"background-colors-accent-1","title":"You may also like","max_products":8,"show_unavailable_products":false}},"recently_viewed":{"type":"recently-viewed-products","disabled":true,"settings":{"padding_vertical_desktop":"pt-0-desktop","padding_vertical_mobile":"pt-0-mobile","color_scheme_text":"text-colors-default","color_scheme_background":"background-colors-accent-1","title":"Recently viewed","button_text":"","button_url":"","max_products":8,"show_unavailable_products":false}},"e86737b7-1cc0-43fc-8537-509199f13681":{"type":"trust-indicators","blocks":{"template--17423162900795__e86737b7-1cc0-43fc-8537-509199f13681-1673866949c520be61-0":{"type":"indicator","settings":{"color_scheme_text":"text-colors-default","color_scheme_background":"background-colors-default","title":"Fast and secure global shopping","link_title":"Learn more","link_url":"\/"}},"template--17423162900795__e86737b7-1cc0-43fc-8537-509199f13681-1673866949c520be61-1":{"type":"indicator","settings":{"color_scheme_text":"text-colors-default","color_scheme_background":"background-colors-default","title":"30 days return policy","link_title":"Learn more","link_url":"\/"}},"template--17423162900795__e86737b7-1cc0-43fc-8537-509199f13681-1673866949c520be61-2":{"type":"indicator","settings":{"color_scheme_text":"text-colors-default","color_scheme_background":"background-colors-default","title":"100% secure payments","link_title":"Learn more","link_url":"\/"}}},"block_order":["template--17423162900795__e86737b7-1cc0-43fc-8537-509199f13681-1673866949c520be61-0","template--17423162900795__e86737b7-1cc0-43fc-8537-509199f13681-1673866949c520be61-1","template--17423162900795__e86737b7-1cc0-43fc-8537-509199f13681-1673866949c520be61-2"],"settings":{"slider_mobile":true}}},"order":["main","977cac03-4044-4567-8907-fa55103a47eb","recommendations","recently_viewed","e86737b7-1cc0-43fc-8537-509199f13681"]}