{"parent":"product.bridal.json","context":{"market":"international"},"sections":{"main":{"disabled":false,"settings":{},"blocks":{"6dcccc13-e9c1-4a89-ac36-005fd7c27968":{"settings":{"custom_liquid":"<style>\n.bridal-preorder__popup {\nposition: fixed;\nwidth: 75vw;\nbackground: #fff;\nbox-shadow: 0px 5px 35px #00000060;\ntop: 50%;\nleft: 50%;\ntransform: translate(-50%, -50%);\nz-index: 3;\nbox-sizing: border-box;\npadding: 56px 48px;\ndisplay: none;\n}\n.bridal-popup_order_form {\nwidth: 50%;\nheight: 100%;\ndisplay: flex;\ngap: 50px;\nflex-direction: column;\nalign-items: center;\nfloat: right;\npadding: 24px;\n}\n.bridal-popup_order_form textarea {\nwidth: 100%;\nborder: 1px solid #e0d5d0; \npadding: 8px 16px;\nmax-height: 350px;\n}\n.bridal-popup_order_form button {\nwidth: 100%;\npadding: 8px;\ntext-transform: uppercase;\nborder: none;\ncolor: #fff;\nbackground: #8E7B70;\n}\n.bridal-popup_order_form input {\nwidth: 100%;\npadding: 8px 24px;\nborder: 1px solid #e0d5d0;\n}\n.bridal-popup__text{\nwidth: 50%;\nfloat: left;\npadding: 24px;\n}\n.bridal-popup__text h3 {\nmargin-top: 24px;\n}\n.bridal-popup__text p {\nmargin-top: 24px;\n}\n.closeBridalForm {\ncursor: pointer;\nheight: 30px;\nwidth: 30px;\nposition: absolute;\ntop: 20px;\nright: 20px;\npadding: 0;\ndisplay: block;\n}\n.closeBridalForm svg {\nfill: #8E7B70;\nmargin-top: -6px;\n<\/style>\n<div class=\"bridal-preorder__popup\">\n<div class=\"bridal-popup__text\">\n<h1>\nPreorder bridal Now\n<\/h1>\n<h3>\nLorem ipsum dolor sit amet, consectetur adipiscing elit. Sed quis euismod lectus. Nulla mattis vel ipsum ut sollicitudin.\n<\/h3>\n<p>\nClass aptent taciti sociosqu ad litora torquent per conubia nostra, per inceptos himenaeos. Phasellus facilisis est a massa rutrum, sit amet luctus nisl condimentum. Etiam faucibus, sem in hendrerit commodo, tellus magna malesuada risus, nec hendrerit diam mi in ex.\n<\/p>\n<\/div>\n<div class=\"bridal-popup_order_form\">\n<link rel=\"stylesheet\" href=\"{{- 'form-contact.css' | asset_url -}}\" media=\"print\" onload=\"this.media='all'\">\n<noscript>\n  {{- 'form-contact.css' | asset_url | stylesheet_tag -}}\n<\/noscript>\n\n<section class=\"form-contact {{ section.settings.color_scheme_text }} {{ section.settings.color_scheme_background }}\">\n  <div class=\"container container--small\">\n    {%- form 'contact', id: 'ContactForm' -%}\n      {%- if form.posted_successfully? -%}\n        <h3 class=\"h4\" tabindex=\"-1\" autofocus>{{- 'contact.form.success' | t -}}<\/h3><!-- \/.h4 -->\n      {%- elsif form.errors -%}\n        <div class=\"color-red\">\n          {{- form.errors | default_errors -}}\n        <\/div><!-- \/.color-red -->\n      {%- endif -%}\n\n      <div class=\"form-row form-row--double\">\n        {%-\n          liquid\n          assign label = 'contact.form.name' | t\n          assign placeholder = 'contact.form.name' | t\n          capture attr\n            echo 'autocomplete=\"name\"'\n          endcapture\n          if form.name\n            assign value = form.name\n          elsif customer\n            assign value = customer.name\n          else\n            assign value = ''\n          endif\n          render 'text-input', id: 'ContactForm-name', label: label, name: 'contact[Name]', placeholder: placeholder, attr: attr, value: value\n        -%}\n\n        {%-\n          liquid\n          assign label = 'contact.form.email' | t | append: ' <span class=\"color-red\" aria-hidden=\"true\">*<\/span>'\n          assign placeholder = 'contact.form.email' | t\n          capture attr\n            echo 'autocomplete=\"email\"'\n            echo 'spellcheck=\"false\"'\n            echo 'autocapitalize=\"off\"'\n            echo 'aria-required=\"true\"'\n          endcapture\n          if form.email\n            assign value = form.email\n          elsif customer\n            assign value = customer.email\n          else\n            assign value = ''\n          endif\n          if form.errors contains 'email'\n            assign error = form.errors.translated_fields['email'] | capitalize | append: ' ' | append: form.errors.messages['email']\n            assign has_error = true\n          endif\n          render 'text-input', id: 'ContactForm-email', type: 'email', label: label, name: 'contact[email]', placeholder: placeholder, attr: attr, value: value, has_error: has_error, message: error\n        -%}\n      <\/div><!-- \/.form-row form-row--double -->\n\n      <div class=\"form-row\">\n        {%-\n          liquid\n          assign label = 'contact.form.message' | t\n          assign placeholder = 'contact.form.message' | t\n          assign name = 'contact.form.message' | t\n          render 'textarea-input', id: 'ContactForm-body', label: label, name: name, placeholder: placeholder, body: form.body\n        -%}\n      <\/div><!-- \/.form-row -->\n\n      <div class=\"form-row form-row--actions\">\n        {%- assign value = 'contact.form.submit' | t -%}\n        {%- render 'button', type: 'submit', style: 'solid', value: value, class: 'button' -%}\n        {%- assign value = nil -%}\n      <\/div><!-- \/.form-row -->\n    {%- endform -%}\n  <\/div><!-- \/.container container--small -->\n<\/section><!-- \/.form-contact -->\n<\/div>\n<div class=\"closeBridalForm\">\n<svg viewBox=\"0 0 384 512\"><path d=\"M342.6 150.6c12.5-12.5 12.5-32.8 0-45.3s-32.8-12.5-45.3 0L192 210.7 86.6 105.4c-12.5-12.5-32.8-12.5-45.3 0s-12.5 32.8 0 45.3L146.7 256 41.4 361.4c-12.5 12.5-12.5 32.8 0 45.3s32.8 12.5 45.3 0L192 301.3 297.4 406.6c12.5 12.5 32.8 12.5 45.3 0s12.5-32.8 0-45.3L237.3 256 342.6 150.6z\"\/>\n<\/svg>\n<\/div>\n<\/div>"}}}}}}