[
  {
    "name": "theme_info",
    "theme_name": "Sahara",
    "theme_version": "1.0.2",
    "theme_author": "DigiFist",
    "theme_documentation_url": "https:\/\/www.digifist.com\/en\/help-center\/documentation\/theme\/sahara",
    "theme_support_url": "https:\/\/digifist.com\/"
  },
  {
    "name": "t:settings_schema.typography.name",
    "settings": [
      {
        "type": "header",
        "content": "t:settings_schema.typography.settings.header_heading.content"
      },
      {
        "type": "font_picker",
        "id": "type_heading_font",
        "default": "harmonia_sans_n4",
        "label": "t:settings_schema.typography.settings.type_heading_font.label"
      },
      {
        "type": "range",
        "id": "heading_font_scale",
        "min": 50,
        "max": 150,
        "step": 1,
        "unit": "%",
        "label": "t:settings_schema.typography.settings.heading_font_scale.label",
        "default": 100
      },
      {
        "type": "select",
        "id": "heading_letter_spacing",
        "label": "t:settings_schema.typography.settings.heading_letter_spacing.label",
        "options": [
          {
            "value": "0",
            "label": "t:settings_schema.typography.settings.heading_letter_spacing.options.normal.label"
          },
          {
            "value": "0.2rem",
            "label": "t:settings_schema.typography.settings.heading_letter_spacing.options.wide.label"
          },
          {
            "value": "-0.2rem",
            "label": "t:settings_schema.typography.settings.heading_letter_spacing.options.tight.label"
          }
        ],
        "default": "0"
      },
      {
        "type": "select",
        "id": "heading_text_transform",
        "label": "t:settings_schema.typography.settings.heading_text_transform.label",
        "options": [
          {
            "value": "none",
            "label": "t:settings_schema.typography.settings.heading_text_transform.options.none.label"
          },
          {
            "value": "uppercase",
            "label": "t:settings_schema.typography.settings.heading_text_transform.options.uppercase.label"
          },
          {
            "value": "lowercase",
            "label": "t:settings_schema.typography.settings.heading_text_transform.options.lowercase.label"
          },
          {
            "value": "capitalize",
            "label": "t:settings_schema.typography.settings.heading_text_transform.options.capitalize.label"
          }
        ],
        "default": "uppercase"
      },
      {
        "type": "header",
        "content": "t:settings_schema.typography.settings.header_body.content"
      },
      {
        "type": "font_picker",
        "id": "type_body_font",
        "default": "americana_n4",
        "label": "t:settings_schema.typography.settings.type_body_font.label"
      },
      {
        "type": "range",
        "id": "body_font_scale",
        "min": 50,
        "max": 150,
        "step": 1,
        "unit": "%",
        "label": "t:settings_schema.typography.settings.body_font_scale.label",
        "default": 100
      },
      {
        "type": "header",
        "content": "t:settings_schema.typography.settings.header_button.content"
      },
      {
        "type": "font_picker",
        "id": "type_button_font",
        "default": "harmonia_sans_n4",
        "label": "t:settings_schema.typography.settings.type_button_font.label"
      }
    ]
  },
  {
    "name": "t:settings_schema.colors.name",
    "settings": [
      {
        "type": "header",
        "content": "t:settings_schema.colors.settings.header_typography.content"
      },
      {
        "type": "color",
        "id": "color_heading_text",
        "label": "t:settings_schema.colors.settings.color_heading_text.label",
        "default": "#111"
      },
      {
        "type": "color",
        "id": "color_body_text",
        "label": "t:settings_schema.colors.settings.color_body_text.label",
        "default": "#5E5A59"
      },
      {
        "type": "color",
        "id": "color_text_primary",
        "label": "t:settings_schema.colors.settings.color_text_primary.label",
        "default": "#111111"
      },
      {
        "type": "color",
        "id": "color_text_secondary",
        "label": "t:settings_schema.colors.settings.color_text_secondary.label",
        "default": "#CD9B77"
      },
      {
        "type": "color",
        "id": "color_text_inverse",
        "label": "t:settings_schema.colors.settings.color_text_inverse.label",
        "default": "#FFFFFF"
      },
      {
        "type": "header",
        "content": "t:settings_schema.colors.settings.header_background.content"
      },
      {
        "type": "color",
        "id": "color_background_body",
        "label": "t:settings_schema.colors.settings.color_background_body.label",
        "default": "#FFFFFF"
      },
      {
        "type": "color",
        "id": "color_background_accent_1",
        "label": "t:settings_schema.colors.settings.color_background_accent_1.label",
        "default": "#F5EBDF"
      },
      {
        "type": "color",
        "id": "color_background_accent_2",
        "label": "t:settings_schema.colors.settings.color_background_accent_2.label",
        "default": "#CEDFDC"
      },
      {
        "type": "color",
        "id": "color_background_primary",
        "label": "t:settings_schema.colors.settings.color_background_primary.label",
        "default": "#000000"
      },
      {
        "type": "color",
        "id": "color_background_dark",
        "label": "t:settings_schema.colors.settings.color_background_dark.label",
        "default": "#333232"
      },
      {
        "type": "color",
        "id": "color_background_light",
        "label": "t:settings_schema.colors.settings.color_background_light.label",
        "default": "#E6E2E1"
      },
      {
        "type": "color",
        "id": "color_background_inverse",
        "label": "t:settings_schema.colors.settings.color_background_inverse.label",
        "default": "#FFFFFF"
      },
      {
        "type": "header",
        "content": "t:settings_schema.colors.settings.header_border.content"
      },
      {
        "type": "color",
        "id": "color_border_dark",
        "label": "t:settings_schema.colors.settings.color_border_dark.label",
        "default": "#333232"
      },
      {
        "type": "color",
        "id": "color_border_light",
        "label": "t:settings_schema.colors.settings.color_border_light.label",
        "default": "#9E9A99"
      },
      {
        "type": "header",
        "content": "t:settings_schema.colors.settings.header_button.content"
      },
      {
        "type": "color",
        "id": "color_button_filled_text",
        "label": "t:settings_schema.colors.settings.color_button_filled_text.label",
        "default": "#FFFFFF"
      },
      {
        "type": "color",
        "id": "color_button_filled_background",
        "label": "t:settings_schema.colors.settings.color_button_filled_background.label",
        "default": "#111111"
      },
      {
        "type": "color",
        "id": "color_button_outlined_text",
        "label": "t:settings_schema.colors.settings.color_button_outlined_text.label",
        "default": "#111111"
      },
      {
        "type": "color",
        "id": "color_button_outlined_background",
        "label": "t:settings_schema.colors.settings.color_button_outlined_background.label",
        "default": "#FFFFFF"
      },
      {
        "type": "header",
        "content": "t:settings_schema.colors.settings.header_other.content"
      },
      {
        "type": "color",
        "id": "color_link",
        "label": "t:settings_schema.colors.settings.color_link.label",
        "default": "#333232"
      },
      {
        "type": "color",
        "id": "color_tags",
        "label": "t:settings_schema.colors.settings.color_tags.label",
        "default": "#111111"
      },
      {
        "type": "color",
        "id": "color_progressbar",
        "label": "t:settings_schema.colors.settings.color_progressbar.label",
        "default": "#CD9B77"
      },
      {
        "type": "color",
        "id": "color_image_background",
        "label": "t:settings_schema.colors.settings.color_image_background.label",
        "default": "#F5EBDF"
      },
      {
        "type": "color",
        "id": "color_popup_background",
        "label": "t:settings_schema.colors.settings.color_popup_background.label",
        "default": "#fff"
      },
      {
        "type": "color",
        "id": "color_border_elements",
        "label": "t:settings_schema.colors.settings.color_border_elements.label",
        "default": "#E6E2E1"
      },
      {
        "type": "color",
        "id": "color_tag_text",
        "label": "t:settings_schema.colors.settings.color_tag_text.label",
        "default": "#111"
      },
      {
        "type": "color",
        "id": "color_tag_background",
        "label": "t:settings_schema.colors.settings.color_tag_background.label",
        "info": "t:settings_schema.colors.settings.color_tag_background.info",
        "default": "#fff"
      }
    ]
  },
  {
    "name": "t:settings_schema.products.name",
    "settings": [
      {
        "type": "header",
        "content": "t:settings_schema.products.settings.header_products_grid.content"
      },
      {
        "type": "checkbox",
        "id": "product_swatches_on_card",
        "label": "t:settings_schema.products.settings.product_swatches_on_card.label",
        "info": "t:settings_schema.products.settings.product_swatches_on_card.info",
        "default": true
      },
      {
        "type": "radio",
        "id": "quick_add_to_cart",
        "label": "t:settings_schema.products.settings.quick_add_to_cart.label",
        "options": [
          {
            "value": "with_variant",
            "label": "t:settings_schema.products.settings.quick_add_to_cart.options.with_variant.label"
          },
          {
            "value": "basic_button",
            "label": "t:settings_schema.products.settings.quick_add_to_cart.options.basic_button.label"
          },
          {
            "value": "no_button",
            "label": "t:settings_schema.products.settings.quick_add_to_cart.options.no_button.label"
          }
        ],
        "default": "with_variant"
      },
      {
        "type": "select",
        "id": "card_product_layout",
        "label": "t:sections.global.settings.card_product_layout.label",
        "options": [
          {
            "value": "card-product__layout--standard",
            "label": "t:sections.global.settings.card_product_layout.options.standard.label"
          },
          {
            "value": "card-product__layout--compact",
            "label": "t:sections.global.settings.card_product_layout.options.compact.label"
          }
        ],
        "default": "card-product__layout--standard"
      },
      {
        "type": "select",
        "id": "card_product_image_ratio",
        "label": "t:settings_schema.products.settings.card_product_image_ratio.label",
        "options": [
          {
            "value": "0",
            "label": "t:settings_schema.products.settings.card_product_image_ratio.options.auto.label"
          },
          {
            "value": "100%",
            "label": "t:settings_schema.products.settings.card_product_image_ratio.options.square.label"
          },
          {
            "value": "136.54%",
            "label": "t:settings_schema.products.settings.card_product_image_ratio.options.portrait.label"
          }
        ],
        "default": "136.54%"
      },
      {
        "type": "header",
        "content": "t:settings_schema.products.settings.header_badges.content"
      },
      {
        "type": "select",
        "id": "product_badge_style",
        "label": "t:settings_schema.products.settings.product_badge_style.label",
        "options": [
          {
            "value": "",
            "label": "t:settings_schema.products.settings.product_badge_style.options.square.label"
          },
          {
            "value": "badge--round",
            "label": "t:settings_schema.products.settings.product_badge_style.options.round.label"
          },
          {
            "value": "badge--transparent",
            "label": "t:settings_schema.products.settings.product_badge_style.options.none.label"
          }
        ],
        "default": "badge--transparent"
      },
      {
        "type": "select",
        "id": "product_swatch_style",
        "label": "t:settings_schema.products.settings.product_swatch_style.label",
        "options": [
          {
            "value": "swatch--square",
            "label": "t:settings_schema.products.settings.product_swatch_style.options.square.label"
          },
          {
            "value": "swatch--round",
            "label": "t:settings_schema.products.settings.product_swatch_style.options.round.label"
          }
        ],
        "default": "swatch--square"
      }
    ]
  },
  {
    "name": "t:settings_schema.buttons.name",
    "settings": [
      {
        "type": "select",
        "id": "button_primary_style",
        "label": "t:settings_schema.buttons.settings.button_primary_style.label",
        "options": [
          {
            "value": "button--filled",
            "label": "t:settings_schema.buttons.settings.button_primary_style.options.filled"
          },
          {
            "value": "button--outlined",
            "label": "t:settings_schema.buttons.settings.button_primary_style.options.outlined"
          }
        ],
        "default": "button--outlined"
      },
      {
        "type": "select",
        "id": "button_secondary_style",
        "label": "t:settings_schema.buttons.settings.button_secondary_style.label",
        "options": [
          {
            "value": "button--filled",
            "label": "t:settings_schema.buttons.settings.button_secondary_style.options.filled"
          },
          {
            "value": "button--outlined",
            "label": "t:settings_schema.buttons.settings.button_secondary_style.options.outlined"
          }
        ],
        "default": "button--filled"
      },
      {
        "type": "select",
        "id": "button_border_radius",
        "label": "t:settings_schema.buttons.settings.button_border_radius.label",
        "options": [
          {
            "value": "0",
            "label": "t:settings_schema.buttons.settings.button_border_radius.options.none"
          },
          {
            "value": "5rem",
            "label": "t:settings_schema.buttons.settings.button_border_radius.options.5rem"
          }
        ],
        "default": "0"
      },
      {
        "type": "select",
        "id": "button_text_transform",
        "label": "t:settings_schema.buttons.settings.button_text_transform.label",
        "options": [
          {
            "value": "none",
            "label": "t:settings_schema.buttons.settings.button_text_transform.options.none"
          },
          {
            "value": "button--capitalize",
            "label": "t:settings_schema.buttons.settings.button_text_transform.options.capitalize"
          },
          {
            "value": "button--uppercase",
            "label": "t:settings_schema.buttons.settings.button_text_transform.options.uppercase"
          },
          {
            "value": "button--lowercase",
            "label": "t:settings_schema.buttons.settings.button_text_transform.options.lowercase"
          }
        ],
        "default": "button--uppercase"
      },
      {
        "type": "select",
        "id": "input_border_radius",
        "label": "t:settings_schema.buttons.settings.input_border_radius.label",
        "options": [
          {
            "value": "0",
            "label": "t:settings_schema.buttons.settings.input_border_radius.options.none"
          },
          {
            "value": "6rem",
            "label": "t:settings_schema.buttons.settings.input_border_radius.options.rounded"
          }
        ],
        "default": "0"
      }
    ]
  },
  {
    "name": "t:settings_schema.swatches.name",
    "settings": [
      {
        "type": "text",
        "id": "swatches_option",
        "label": "t:settings_schema.swatches.settings.swatches_option.label",
        "default": "Color",
        "info": "t:settings_schema.swatches.settings.swatches_option.info"
      },
      {
        "type": "textarea",
        "id": "swatches_hex_codes",
        "info": "t:settings_schema.swatches.settings.swatches_hex_codes.info",
        "label": "t:settings_schema.swatches.settings.swatches_hex_codes.label"
      },
      {
        "type": "text",
        "id": "sizes_option",
        "label": "t:settings_schema.swatches.settings.sizes_option.label",
        "default": "Size",
        "info": "t:settings_schema.swatches.settings.sizes_option.info"
      }
    ]
  },
  {
    "name": "t:settings_schema.social_media.name",
    "settings": [
      {
        "type": "text",
        "id": "social_twitter_link",
        "label": "t:settings_schema.social_media.settings.social_twitter_link.label"
      },
      {
        "type": "text",
        "id": "social_pinterest_link",
        "label": "t:settings_schema.social_media.settings.social_pinterest_link.label"
      },
      {
        "type": "text",
        "id": "social_linkedin_link",
        "label": "t:settings_schema.social_media.settings.social_linkedin_link.label"
      },
      {
        "type": "text",
        "id": "social_instagram_link",
        "label": "t:settings_schema.social_media.settings.social_instagram_link.label"
      },
      {
        "type": "text",
        "id": "social_facebook_link",
        "label": "t:settings_schema.social_media.settings.social_facebook_link.label"
      },
      {
        "type": "text",
        "id": "social_youtube_link",
        "label": "t:settings_schema.social_media.settings.social_youtube_link.label"
      },
      {
        "type": "text",
        "id": "social_vimeo_link",
        "label": "t:settings_schema.social_media.settings.social_vimeo_link.label"
      },
      {
        "type": "text",
        "id": "social_tiktok_link",
        "label": "t:settings_schema.social_media.settings.social_tiktok_link.label"
      },
      {
        "type": "text",
        "id": "social_snapchat_link",
        "label": "t:settings_schema.social_media.settings.social_snapchat_link.label"
      },
      {
        "type": "text",
        "id": "social_tumblr_link",
        "label": "t:settings_schema.social_media.settings.social_tumblr_link.label"
      },
      {
        "type": "header",
        "content": "t:settings_schema.social_media.settings.header_sharing_options.content"
      },
      {
        "type": "checkbox",
        "id": "share_twitter",
        "label": "t:settings_schema.social_media.settings.share_twitter.label",
        "default": true
      },
      {
        "type": "checkbox",
        "id": "share_pinterest",
        "label": "t:settings_schema.social_media.settings.share_pinterest.label",
        "default": true
      },
      {
        "type": "checkbox",
        "id": "share_linkedin",
        "label": "t:settings_schema.social_media.settings.share_linkedin.label",
        "default": true
      },
      {
        "type": "checkbox",
        "id": "share_instagram",
        "label": "t:settings_schema.social_media.settings.share_instagram.label",
        "default": true
      },
      {
        "type": "checkbox",
        "id": "share_facebook",
        "label": "t:settings_schema.social_media.settings.share_facebook.label",
        "default": true
      }
    ]
  },
  {
    "name": "t:settings_schema.favicon.name",
    "settings": [
      {
        "type": "image_picker",
        "id": "favicon",
        "label": "t:settings_schema.favicon.settings.favicon.label"
      }
    ]
  },
  {
    "name": "t:settings_schema.country_drawer.name",
    "settings": [
      {
        "type": "text",
        "id": "country_drawer_title",
        "label": "t:settings_schema.country_drawer.settings.country_drawer_title.label"
      },
      {
        "type": "richtext",
        "id": "country_drawer_content",
        "label": "t:settings_schema.country_drawer.settings.country_drawer_content.label"
      }
    ]
  },
  {
    "name": "t:settings_schema.predictive_search.name",
    "settings": [
      {
        "type": "checkbox",
        "id": "predictive_search_enabled",
        "label": "t:settings_schema.predictive_search.settings.predictive_search_enabled.label",
        "default": true
      },
      {
        "type": "range",
        "id": "predictive_search_column_gap_desktop",
        "label": "t:sections.global.settings.column_gap_desktop.label",
        "min": 0.2,
        "max": 3.2,
        "step": 0.2,
        "default": 0.2
      },
      {
        "type": "range",
        "id": "predictive_search_column_gap_mobile",
        "label": "t:sections.global.settings.column_gap_mobile.label",
        "min": 0.2,
        "max": 3.2,
        "step": 0.2,
        "default": 0.2
      }
    ]
  },
  {
    "name": "t:settings_schema.cart.name",
    "settings": [
      {
        "type": "header",
        "content": "t:settings_schema.cart.settings.header_global.content"
      },
      {
        "type": "checkbox",
        "id": "enable_shipping_notification",
        "label": "t:settings_schema.cart.settings.enable_shipping_notification.label",
        "default": false,
        "info": "t:settings_schema.cart.settings.enable_shipping_notification.info"
      },
      {
        "type": "text",
        "id": "shipping_notification_threshold",
        "label": "t:settings_schema.cart.settings.shipping_notification_threshold.label",
        "info": "t:settings_schema.cart.settings.shipping_notification_threshold.info"
      },
      {
        "type": "header",
        "content": "t:settings_schema.cart.settings.header_cart_page.content"
      },
      {
        "type": "richtext",
        "id": "cart_terms",
        "label": "t:settings_schema.cart.settings.cart_terms.label",
        "info": "t:settings_schema.cart.settings.cart_terms.info"
      },
      {
        "type": "checkbox",
        "id": "enable_dynamic_checkout",
        "label": "t:settings_schema.cart.settings.enable_dynamic_checkout.label",
        "default": true,
        "info": "t:settings_schema.cart.settings.enable_dynamic_checkout.info"
      },
      {
        "type": "header",
        "content": "t:settings_schema.cart.settings.header_upsell.content"
      },
      {
        "type": "checkbox",
        "id": "enable_cart_upsell",
        "label": "t:settings_schema.cart.settings.enable_cart_upsell.label",
        "info": "t:settings_schema.cart.settings.enable_cart_upsell.info",
        "default": true
      },
      {
        "type": "text",
        "id": "cart_upsell_title",
        "label": "t:settings_schema.cart.settings.cart_upsell_title.label",
        "default": "Complete with..."
      },
      {
        "type": "checkbox",
        "id": "enable_cart_note",
        "label": "t:settings_schema.cart.settings.enable_cart_note.label",
        "default": true
      }
    ]
  },
  {
    "name": "t:settings_schema.theme_style_specs.name",
    "settings": [
      {
        "type": "select",
        "id": "theme_style_name",
        "label": "t:settings_schema.theme_style_specs.settings.theme_style_name.label",
        "options": [
          {
            "value": "sahara",
            "label": "t:settings_schema.theme_style_specs.settings.theme_style_name.options.sahara.label"
          },
          {
            "value": "mirage",
            "label": "t:settings_schema.theme_style_specs.settings.theme_style_name.options.mirage.label"
          }
        ],
        "default": "sahara",
        "info": "t:settings_schema.theme_style_specs.settings.theme_style_name.info"
      },
      {
        "type": "checkbox",
        "id": "disable_animations_on_mobile",
        "label": "t:settings_schema.theme_style_specs.settings.disable_animations_on_mobile.label",
        "info": "t:settings_schema.theme_style_specs.settings.disable_animations_on_mobile.info",
        "default": false
      }
    ]
  }
]
